{
"type": "FeatureCollection",
"name": "Elementary_School_Districts",
"crs": { "type": "name", "properties": { "name": "urn:ogc:def:crs:OGC:1.3:CRS84" } },
"features": [
{ "type": "Feature", "properties": { "OBJECTID": 1, "Id": 0, "Name": "AROMAS - SAN JUAN UNIFIED", "Address": "2300 SAN JUAN HWY, SAN JUAN BAUTISTA, CA 95045", "Phone": "831-623-4500", "Fax": "831-623-4907", "Webpage": "http://www.asjusd.k12.ca.us", "GlobalID": "7ac82bc9-d7cc-4354-93a2-3b8fd381908c", "Shape__Area": 2947576593.5966802, "Shape__Length": 349046.21796934801 }, "geometry": { "type": "Polygon", "coordinates": [ [ [ -121.64117037506, 36.946897912273897 ], [ -121.639402314383005, 36.946573020232101 ], [ -121.637429519777001, 36.9468894678986 ], [ -121.634119975141004, 36.9462345591526 ], [ -121.632822823129999, 36.9447619667787 ], [ -121.629891208619995, 36.943552753201402 ], [ -121.627214941424995, 36.941519052364399 ], [ -121.625077875897006, 36.940337759419599 ], [ -121.624393698562997, 36.9402163045986 ], [ -121.617163459912007, 36.934233670673997 ], [ -121.608713035294997, 36.927321961150703 ], [ -121.607311139813007, 36.926078833637 ], [ -121.590373209564007, 36.926173971306703 ], [ -121.590196141275001, 36.919217976231003 ], [ -121.581245191487, 36.919229565556002 ], [ -121.581430582517996, 36.899412145083197 ], [ -121.581210198261005, 36.899322496573397 ], [ -121.580598095034006, 36.899073500377298 ], [ -121.580295094910994, 36.898625707730602 ], [ -121.579088203221005, 36.896842025178103 ], [ -121.578681803156996, 36.896241379972601 ], [ -121.578480349981007, 36.895943633895101 ], [ -121.578384013375995, 36.895801249910903 ], [ -121.577881483072005, 36.895058501133803 ], [ -121.576776977479994, 36.894199612237003 ], [ -121.576251549215996, 36.893791016566297 ], [ -121.576040545002996, 36.893626929077499 ], [ -121.574590508989004, 36.8935516960711 ], [ -121.573976637155994, 36.893519841279499 ], [ -121.573621343309, 36.893822817440501 ], [ -121.573354331407998, 36.894517054620302 ], [ -121.573156036572996, 36.8948833011085 ], [ -121.572911810356999, 36.895245747177498 ], [ -121.572606617071003, 36.895665330619302 ], [ -121.572087928987003, 36.896157392498203 ], [ -121.571653074622006, 36.8963672398366 ], [ -121.571424102522997, 36.896538902802298 ], [ -121.570905313810997, 36.896733485256597 ], [ -121.570462865080998, 36.8967829947008 ], [ -121.570150028642999, 36.896790652884398 ], [ -121.569516825028998, 36.8968058861618 ], [ -121.568303738946, 36.896920308834197 ], [ -121.567830694807995, 36.896870786421999 ], [ -121.567243165277006, 36.896893680618902 ], [ -121.566571862195005, 36.896870801162798 ], [ -121.566335288575004, 36.896832630420803 ], [ -121.565587621412007, 36.896790689852097 ], [ -121.565122276330001, 36.896760129610598 ], [ -121.563939759582993, 36.896607581500199 ], [ -121.563718485535006, 36.896542748469798 ], [ -121.563291198005004, 36.896466419865298 ], [ -121.563085153947995, 36.896382488869001 ], [ -121.562760854641994, 36.896394086627801 ], [ -121.562190149073999, 36.896527173267103 ], [ -121.561257377334002, 36.896744685051999 ], [ -121.561063559505996, 36.897042543590103 ], [ -121.560688234571998, 36.897619338318002 ], [ -121.560525521900999, 36.898903484792001 ], [ -121.560427819476004, 36.899972925486502 ], [ -121.560654319712995, 36.900936047072904 ], [ -121.560495168157999, 36.902598031720601 ], [ -121.560008815065999, 36.903598488140297 ], [ -121.558749006140999, 36.906545780934799 ], [ -121.558832945698001, 36.907120967083301 ], [ -121.558865868154996, 36.907695515967802 ], [ -121.558820434284996, 36.909167901656303 ], [ -121.558258805852006, 36.9103540158738 ], [ -121.557704592795005, 36.910775929349697 ], [ -121.556292828799002, 36.911850648576397 ], [ -121.552922818978004, 36.915292400623201 ], [ -121.551165545141004, 36.915627351623201 ], [ -121.550301298750995, 36.916051900573798 ], [ -121.549932313843001, 36.916233156220201 ], [ -121.548561375608003, 36.916895344221103 ], [ -121.548465763880998, 36.916933105651097 ], [ -121.546635889854002, 36.917758358228703 ], [ -121.546532165331001, 36.917819963905998 ], [ -121.545873808517996, 36.9181204350919 ], [ -121.545245817061996, 36.9185462631322 ], [ -121.544881508640003, 36.918904484450898 ], [ -121.544732768795996, 36.918962727600501 ], [ -121.544423682493999, 36.919083755709103 ], [ -121.543431891701999, 36.919137174992898 ], [ -121.542836811068, 36.919228698393802 ], [ -121.542562159840003, 36.919316496518299 ], [ -121.541951821303002, 36.919625424844597 ], [ -121.541310898874002, 36.919984055977999 ], [ -121.541150684841, 36.920071800417702 ], [ -121.540944728479005, 36.920182365057499 ], [ -121.540578427751001, 36.920296815504202 ], [ -121.540395413043001, 36.920418867549799 ], [ -121.540196975442001, 36.9205066582184 ], [ -121.539975780234002, 36.920697410699503 ], [ -121.539670590803993, 36.921036911043998 ], [ -121.539495058808996, 36.921261980992398 ], [ -121.538968600323997, 36.9220439927496 ], [ -121.538930469109999, 36.922192683485903 ], [ -121.538892382664002, 36.922349113106002 ], [ -121.538953399958999, 36.922658117710398 ], [ -121.538999199551, 36.923020498422098 ], [ -121.539105965556004, 36.923257015953801 ], [ -121.539418781698998, 36.923630862647798 ], [ -121.539632450574999, 36.923783479730098 ], [ -121.540013942287004, 36.924122960862903 ], [ -121.540189443114997, 36.924245029774703 ], [ -121.540403016211997, 36.924420501132502 ], [ -121.540555545757996, 36.924596045646702 ], [ -121.540769220420998, 36.9249812574065 ], [ -121.540868414637004, 36.925370385773299 ], [ -121.540700555981005, 36.925591668442898 ], [ -121.540288569644005, 36.925915912376297 ], [ -121.539868950460999, 36.926091337860399 ], [ -121.539640032592004, 36.926301175429401 ], [ -121.539495137358003, 36.9265185584146 ], [ -121.539395928683007, 36.927147991031902 ], [ -121.539380659802006, 36.927182291773498 ], [ -121.539327317835003, 36.9273349598447 ], [ -121.539128902030001, 36.927491311965198 ], [ -121.538861847646999, 36.927617242889497 ], [ -121.538587151841995, 36.927632508512701 ], [ -121.538213376063993, 36.927724012405001 ], [ -121.538037858045996, 36.927823198957597 ], [ -121.537854771731006, 36.927926172369297 ], [ -121.537702253831995, 36.9280674403688 ], [ -121.537297851339005, 36.928273342301601 ], [ -121.536893439414996, 36.928651012251102 ], [ -121.536511989532002, 36.928891345733703 ], [ -121.536176345653999, 36.929211794583601 ], [ -121.535977968574002, 36.929326211279303 ], [ -121.535481971337006, 36.929551289985902 ], [ -121.535031840618004, 36.929898414086097 ], [ -121.534917420995995, 36.930222649808897 ], [ -121.534513055085, 36.930848292897601 ], [ -121.534299475186998, 36.931061879707897 ], [ -121.534101169447993, 36.931180161477997 ], [ -121.533429755797002, 36.931477685765998 ], [ -121.532819417328, 36.931821026014902 ], [ -121.532270081262993, 36.932011779872397 ], [ -121.531835261325, 36.9321719864461 ], [ -121.531652118840995, 36.932278729906201 ], [ -121.531560507503002, 36.932324544196902 ], [ -121.531316435969003, 36.932381776624801 ], [ -121.530896773424004, 36.932580114591097 ], [ -121.530767093853996, 36.932645045765497 ], [ -121.530095708074995, 36.932973054124901 ], [ -121.529637886448995, 36.933247732254998 ], [ -121.529431957035001, 36.933362144934598 ], [ -121.529180197025994, 36.933568117152902 ], [ -121.528722411250996, 36.934224301439599 ], [ -121.528493568063993, 36.934468486605603 ], [ -121.528310428123007, 36.9345981700029 ], [ -121.528134943181996, 36.934823220135499 ], [ -121.527898404347994, 36.934975815841 ], [ -121.527661865558997, 36.9352847936985 ], [ -121.526982881761995, 36.935784560269703 ], [ -121.526759152810001, 36.935914478441902 ], [ -121.526464060460995, 36.936085835743199 ], [ -121.525998714438003, 36.936284205611699 ], [ -121.525769878109998, 36.936333851548603 ], [ -121.525403559235002, 36.936463549029298 ], [ -121.525121382185006, 36.936589373211199 ], [ -121.524892493327002, 36.936692375903 ], [ -121.524312584236995, 36.936947999301999 ], [ -121.524098906771997, 36.937047115088902 ], [ -121.523694595541997, 36.937306595529698 ], [ -121.523381880577006, 36.937642277524297 ], [ -121.523275034471993, 36.937848262174903 ], [ -121.523229311912004, 36.937975881249201 ], [ -121.523091891326999, 36.938359444979604 ], [ -121.523061357372001, 36.938569217489203 ], [ -121.523000382806998, 36.938943051913803 ], [ -121.522870690882002, 36.939377965154797 ], [ -121.522657054627999, 36.939770858274898 ], [ -121.522512077117, 36.939965364938601 ], [ -121.522176443125005, 36.940297288848697 ], [ -121.521978058086006, 36.940419328957802 ], [ -121.521710931764005, 36.940640598224697 ], [ -121.521459233561004, 36.940739747815996 ], [ -121.521077806617996, 36.941025917356399 ], [ -121.520757369018, 36.941331099037903 ], [ -121.520200353763002, 36.9416934821393 ], [ -121.519719747848995, 36.941918564474797 ], [ -121.519437433381, 36.942055804016 ], [ -121.519055905965004, 36.942113063208701 ], [ -121.518750753968007, 36.942120754559902 ], [ -121.518514314651, 36.9421512282903 ], [ -121.518293035211997, 36.9422199280096 ], [ -121.517911554814006, 36.942307686378598 ], [ -121.517430932812999, 36.942521242796502 ], [ -121.517224889039994, 36.942856980783503 ], [ -121.517095249096997, 36.943020962014401 ], [ -121.516858703121002, 36.943833525049598 ], [ -121.516515350543997, 36.944298878470903 ], [ -121.516065248003002, 36.944577363045902 ], [ -121.515859281179004, 36.944619318365298 ], [ -121.515668532565996, 36.944657480044498 ], [ -121.515027590407996, 36.944710936890402 ], [ -121.514592730142994, 36.944852003486503 ], [ -121.513997630424001, 36.945393719232499 ], [ -121.513791679066998, 36.945622556008203 ], [ -121.513646683553006, 36.945862940850198 ], [ -121.513593383772999, 36.946004076778102 ], [ -121.513509446534997, 36.946232974148899 ], [ -121.513219497733999, 36.946625922845897 ], [ -121.512807430527005, 36.9470760360309 ], [ -121.512647283066997, 36.947312564054101 ], [ -121.512395551492006, 36.947812186218798 ], [ -121.512339521086005, 36.947952148322599 ], [ -121.512267552302006, 36.948108475373601 ], [ -121.512106259457994, 36.9480605985907 ], [ -121.511992923421005, 36.948032897494102 ], [ -121.511758366926003, 36.947965629034599 ], [ -121.511470202598005, 36.9478633892871 ], [ -121.511052350335007, 36.947691676764002 ], [ -121.510634892773993, 36.9475319869196 ], [ -121.510270260979993, 36.947383219564003 ], [ -121.509896965329006, 36.947198536630196 ], [ -121.509509082045, 36.947026190060399 ], [ -121.508816692956998, 36.946709826552798 ], [ -121.508405447933001, 36.946515132112303 ], [ -121.508074624304996, 36.946205079875902 ], [ -121.504096128496997, 36.942952714043699 ], [ -121.502349058161002, 36.941529776705302 ], [ -121.501908834906004, 36.941171214922697 ], [ -121.500972637450005, 36.940408666039801 ], [ -121.500576394267, 36.940085913527298 ], [ -121.500156210617007, 36.9397436554449 ], [ -121.499832605416998, 36.939480060723199 ], [ -121.493965000325005, 36.9347001115514 ], [ -121.493831990410996, 36.934591746735101 ], [ -121.492362686453006, 36.933394658416901 ], [ -121.489969621979995, 36.931444833186099 ], [ -121.485979863525998, 36.928193724957602 ], [ -121.478055175902995, 36.921734969333698 ], [ -121.474484586087996, 36.918824348699999 ], [ -121.473907877640997, 36.918354205634699 ], [ -121.466864260215004, 36.912611426020497 ], [ -121.467100131151994, 36.912520858442903 ], [ -121.467495102621001, 36.912366601263599 ], [ -121.470420100485001, 36.911224172599297 ], [ -121.470879701922996, 36.911044655304899 ], [ -121.477597935367001, 36.908420250064097 ], [ -121.479757363307996, 36.907576573894097 ], [ -121.479833495072, 36.907492431181304 ], [ -121.479942316411993, 36.907372159484503 ], [ -121.479980944119006, 36.907329465691099 ], [ -121.481177249897996, 36.905551287785997 ], [ -121.481437066934006, 36.905165085875097 ], [ -121.482423550318003, 36.903698698670702 ], [ -121.484156934322996, 36.901121902093301 ], [ -121.484709165173001, 36.900300928603201 ], [ -121.484863676133998, 36.900071222677099 ], [ -121.485295044243003, 36.8994299140059 ], [ -121.486092822006995, 36.898213326935497 ], [ -121.486783989201001, 36.897159282992298 ], [ -121.487355865287995, 36.896287134443703 ], [ -121.490370420049999, 36.891738010132698 ], [ -121.491247886850005, 36.8904137496964 ], [ -121.495182762927996, 36.884474648313997 ], [ -121.486115349144001, 36.880013183569602 ], [ -121.481761192307999, 36.883635949585504 ], [ -121.475205776524007, 36.879598365006203 ], [ -121.473177040964003, 36.878348674221002 ], [ -121.472967782390995, 36.877011698695 ], [ -121.472890341031004, 36.876516902406998 ], [ -121.472464540654002, 36.873796237045802 ], [ -121.470347178241994, 36.870964927344197 ], [ -121.469231697956999, 36.870448092725397 ], [ -121.468855485681999, 36.8696244406418 ], [ -121.468842790546006, 36.868286443901702 ], [ -121.462731716619999, 36.871190845307702 ], [ -121.462783530191999, 36.8720776056646 ], [ -121.463619530971997, 36.874679210368797 ], [ -121.463626527344999, 36.875956563061401 ], [ -121.465571660197, 36.878313450862301 ], [ -121.465372380112996, 36.878270813694897 ], [ -121.462881263585999, 36.879269951134802 ], [ -121.458926410196995, 36.879261157892898 ], [ -121.455142583611007, 36.879252622283197 ], [ -121.454690771166, 36.8786767992056 ], [ -121.452011813507994, 36.876589622042196 ], [ -121.446625512335999, 36.8820693989014 ], [ -121.443150487872003, 36.880306057551202 ], [ -121.436313081801998, 36.887413090519097 ], [ -121.432850290920996, 36.884589243248399 ], [ -121.439164496030003, 36.878320581338301 ], [ -121.439190705288993, 36.878233704182101 ], [ -121.437506101913002, 36.877276942746803 ], [ -121.436861549891006, 36.876910860071099 ], [ -121.431964734884005, 36.873433021565901 ], [ -121.433881941891002, 36.871101347416001 ], [ -121.434711952488001, 36.870091847928798 ], [ -121.435538565623006, 36.869195786827603 ], [ -121.435652923217006, 36.869016496775302 ], [ -121.436464674844004, 36.867743817708202 ], [ -121.436607556351007, 36.867519801615899 ], [ -121.436847155161999, 36.867144142866998 ], [ -121.437209151424995, 36.866576574428798 ], [ -121.438345031750998, 36.864795577460903 ], [ -121.439336577549, 36.863240812641202 ], [ -121.439641246481003, 36.862763071417497 ], [ -121.439865766382994, 36.862411004841803 ], [ -121.439949577757005, 36.862279579939901 ], [ -121.440060524469004, 36.862166649209499 ], [ -121.440029556921004, 36.862157068235199 ], [ -121.440063366244999, 36.862102341938403 ], [ -121.440272328587, 36.861764091213097 ], [ -121.440313872629005, 36.861696843624898 ], [ -121.441615932895004, 36.859589104914598 ], [ -121.441905796857995, 36.8591198625479 ], [ -121.442428791222994, 36.858273204702499 ], [ -121.443160546851004, 36.857088555724602 ], [ -121.443444492848002, 36.856629977740802 ], [ -121.443862228857, 36.8559553146561 ], [ -121.444208612105996, 36.855395879648697 ], [ -121.444370220091002, 36.855134866531998 ], [ -121.445029081648002, 36.854070721789597 ], [ -121.445383245311007, 36.8534986899584 ], [ -121.445842287206005, 36.8527572471829 ], [ -121.446041112840007, 36.852333892079002 ], [ -121.446340007082995, 36.851847188614499 ], [ -121.446516639999004, 36.851559563909802 ], [ -121.446596502415005, 36.851429516079598 ], [ -121.446730978652994, 36.851210536523404 ], [ -121.446831052719006, 36.851047576643602 ], [ -121.446832814790994, 36.851044708220101 ], [ -121.448032028865995, 36.849091848472298 ], [ -121.448078291865997, 36.8490165097042 ], [ -121.448154802258003, 36.848891913660999 ], [ -121.448212643459996, 36.848797718237897 ], [ -121.448803797104006, 36.8478350048699 ], [ -121.448834864912001, 36.8477844090785 ], [ -121.448865113587004, 36.847735147079199 ], [ -121.447133808355005, 36.847051352269901 ], [ -121.446824942259994, 36.846933772038298 ], [ -121.446752831091004, 36.847047767241797 ], [ -121.444762385261001, 36.846236302309499 ], [ -121.443516410393997, 36.845730300943202 ], [ -121.443152357309003, 36.845582450936597 ], [ -121.440414437146003, 36.844495380971203 ], [ -121.440125949445004, 36.844380833545003 ], [ -121.436965699720005, 36.843125953042197 ], [ -121.436695850305995, 36.842465640401301 ], [ -121.436673351943, 36.842410584794997 ], [ -121.436339983024993, 36.841542012828 ], [ -121.436678381129994, 36.8414120666801 ], [ -121.437952593730998, 36.840922749250502 ], [ -121.438353049400007, 36.840768963200297 ], [ -121.438883249168995, 36.840565349944001 ], [ -121.440236791947996, 36.839108138022802 ], [ -121.440419175784001, 36.8387158767841 ], [ -121.440890179421999, 36.8377028485301 ], [ -121.440896484017003, 36.837689289070099 ], [ -121.440982600539002, 36.837537471164801 ], [ -121.441363355956994, 36.836866220724403 ], [ -121.441592749994001, 36.836360837676899 ], [ -121.441583904240005, 36.836275379307303 ], [ -121.442134038690995, 36.835283068971798 ], [ -121.442110833328002, 36.835275478145398 ], [ -121.442055188427005, 36.835256358438002 ], [ -121.441999965291998, 36.8352364611494 ], [ -121.441945183203998, 36.835215793097298 ], [ -121.441890859116995, 36.835194358443196 ], [ -121.441591720161995, 36.835069612890699 ], [ -121.441150756374, 36.834885535502401 ], [ -121.439970607063998, 36.834383104643301 ], [ -121.439904891888006, 36.834355193222301 ], [ -121.439839792553002, 36.834326363233899 ], [ -121.439775328454004, 36.8342966251005 ], [ -121.439711521171006, 36.834265987396797 ], [ -121.439648387771996, 36.834234457888201 ], [ -121.439585949952004, 36.834202048753099 ], [ -121.439524223684998, 36.834168768680698 ], [ -121.439406824117995, 36.8341019018373 ], [ -121.439285911528998, 36.834027058511097 ], [ -121.439265133011006, 36.8340141964105 ], [ -121.439125170335004, 36.833924715736302 ], [ -121.439123962132996, 36.833923921894097 ], [ -121.439037301327005, 36.833867046960997 ], [ -121.438950151632994, 36.833808679238601 ], [ -121.438088881766006, 36.833262851625904 ], [ -121.437909662297002, 36.833148423735103 ], [ -121.437444316625005, 36.8328506778331 ], [ -121.437049491862993, 36.8325980519678 ], [ -121.436130200039997, 36.832008994611897 ], [ -121.435498080792001, 36.831609137366101 ], [ -121.435189046911006, 36.831411037104303 ], [ -121.435135619522001, 36.831376787857401 ], [ -121.434159640786007, 36.830751138719897 ], [ -121.433805014960001, 36.8305238035177 ], [ -121.433230750057007, 36.830155364666901 ], [ -121.432972369490003, 36.829998074760098 ], [ -121.433165820900001, 36.829912072933503 ], [ -121.433452566127002, 36.829794782122697 ], [ -121.433612995442004, 36.829729159703099 ], [ -121.434666285543997, 36.829298310549703 ], [ -121.435362339216994, 36.829013581372998 ], [ -121.435947341151007, 36.828774274124903 ], [ -121.437305939468999, 36.828218495078303 ], [ -121.440019892517, 36.827108193173999 ], [ -121.441565091593006, 36.826354395505703 ], [ -121.438614094159007, 36.823868634357602 ], [ -121.442991389567993, 36.820914201345801 ], [ -121.443987138281997, 36.820242071613499 ], [ -121.446871984775001, 36.818294688612099 ], [ -121.441894713460002, 36.813786112437299 ], [ -121.442289036036001, 36.813580998725001 ], [ -121.449395002366003, 36.814730470526499 ], [ -121.449737500704003, 36.814785861747801 ], [ -121.449836213335004, 36.814702551001602 ], [ -121.449912456383998, 36.814638205247398 ], [ -121.450535742823007, 36.814111265277901 ], [ -121.451301453886998, 36.813463902982598 ], [ -121.451795836445001, 36.813045923761102 ], [ -121.451735300612995, 36.810107314866997 ], [ -121.451963888698998, 36.809497155360397 ], [ -121.453151693585994, 36.8063757717795 ], [ -121.454533489485996, 36.804628016250298 ], [ -121.455085543077004, 36.803929727680099 ], [ -121.455543834845997, 36.803350025554899 ], [ -121.456875076879996, 36.801666054839501 ], [ -121.457707925603998, 36.800612486848799 ], [ -121.459298000833002, 36.798600918265997 ], [ -121.459644700664995, 36.798162298962303 ], [ -121.461194057726999, 36.796275568935997 ], [ -121.462240887085002, 36.795000729004698 ], [ -121.461674679366993, 36.794705092026099 ], [ -121.458087371556005, 36.792831917019399 ], [ -121.455394077106007, 36.791376980742001 ], [ -121.452888726934006, 36.790023469170301 ], [ -121.451782021379003, 36.789425542064301 ], [ -121.452648095037006, 36.788863446094403 ], [ -121.453811731106001, 36.788108203731298 ], [ -121.453624508569007, 36.787708217347401 ], [ -121.454031921330994, 36.7871708173003 ], [ -121.454075917485, 36.7871127829061 ], [ -121.454398826128994, 36.7869844022946 ], [ -121.454554752834994, 36.786922409480702 ], [ -121.454619620757995, 36.786896619103999 ], [ -121.454902613593006, 36.786860598305701 ], [ -121.455594243448004, 36.786951239283702 ], [ -121.455640574319006, 36.786921167305103 ], [ -121.455752301006001, 36.786848647098303 ], [ -121.455693171597005, 36.786831747731597 ], [ -121.455441816657, 36.7864885968756 ], [ -121.455434129509001, 36.786422574349203 ], [ -121.455515762529004, 36.786380020346897 ], [ -121.456169802269002, 36.786577651916701 ], [ -121.456302174555006, 36.786617651158501 ], [ -121.456829378975996, 36.786556086062497 ], [ -121.457092062846002, 36.7862446952916 ], [ -121.458232846737999, 36.786366750028201 ], [ -121.459083905219998, 36.786183415206601 ], [ -121.460692987580998, 36.785767175957503 ], [ -121.461609278504, 36.785365739901202 ], [ -121.462101544063003, 36.785425736929703 ], [ -121.462356361022998, 36.785378395431898 ], [ -121.462612721190993, 36.785336790900601 ], [ -121.462870425060999, 36.785300956290001 ], [ -121.463129270688, 36.785270918296298 ], [ -121.463804686654996, 36.785470768008203 ], [ -121.463943009683007, 36.785898827012801 ], [ -121.464151290386994, 36.785914569144701 ], [ -121.464353068893999, 36.785335853618498 ], [ -121.465257105489002, 36.785407376808699 ], [ -121.465541018728999, 36.7849029920866 ], [ -121.466420529225999, 36.784452851678303 ], [ -121.466746909020003, 36.784293329674398 ], [ -121.467125495017996, 36.784117173047697 ], [ -121.467260135239997, 36.783577929806903 ], [ -121.467330833844997, 36.783294774911703 ], [ -121.467592203134004, 36.782934205771902 ], [ -121.467677669153005, 36.782364497428297 ], [ -121.467208088708006, 36.781622983181997 ], [ -121.466892145030997, 36.781124067070898 ], [ -121.467148374147001, 36.780833772956001 ], [ -121.467006011937997, 36.7806720359767 ], [ -121.466888810054002, 36.7805388826051 ], [ -121.466754650571005, 36.780386462816303 ], [ -121.467110186154002, 36.780207799996901 ], [ -121.467422429481999, 36.780216655568701 ], [ -121.467604844201006, 36.780225765742301 ], [ -121.467997601620993, 36.780232965269597 ], [ -121.468866494617998, 36.779516560786902 ], [ -121.469119706840999, 36.778810720655898 ], [ -121.469567815873006, 36.7788549604129 ], [ -121.469907029146, 36.778888448218197 ], [ -121.470112069376995, 36.778733497580603 ], [ -121.470831706154996, 36.778189657147202 ], [ -121.471228134672998, 36.778315159223297 ], [ -121.471913301651995, 36.778181673867401 ], [ -121.471885224641994, 36.7777915702938 ], [ -121.472385106160999, 36.777404210877798 ], [ -121.472972348574999, 36.777239532127503 ], [ -121.473270508317995, 36.776974292114303 ], [ -121.473425743372999, 36.776946896288997 ], [ -121.473597991755, 36.776916497372902 ], [ -121.473543704354995, 36.776153151535802 ], [ -121.474719042855995, 36.775994024916102 ], [ -121.474827238379007, 36.7759174981 ], [ -121.475246501485998, 36.7755861370226 ], [ -121.474220499672001, 36.7748937415125 ], [ -121.475627934442002, 36.773637814992703 ], [ -121.476877867580995, 36.772522384928799 ], [ -121.483230237106994, 36.766853708251297 ], [ -121.483831050831995, 36.766316597678703 ], [ -121.484441390965998, 36.7656108484871 ], [ -121.490651686828002, 36.763917138669299 ], [ -121.491368361241996, 36.7637269682916 ], [ -121.491971208270996, 36.763566997112598 ], [ -121.494641888489994, 36.762408353423901 ], [ -121.494623519379999, 36.761594939333101 ], [ -121.497181218676999, 36.759958498636003 ], [ -121.498900316499999, 36.758829025723301 ], [ -121.502577257499993, 36.756409860683 ], [ -121.503549092110006, 36.755782097904998 ], [ -121.506416552741996, 36.756672850439699 ], [ -121.506756824505999, 36.757734684663298 ], [ -121.506036804564999, 36.758672332675999 ], [ -121.510934082991, 36.763241045152199 ], [ -121.512236995221997, 36.763741818893003 ], [ -121.517148513970994, 36.765729064191 ], [ -121.519117605854007, 36.7664257471246 ], [ -121.520475561476005, 36.7669061776608 ], [ -121.528730024387002, 36.769826061331997 ], [ -121.528454012577001, 36.773264875065301 ], [ -121.537866674951999, 36.773060209516103 ], [ -121.545853377154998, 36.776020760443103 ], [ -121.541298430176994, 36.779670522358501 ], [ -121.540138730636002, 36.780599675979303 ], [ -121.536253975310004, 36.783803643497102 ], [ -121.533392851746996, 36.786157112918403 ], [ -121.545301540085006, 36.795639817861002 ], [ -121.558713336097995, 36.8063228246656 ], [ -121.563381823002999, 36.810040398223002 ], [ -121.580175331632006, 36.823408785858 ], [ -121.589221428987997, 36.830606973246098 ], [ -121.590951740361007, 36.831983588742403 ], [ -121.597600337591004, 36.837272444353701 ], [ -121.597058939213994, 36.838849170680803 ], [ -121.597790015965003, 36.836756866881203 ], [ -121.597633986562002, 36.8372089224466 ], [ -121.597635231840002, 36.837209366842998 ], [ -121.597960238300999, 36.836263688532703 ], [ -121.599251986534, 36.8325209226279 ], [ -121.602289986079995, 36.823715921018803 ], [ -121.602558985319007, 36.8229369214407 ], [ -121.606349985272004, 36.811947919845302 ], [ -121.618326987032006, 36.810277918906799 ], [ -121.618841987021, 36.815744919882299 ], [ -121.618942987946994, 36.816674920025598 ], [ -121.619040987027006, 36.8175879195962 ], [ -121.619169987974004, 36.818781919705998 ], [ -121.619291987566001, 36.819919919878799 ], [ -121.619392987466, 36.820858919529201 ], [ -121.619423987871002, 36.8211479199935 ], [ -121.619426988228994, 36.821169920033199 ], [ -121.619443987514998, 36.821330919858099 ], [ -121.619561988672999, 36.822430919795899 ], [ -121.619828988560002, 36.824903920166101 ], [ -121.628747990077002, 36.824340919915699 ], [ -121.628727317408007, 36.824375545188701 ], [ -121.629109508713, 36.824497417409198 ], [ -121.628854990232, 36.824923919766398 ], [ -121.628787989532, 36.825049919780099 ], [ -121.628750990094005, 36.825122919537598 ], [ -121.628715989304993, 36.825196920123098 ], [ -121.628681990223001, 36.825271920041999 ], [ -121.628649989362003, 36.825346920142202 ], [ -121.628619989374002, 36.825422920124801 ], [ -121.628590989577006, 36.825498919720097 ], [ -121.628563990255998, 36.825574919451498 ], [ -121.628538989611997, 36.825651920019098 ], [ -121.628515989424997, 36.825728919824599 ], [ -121.628493989476993, 36.825805920147502 ], [ -121.628472990144004, 36.825883919836002 ], [ -121.628454989326997, 36.8259619193379 ], [ -121.628437989884006, 36.826039919334796 ], [ -121.628422989832998, 36.826117919499303 ], [ -121.628408990444001, 36.826196919932897 ], [ -121.628396990427007, 36.826275919634597 ], [ -121.628386989820001, 36.826354919505697 ], [ -121.628378989747006, 36.826433919522103 ], [ -121.628371989952996, 36.8265129200609 ], [ -121.628366989553996, 36.826591919869401 ], [ -121.628363990107999, 36.826671919572398 ], [ -121.628362989698005, 36.8267509196981 ], [ -121.628362989486007, 36.826785920217397 ], [ -121.628362989554006, 36.8268299194458 ], [ -121.628364990411001, 36.826909919988999 ], [ -121.628368990289005, 36.826988920054198 ], [ -121.628373990447002, 36.827067919741097 ], [ -121.628379212298995, 36.827126853597697 ], [ -121.628262961502998, 36.827497642414599 ], [ -121.628268493877002, 36.8275349047303 ], [ -121.628362833446005, 36.827896219161097 ], [ -121.628466765050007, 36.828187942537497 ], [ -121.628647988273997, 36.828541163117102 ], [ -121.628828955992006, 36.828886832731001 ], [ -121.628995703007007, 36.829166181169597 ], [ -121.629140158666999, 36.829393126715999 ], [ -121.629383940322001, 36.829776568314998 ], [ -121.629615656279, 36.830156840383303 ], [ -121.629743508711996, 36.830397888628397 ], [ -121.629895382821999, 36.830742136415097 ], [ -121.630001615482001, 36.831050981268703 ], [ -121.630073341716994, 36.831350280867902 ], [ -121.630122117724, 36.831728397632403 ], [ -121.630176203388999, 36.832412772734699 ], [ -121.630202964258004, 36.833097748520501 ], [ -121.630224602013996, 36.833782837914903 ], [ -121.630232761610003, 36.834005913947003 ], [ -121.637934632714007, 36.834153956861101 ], [ -121.651812049412996, 36.8378043780532 ], [ -121.652628102585993, 36.838067603207698 ], [ -121.657813995672001, 36.839667918716401 ], [ -121.657825996138996, 36.839672919172202 ], [ -121.664321997195998, 36.842169919161002 ], [ -121.668675998232004, 36.8434309182717 ], [ -121.668671226303005, 36.843485557582397 ], [ -121.668766044646006, 36.843614935048201 ], [ -121.670820998577994, 36.842774918249297 ], [ -121.671468998189994, 36.842510918342199 ], [ -121.671807998675007, 36.8423719185229 ], [ -121.672823997814007, 36.841956917933899 ], [ -121.674201998553997, 36.841393918028899 ], [ -121.674164371960003, 36.841336376293697 ], [ -121.674400486188006, 36.841466207730697 ], [ -121.674594185577007, 36.841760170347001 ], [ -121.675996681946003, 36.843903634140098 ], [ -121.676695231682004, 36.844970612859498 ], [ -121.677213341639998, 36.845763417735498 ], [ -121.678317840784004, 36.847443661723197 ], [ -121.679073833020993, 36.848587651044099 ], [ -121.679847628066995, 36.849800617900001 ], [ -121.680113396172999, 36.850217128332901 ], [ -121.680366590755995, 36.850616058812598 ], [ -121.680489523622995, 36.850956087242402 ], [ -121.680521617704997, 36.851190990227501 ], [ -121.680512714225998, 36.851426812123798 ], [ -121.680500860538999, 36.851479285891401 ], [ -121.680462693647996, 36.8516601226737 ], [ -121.680455504880001, 36.851797672942403 ], [ -121.680470167598003, 36.852072122835899 ], [ -121.680520656135997, 36.852344394143998 ], [ -121.680610244383004, 36.852610293509798 ], [ -121.680733688610005, 36.852866501984202 ], [ -121.680892627019006, 36.853110923680099 ], [ -121.681134287253002, 36.853423554532 ], [ -121.681271997232997, 36.853696618660202 ], [ -121.681334295498004, 36.853915043788398 ], [ -121.681339095572994, 36.853954778858999 ], [ -121.681359393183001, 36.854145293968003 ], [ -121.681353392934, 36.854415398790998 ], [ -121.681373824659005, 36.854560572523901 ], [ -121.681412976348994, 36.854703266194299 ], [ -121.681472508644006, 36.854842066823998 ], [ -121.681550619058996, 36.854974267962902 ], [ -121.681645573251998, 36.855099221558497 ], [ -121.682044914862999, 36.855570434007397 ], [ -121.682306515986994, 36.855866130089801 ], [ -121.682433405935996, 36.855975253350401 ], [ -121.682571896686994, 36.856073812753998 ], [ -121.682721965420001, 36.856161120025398 ], [ -121.684021846456005, 36.856765977547703 ], [ -121.684277296987005, 36.856884576793398 ], [ -121.684437547735996, 36.856969592389 ], [ -121.684633780086997, 36.857106007126099 ], [ -121.684665294889996, 36.857127281256297 ], [ -121.684847394798993, 36.857299734332202 ], [ -121.684995998103005, 36.857492175233901 ], [ -121.685727289476006, 36.858706747600898 ], [ -121.685839805049, 36.858893815250099 ], [ -121.686157953971005, 36.859388820923201 ], [ -121.686752064043006, 36.860247198112397 ], [ -121.686980617727002, 36.860624000921497 ], [ -121.687081303068993, 36.861011235299998 ], [ -121.686412248110003, 36.8610942867831 ], [ -121.684765512244994, 36.861235713811702 ], [ -121.684282029710999, 36.861296036055997 ], [ -121.683849933565, 36.861408095032303 ], [ -121.683449023237003, 36.861581281519001 ], [ -121.683206188925993, 36.861727558241199 ], [ -121.682972265432994, 36.861933399373697 ], [ -121.682079760356004, 36.862720752721401 ], [ -121.681906215105002, 36.8628929499938 ], [ -121.681777819049003, 36.863035968128401 ], [ -121.681570073301998, 36.8633064783726 ], [ -121.680221351111996, 36.865284911351502 ], [ -121.679904619531996, 36.865667086597497 ], [ -121.679840584866994, 36.865743399401602 ], [ -121.678524014282999, 36.8671729085127 ], [ -121.678403243326997, 36.867289647865498 ], [ -121.678138940533998, 36.8675078375149 ], [ -121.677848219810002, 36.867703948554599 ], [ -121.677693982890005, 36.8677925855119 ], [ -121.677536137941999, 36.867875811175203 ], [ -121.677202668674994, 36.868022728945803 ], [ -121.676854552815996, 36.8681418119467 ], [ -121.676675011965003, 36.868191171746503 ], [ -121.676510729327006, 36.868236754818099 ], [ -121.676172881108002, 36.868306832977098 ], [ -121.675828931422998, 36.868348883098903 ], [ -121.672923732574006, 36.868447560507803 ], [ -121.672639578602002, 36.868438803279403 ], [ -121.672311685634995, 36.868401484145998 ], [ -121.67197062132, 36.868329425561797 ], [ -121.671642108187996, 36.868224799212797 ], [ -121.671486003381006, 36.868160968952701 ], [ -121.671232005026994, 36.868035441330697 ], [ -121.670982400189004, 36.867937978636199 ], [ -121.670718367953, 36.867868316388297 ], [ -121.670445059865003, 36.867827025404999 ], [ -121.670165961883001, 36.867816088545801 ], [ -121.669889618959004, 36.867835314849899 ], [ -121.669384015526006, 36.867949651100602 ], [ -121.669025137576, 36.8680545266038 ], [ -121.668763910908993, 36.868115315991297 ], [ -121.668638891509005, 36.8689994535141 ], [ -121.668605362885003, 36.869167128599301 ], [ -121.668510775843004, 36.869497598845001 ], [ -121.668447986011998, 36.869659744802298 ], [ -121.668296514592001, 36.869977059269203 ], [ -121.668106952768994, 36.870280797297802 ], [ -121.667999165298994, 36.870427461945603 ], [ -121.667428615431007, 36.871136755712897 ], [ -121.667110587278003, 36.871533349219902 ], [ -121.666892537665007, 36.871804748633302 ], [ -121.666321304684004, 36.8725173917041 ], [ -121.666887091215997, 36.872458707050797 ], [ -121.667512001353998, 36.872396921367702 ], [ -121.668936000868001, 36.872256921343897 ], [ -121.670423000762, 36.8721099207321 ], [ -121.670404001136006, 36.8719939207487 ], [ -121.670614001345001, 36.871967921194504 ], [ -121.671714001474996, 36.871830920497501 ], [ -121.672868001246002, 36.871687920304502 ], [ -121.673430001520998, 36.871617920336298 ], [ -121.674244001340995, 36.871516920624003 ], [ -121.690482587150996, 36.899944677913801 ], [ -121.683502816045007, 36.917478909400202 ], [ -121.679402924586995, 36.915250840706101 ], [ -121.677217071551993, 36.914299014460397 ], [ -121.673600883662999, 36.919474831703198 ], [ -121.675343404066993, 36.920709585321802 ], [ -121.671209364985003, 36.925669445138602 ], [ -121.663368181162994, 36.921750228254602 ], [ -121.658229880039002, 36.927186880067097 ], [ -121.664136833783999, 36.930876596752498 ], [ -121.646498934939999, 36.945278991578697 ], [ -121.642584625913003, 36.9468211899514 ], [ -121.64117037506, 36.946897912273897 ] ] ] } },
{ "type": "Feature", "properties": { "OBJECTID": 2, "Id": 0, "Name": "BITTERWATER - TULLY UNION ELEMENTARY", "Address": "LONOAK ROUTE, BOX 10, KING CITY, CA 93930", "Phone": "831-385-5339", "Fax": "831-385-9105", "Webpage": "http://www.sbcoe.k12.ca.us/District/1242-Untitled.html", "GlobalID": "5693abbb-bb68-46f6-ae5a-68ec8530cd37", "Shape__Area": 7657133224.01758, "Shape__Length": 639882.89372361801 }, "geometry": { "type": "Polygon", "coordinates": [ [ [ -121.094330718712996, 36.367135434686901 ], [ -121.096623195896996, 36.368980480116903 ], [ -121.106591455539998, 36.377001660841799 ], [ -121.110410066830994, 36.380081688931199 ], [ -121.116546049183995, 36.384994800445803 ], [ -121.113143705604003, 36.386724064361097 ], [ -121.112352857302, 36.388014142112702 ], [ -121.109035676027005, 36.389694936711201 ], [ -121.106388758625002, 36.391077544026203 ], [ -121.105233908350002, 36.392583537212502 ], [ -121.103376401202993, 36.392585814851103 ], [ -121.102372686815997, 36.3931044475815 ], [ -121.101854485884004, 36.393508771902702 ], [ -121.100122933191003, 36.394853064464897 ], [ -121.098270351013994, 36.396313337110698 ], [ -121.097381215460999, 36.396162087117901 ], [ -121.096919717996997, 36.396551843613999 ], [ -121.096246068151999, 36.3972792503099 ], [ -121.096255723908996, 36.397875290723398 ], [ -121.093473766760994, 36.400047101164802 ], [ -121.089378659114004, 36.400778712231002 ], [ -121.088544297032001, 36.401052121211301 ], [ -121.086249876742997, 36.401855655313199 ], [ -121.084820884113, 36.402477005766599 ], [ -121.083959381982993, 36.402872096311597 ], [ -121.082354520503003, 36.404022843858002 ], [ -121.081657996884005, 36.404387300546098 ], [ -121.079157715820998, 36.406929195078803 ], [ -121.078969426434995, 36.407208577865902 ], [ -121.075756945465997, 36.4131974154174 ], [ -121.073981050179995, 36.413626004554303 ], [ -121.073444003036997, 36.413957359147503 ], [ -121.073174949112001, 36.414379434948003 ], [ -121.072901754797996, 36.414646556433198 ], [ -121.072482038141004, 36.414952007417703 ], [ -121.071876010965994, 36.415463435516898 ], [ -121.070982020703994, 36.4162422328464 ], [ -121.069651413507998, 36.417336736834798 ], [ -121.066663317483005, 36.4182292657581 ], [ -121.065366291925002, 36.419835269527503 ], [ -121.065473661718002, 36.419940310420202 ], [ -121.065545399033994, 36.421680133390701 ], [ -121.064255473529997, 36.423570715910898 ], [ -121.062978241704997, 36.425206278250798 ], [ -121.062611973790993, 36.426743630340297 ], [ -121.062840901466004, 36.429246046607602 ], [ -121.062848575024006, 36.429909915735202 ], [ -121.062886835826006, 36.431119098195602 ], [ -121.064069221660006, 36.432217717942599 ], [ -121.066265089739005, 36.434256155562601 ], [ -121.067496038159007, 36.435181235475802 ], [ -121.067805631108996, 36.435439491464599 ], [ -121.068229702197996, 36.435764031046503 ], [ -121.068472728445002, 36.435992821529098 ], [ -121.069149008457003, 36.4366688731496 ], [ -121.069620293482998, 36.4371632771444 ], [ -121.068120347847, 36.438661429748301 ], [ -121.067221992154998, 36.439554104859397 ], [ -121.065327521697, 36.439436408755199 ], [ -121.062682233244999, 36.439272015964299 ], [ -121.059128784896004, 36.439074949023997 ], [ -121.057833136333002, 36.439568689252802 ], [ -121.053844845125994, 36.443582560455198 ], [ -121.053100006139005, 36.444330887923698 ], [ -121.051442962516006, 36.446000900802602 ], [ -121.049411818172004, 36.448047814090401 ], [ -121.048927094701995, 36.447736697712202 ], [ -121.048625920698996, 36.447366139277399 ], [ -121.048583941586998, 36.447314490303803 ], [ -121.048506507298995, 36.447243518388298 ], [ -121.048373892819001, 36.447169322942898 ], [ -121.048279269454994, 36.447116382568701 ], [ -121.048181792109006, 36.447084443918101 ], [ -121.047750139822, 36.446943010237398 ], [ -121.047107005258994, 36.4467322792662 ], [ -121.046835793528999, 36.446643411627797 ], [ -121.046048277081994, 36.446717924211299 ], [ -121.045835766988006, 36.446712597861399 ], [ -121.045626038771005, 36.446655787330897 ], [ -121.045324472706994, 36.446531597351303 ], [ -121.044869547657001, 36.4463024355423 ], [ -121.044746105274001, 36.446228201818798 ], [ -121.044389695920003, 36.445966800527401 ], [ -121.043981512138004, 36.4456674220907 ], [ -121.043922947295997, 36.4456396928882 ], [ -121.043613124573, 36.445492994291897 ], [ -121.043464945175998, 36.445441052149803 ], [ -121.043202261687995, 36.445345439450897 ], [ -121.043008290030997, 36.445266143440897 ], [ -121.042811443356996, 36.444961035959203 ], [ -121.042664562113004, 36.4448431199746 ], [ -121.042515536742997, 36.444757404211501 ], [ -121.042324484470001, 36.444673558863698 ], [ -121.042254805834006, 36.444636060953897 ], [ -121.042140662384995, 36.444552160246602 ], [ -121.042040922832001, 36.444377632036101 ], [ -121.041920655113998, 36.444055505557998 ], [ -121.041747364941997, 36.443634925488801 ], [ -121.041641122057996, 36.443443995579102 ], [ -121.041363549939007, 36.443225032982497 ], [ -121.040911688725004, 36.442935601657297 ], [ -121.040677427183994, 36.442785549136701 ], [ -121.040601715834995, 36.4427161742232 ], [ -121.040323567678001, 36.442461306621198 ], [ -121.040125622343993, 36.442326900203597 ], [ -121.039760314237995, 36.442099679441803 ], [ -121.039441231701005, 36.441883722643702 ], [ -121.039307689070995, 36.441806931776803 ], [ -121.039230520836, 36.4417803930193 ], [ -121.039076137283004, 36.4417273008401 ], [ -121.038722427894001, 36.4416071134888 ], [ -121.038367037610996, 36.4414788727101 ], [ -121.038091915622005, 36.441188150999899 ], [ -121.037825682120996, 36.440919952365299 ], [ -121.037484137386002, 36.440602115047 ], [ -121.037224629283003, 36.440380890842498 ], [ -121.036941905172, 36.440104806127202 ], [ -121.036899979927995, 36.440062960601402 ], [ -121.036761235982993, 36.439862060416601 ], [ -121.036624973399, 36.439664752977002 ], [ -121.036422884576993, 36.439372127854398 ], [ -121.036105339466005, 36.439059009971103 ], [ -121.035820744497997, 36.438778379150399 ], [ -121.035629452761995, 36.438686685121397 ], [ -121.035063539842, 36.438415417602101 ], [ -121.034612756084002, 36.438199333602498 ], [ -121.034315042893994, 36.438056621877202 ], [ -121.033937132787997, 36.437722631739099 ], [ -121.033894729042004, 36.437643694602002 ], [ -121.033671984929995, 36.437229037424899 ], [ -121.033528618483999, 36.436609729196 ], [ -121.033454899407005, 36.436291276399999 ], [ -121.033403150520002, 36.436067730281302 ], [ -121.033331265447998, 36.4359290537896 ], [ -121.032827967130004, 36.435453544769302 ], [ -121.032559392626993, 36.435199794852899 ], [ -121.032320574191004, 36.434974158215098 ], [ -121.032190592627998, 36.434888764087198 ], [ -121.031178785861997, 36.434526008201303 ], [ -121.030401676297004, 36.434229657388101 ], [ -121.030204025391996, 36.434138539482397 ], [ -121.028501152416993, 36.433218429109203 ], [ -121.028094919688996, 36.432943875266602 ], [ -121.027490278811001, 36.432421993189401 ], [ -121.026546718958997, 36.431607559828002 ], [ -121.025895337988999, 36.4312615250048 ], [ -121.025684762911993, 36.4311597823678 ], [ -121.025092057923004, 36.430912131483304 ], [ -121.023959933979, 36.430431057253202 ], [ -121.023466311659007, 36.430205619958102 ], [ -121.023379867312002, 36.430140144574999 ], [ -121.023130320491006, 36.429951131461998 ], [ -121.022795959931003, 36.429697875371403 ], [ -121.022760046133001, 36.429623426619102 ], [ -121.022594244930005, 36.429295545068797 ], [ -121.022375807317999, 36.428943701672701 ], [ -121.021961658733005, 36.428339155182698 ], [ -121.021897036913998, 36.428276661602503 ], [ -121.020441091278002, 36.427619349472899 ], [ -121.019324111131994, 36.4270215756897 ], [ -121.018276788169004, 36.426425424550402 ], [ -121.015020814036006, 36.424469167108597 ], [ -121.009776749140002, 36.421366271526502 ], [ -121.005910225207998, 36.419108987877699 ], [ -121.003059922668996, 36.417470634442303 ], [ -121.002605744663995, 36.417121546969497 ], [ -121.002089499773007, 36.416806116005098 ], [ -121.001428251616005, 36.416283909215501 ], [ -120.999473281473001, 36.414856475352302 ], [ -120.998767019344996, 36.414335652694902 ], [ -120.998213423780996, 36.413564869821897 ], [ -120.997345342813006, 36.412415943158997 ], [ -120.997238043676006, 36.412244329477602 ], [ -120.997172531521997, 36.411690589924604 ], [ -120.997256266329998, 36.411116213869498 ], [ -120.996367004622002, 36.410025025966299 ], [ -120.995470379430003, 36.409051497933 ], [ -120.994696002010997, 36.408373736074701 ], [ -120.994142599753005, 36.408187228155001 ], [ -120.993569483908004, 36.408008743889198 ], [ -120.993210866677003, 36.407745676962598 ], [ -120.992526362652001, 36.409174684397499 ], [ -120.989346987440996, 36.415536113997803 ], [ -120.983687078157004, 36.425783201646702 ], [ -120.981465891300999, 36.430030533494403 ], [ -120.978880864969, 36.435005748928198 ], [ -120.977315608503005, 36.437988830846599 ], [ -120.976135777701003, 36.439888716318499 ], [ -120.975736441737993, 36.441493516602797 ], [ -120.975902109282998, 36.442084275642799 ], [ -120.976314461022, 36.443285787580898 ], [ -120.975498065392003, 36.444326625542999 ], [ -120.975108603997995, 36.444635871671601 ], [ -120.975162975789999, 36.445154696415401 ], [ -120.975223811719005, 36.446518022233299 ], [ -120.975255781890993, 36.4480376364791 ], [ -120.975201060987999, 36.450009618451901 ], [ -120.975186062413997, 36.455378732337998 ], [ -120.975202059630007, 36.459172378222902 ], [ -120.975047213246, 36.473410949473298 ], [ -120.975045837845997, 36.475011981456397 ], [ -120.975043771987004, 36.477415659803299 ], [ -120.975084449104003, 36.4811984086884 ], [ -120.975136975807004, 36.4829578477461 ], [ -120.975324116633004, 36.488644774595002 ], [ -120.974301848242007, 36.488629480312099 ], [ -120.974116778490995, 36.495401867338401 ], [ -120.973988989175993, 36.500077421551801 ], [ -120.974004238153, 36.502183132411702 ], [ -120.978433090192993, 36.502305448432601 ], [ -120.982861955104994, 36.5024276004836 ], [ -120.991719726721001, 36.502671409013303 ], [ -120.991817539051993, 36.5136691384999 ], [ -120.991849369695998, 36.517247373661299 ], [ -120.991856995280003, 36.5173350442832 ], [ -120.991935198594007, 36.520967608452999 ], [ -120.992169846869004, 36.531865287198599 ], [ -120.983388316662996, 36.5312876833666 ], [ -120.974606916298001, 36.5307094315081 ], [ -120.974473438640004, 36.5271353131998 ], [ -120.974339973672997, 36.5235611641262 ], [ -120.974206520302005, 36.519986985220797 ], [ -120.974072902821007, 36.516408113776897 ], [ -120.969729894081993, 36.516469697836698 ], [ -120.965325799102999, 36.516531985504898 ], [ -120.956517682886002, 36.516656072024396 ], [ -120.947740103591997, 36.516780370768103 ], [ -120.943351302292001, 36.516842277326496 ], [ -120.938962495107006, 36.516904021978299 ], [ -120.938890006886993, 36.513380015469103 ], [ -120.938817494828001, 36.509854478086098 ], [ -120.938745004029002, 36.5063297040506 ], [ -120.938672519822006, 36.502804928333703 ], [ -120.938588608819003, 36.502808746865497 ], [ -120.924575133966002, 36.502863081584302 ], [ -120.919771810851998, 36.502881325858297 ], [ -120.910619226275998, 36.502915552596001 ], [ -120.910706934396998, 36.500603499228198 ], [ -120.910756932417996, 36.499285449074002 ], [ -120.910804918401993, 36.496169498347797 ], [ -120.910849500531, 36.493274301522398 ], [ -120.910924423029002, 36.488408253957402 ], [ -120.906465022372004, 36.488405717893897 ], [ -120.898335886349003, 36.4884006638611 ], [ -120.893086823982003, 36.488396855892702 ], [ -120.884183353837997, 36.488391439568197 ], [ -120.880727224653, 36.488389156807997 ], [ -120.875279885192001, 36.488385317979699 ], [ -120.875142516248005, 36.488385349591503 ], [ -120.871479691866995, 36.488314490035897 ], [ -120.866349638496999, 36.488215058342298 ], [ -120.862744770158997, 36.488145054880398 ], [ -120.857419381303998, 36.488049692277997 ], [ -120.857243991222006, 36.488038190636999 ], [ -120.852809382648999, 36.487968015113502 ], [ -120.844739318538004, 36.487839883229199 ], [ -120.839505579546994, 36.4877597904879 ], [ -120.835596419221005, 36.487698107013301 ], [ -120.828573236256005, 36.487586964160101 ], [ -120.828572787338999, 36.487586956640797 ], [ -120.826482201657001, 36.487553793538602 ], [ -120.826402102176999, 36.4794227483602 ], [ -120.826361562781003, 36.475306944815202 ], [ -120.826322017280006, 36.471291695892198 ], [ -120.826285780356002, 36.467382424031697 ], [ -120.826280129056997, 36.4667727775687 ], [ -120.826264671863996, 36.465105112644899 ], [ -120.826240493957997, 36.462496324146798 ], [ -120.826218353442997, 36.460107380065402 ], [ -120.826184695967001, 36.456475397506601 ], [ -120.826147722217002, 36.452728612644499 ], [ -120.826075316748998, 36.445390492391503 ], [ -120.826039784228001, 36.441788818989302 ], [ -120.826039752184997, 36.441723939131698 ], [ -120.822061088862995, 36.441754206513302 ], [ -120.817478033735, 36.441788906458797 ], [ -120.808571891672997, 36.441855833133602 ], [ -120.804038151523997, 36.441889646440103 ], [ -120.800664318193, 36.441914696902202 ], [ -120.800679650286995, 36.4417469486919 ], [ -120.800665370755993, 36.439500564834603 ], [ -120.800657510313997, 36.43826391316 ], [ -120.800648474436002, 36.436842243094901 ], [ -120.800633242987004, 36.4344458791386 ], [ -120.800610144388003, 36.430811457652702 ], [ -120.800588124168002, 36.427346433801603 ], [ -120.790349092862996, 36.427410733308697 ], [ -120.785750250598994, 36.4274393261528 ], [ -120.781659528019006, 36.427464610657601 ], [ -120.781629349764003, 36.423813763022103 ], [ -120.781598651335003, 36.420099708499798 ], [ -120.781537449639998, 36.412694192432198 ], [ -120.781545043315006, 36.412617833151302 ], [ -120.776507007760998, 36.412602987287102 ], [ -120.767352632523995, 36.412575463182499 ], [ -120.762509812176006, 36.412560617978102 ], [ -120.762606157875993, 36.408942022974003 ], [ -120.762704018159994, 36.4052661867022 ], [ -120.762803998622005, 36.401510399973603 ], [ -120.762898860174005, 36.397946521168102 ], [ -120.762906447667007, 36.397767216713703 ], [ -120.758033174735999, 36.397751361214503 ], [ -120.753159899330001, 36.397735304969501 ], [ -120.748259952523, 36.397718840181497 ], [ -120.743413367803996, 36.397702434813901 ], [ -120.743360003137994, 36.397702412219601 ], [ -120.744321324891999, 36.383660427660899 ], [ -120.735358600481007, 36.3836390245975 ], [ -120.737300224039998, 36.385194376002403 ], [ -120.739263922693993, 36.3867673159533 ], [ -120.737199973448, 36.388994609573302 ], [ -120.730476175885002, 36.383627081611799 ], [ -120.728775965303001, 36.383622911800401 ], [ -120.727747374922998, 36.383620377328398 ], [ -120.725469077621, 36.3836147321027 ], [ -120.722005721318993, 36.383570246241703 ], [ -120.718489223747994, 36.383524975411603 ], [ -120.707143186243997, 36.383378196167698 ], [ -120.698197952211999, 36.383984023866901 ], [ -120.690847699163996, 36.384481318316801 ], [ -120.689221726273004, 36.3845912634497 ], [ -120.685501504222998, 36.384382533300901 ], [ -120.681135872103994, 36.384137441147601 ], [ -120.674413119411994, 36.383759700093897 ], [ -120.674394046730995, 36.376063525197502 ], [ -120.674390954738996, 36.374815509221698 ], [ -120.674374980056996, 36.3683673448093 ], [ -120.674343767585995, 36.365237225590398 ], [ -120.674329118361996, 36.363767979353099 ], [ -120.674229961050003, 36.353821928761903 ], [ -120.665208333680994, 36.354463154314303 ], [ -120.656186558572003, 36.3551036943037 ], [ -120.652337958858993, 36.355107988220198 ], [ -120.650525693646003, 36.355109967628799 ], [ -120.647176201844005, 36.355113552066001 ], [ -120.642671022642006, 36.355118224528198 ], [ -120.642098274233007, 36.355118806442 ], [ -120.638165842907995, 36.355122726044499 ], [ -120.638165918834005, 36.355492757273701 ], [ -120.620503870101999, 36.355500384392798 ], [ -120.608662961787999, 36.3555049150484 ], [ -120.606828320429003, 36.355505511106699 ], [ -120.602552004971002, 36.355506790815603 ], [ -120.597714766056001, 36.355508052071897 ], [ -120.597686073736, 36.352390049156398 ], [ -120.597470669545004, 36.339333705097403 ], [ -120.596600967173998, 36.326173007451501 ], [ -120.608883059864993, 36.326386627324801 ], [ -120.608773554240997, 36.322271879767101 ], [ -120.620913927575003, 36.322545191326 ], [ -120.620919615608003, 36.318436771990797 ], [ -120.638753287846001, 36.318551222619497 ], [ -120.656734233818, 36.318728610299303 ], [ -120.656712940435995, 36.311162115495897 ], [ -120.666745620450001, 36.311429209770502 ], [ -120.667119453519007, 36.3108455705867 ], [ -120.667920562478002, 36.309338719328998 ], [ -120.668202834835, 36.308858095801 ], [ -120.668576665619, 36.308289748654801 ], [ -120.669003890262005, 36.307770861388299 ], [ -120.669286147305002, 36.307442858595103 ], [ -120.669598998021996, 36.307107120829002 ], [ -120.669827804381001, 36.306775281779899 ], [ -120.670308511241004, 36.3063937689383 ], [ -120.670682358568996, 36.306122923894101 ], [ -120.670865429369996, 36.306031438058803 ], [ -120.670912231087001, 36.3019933799144 ], [ -120.67573679102, 36.300756624512999 ], [ -120.675763491799998, 36.297101206807298 ], [ -120.679727375473007, 36.297047193186998 ], [ -120.679699936985003, 36.291078545784799 ], [ -120.684155847279996, 36.291009611138499 ], [ -120.684178737072997, 36.2878718664494 ], [ -120.679684857587006, 36.287797675253302 ], [ -120.679669759556006, 36.284512739136701 ], [ -120.679338662975994, 36.2670213401449 ], [ -120.679795085582995, 36.267081506484203 ], [ -120.679964771458003, 36.267123400391903 ], [ -120.680555485415994, 36.267431102073097 ], [ -120.680764470783998, 36.267805677945297 ], [ -120.680904757242999, 36.268338190484798 ], [ -120.681223852358002, 36.268690848306498 ], [ -120.681292392084998, 36.268904592228601 ], [ -120.681371925153996, 36.269731159669703 ], [ -120.681945351409993, 36.270918887668401 ], [ -120.682025200081, 36.2710178240741 ], [ -120.682119617213999, 36.271101304451598 ], [ -120.682213091847998, 36.271162819181498 ], [ -120.682440953953005, 36.2712574103411 ], [ -120.682590844713005, 36.2713328058678 ], [ -120.682681172171996, 36.271396126162003 ], [ -120.683071482255002, 36.271708259112899 ], [ -120.683115841881005, 36.271755618354902 ], [ -120.683245095613998, 36.271720561237402 ], [ -120.683373955329003, 36.271667051363998 ], [ -120.683482246002995, 36.271611985537199 ], [ -120.683528658254005, 36.271543035455899 ], [ -120.683538539666003, 36.2714727561548 ], [ -120.683525502302004, 36.2713972651093 ], [ -120.683550865087994, 36.271304616722396 ], [ -120.683670044796997, 36.271120196786498 ], [ -120.683769939358996, 36.270993267558197 ], [ -120.683846225278998, 36.270934964684599 ], [ -120.683932195336993, 36.270902364660799 ], [ -120.684023167345998, 36.270889998656202 ], [ -120.684114692117006, 36.270903465143498 ], [ -120.684523294648002, 36.270995532344202 ], [ -120.684623784609002, 36.271001488891798 ], [ -120.684710354082995, 36.270996567102898 ], [ -120.684953621977002, 36.270959887436199 ], [ -120.685179279693003, 36.270952987226899 ], [ -120.685399670853002, 36.270990497023803 ], [ -120.686133726826995, 36.2712619075741 ], [ -120.686383498615996, 36.271299687367801 ], [ -120.686701131014004, 36.271326549479902 ], [ -120.687306545431994, 36.271458397427203 ], [ -120.687405800172002, 36.271508856236302 ], [ -120.687590901327994, 36.2716298873599 ], [ -120.687784446048994, 36.271719420500403 ], [ -120.688029877749003, 36.2717823743547 ], [ -120.688243700773995, 36.271860543001203 ], [ -120.688539763277007, 36.272024880249397 ], [ -120.688973133819999, 36.272425934701097 ], [ -120.689085134956002, 36.272583784428903 ], [ -120.689140012617997, 36.272703401306302 ], [ -120.689230784195004, 36.2728094902319 ], [ -120.689349134791001, 36.272889152907197 ], [ -120.689674198228005, 36.273043967757097 ], [ -120.689755804238004, 36.273098122929902 ], [ -120.689825912993001, 36.273178475199899 ], [ -120.689896304632995, 36.273271837359303 ], [ -120.690064163363999, 36.273409366601904 ], [ -120.690479548680997, 36.2736956312553 ], [ -120.690574003128006, 36.273778820601301 ], [ -120.690621754554996, 36.2738840218706 ], [ -120.690633136299994, 36.273954041086803 ], [ -120.690662805756006, 36.274049321852303 ], [ -120.690726457978002, 36.274166446853101 ], [ -120.690812345430999, 36.2743087779725 ], [ -120.690987210101, 36.274547665938599 ], [ -120.691066044836006, 36.274637458411298 ], [ -120.691199119516995, 36.274774330140701 ], [ -120.691469971302993, 36.2750114339634 ], [ -120.691491442244995, 36.275043354372301 ], [ -120.691511489673005, 36.275089306858497 ], [ -120.691541709956994, 36.275125303748702 ], [ -120.691631578813997, 36.275196882260197 ], [ -120.691676071900005, 36.275252292923703 ], [ -120.691692963283998, 36.275312302177099 ], [ -120.691690872536, 36.275375382747598 ], [ -120.691672342421001, 36.275478336404497 ], [ -120.691670366872998, 36.2755470200416 ], [ -120.691655100450006, 36.275641115359299 ], [ -120.691586440853996, 36.275748582395401 ], [ -120.691509981314994, 36.275818970161701 ], [ -120.691488238893996, 36.275854307452299 ], [ -120.691480555978998, 36.2758992556167 ], [ -120.691514795784002, 36.2760402830652 ], [ -120.691695816158003, 36.276316995623503 ], [ -120.691751807977994, 36.276381807570502 ], [ -120.691914571954001, 36.276547338600203 ], [ -120.692084976416993, 36.276754398235802 ], [ -120.692256656742003, 36.2769044918522 ], [ -120.692347720672998, 36.2770181683563 ], [ -120.692693209954001, 36.277415952395799 ], [ -120.693120847003001, 36.277844263014501 ], [ -120.693207703300004, 36.2779081072823 ], [ -120.693314350723, 36.277957431801802 ], [ -120.693579403829006, 36.278008563135501 ], [ -120.693856444812994, 36.278033081011998 ], [ -120.694183606582001, 36.278050780925398 ], [ -120.694442080596005, 36.278030817797799 ], [ -120.694712495191993, 36.277982209232697 ], [ -120.694904184367999, 36.278012011222003 ], [ -120.695078122054994, 36.278149864061803 ], [ -120.695186867242001, 36.278410683052698 ], [ -120.695312318939997, 36.278603770422201 ], [ -120.695390103069002, 36.278791845122598 ], [ -120.695605492732994, 36.279429201443499 ], [ -120.695772718117993, 36.279683871185199 ], [ -120.696247479199002, 36.2801956651751 ], [ -120.696554433238006, 36.280441803193703 ], [ -120.696903983316005, 36.280693209751199 ], [ -120.697136255445002, 36.280809865841 ], [ -120.697346153911994, 36.280930969044299 ], [ -120.697414774706999, 36.281031309037601 ], [ -120.697427218711994, 36.281151186142097 ], [ -120.701757859897, 36.281130640709101 ], [ -120.70174927763, 36.284760664819899 ], [ -120.706090429743995, 36.284699548151501 ], [ -120.706249786914995, 36.287881514242301 ], [ -120.711567195794998, 36.287880420946202 ], [ -120.711591126591998, 36.284325728056402 ], [ -120.716109125871995, 36.284372065217603 ], [ -120.716073516668999, 36.2878155565067 ], [ -120.720535361798994, 36.287879013038101 ], [ -120.72049849695, 36.2914634050369 ], [ -120.724960999299, 36.2914832902296 ], [ -120.724889194167005, 36.298503333797598 ], [ -120.729352362838995, 36.298497350940501 ], [ -120.738267315100998, 36.298524400570997 ], [ -120.747182273511001, 36.298550781231498 ], [ -120.747167068156003, 36.270592789865198 ], [ -120.747132720099003, 36.266959298450097 ], [ -120.747029695123004, 36.256058816828599 ], [ -120.747254554188999, 36.2036062884711 ], [ -120.747273514648995, 36.201744900454699 ], [ -120.748472198000997, 36.201699926296598 ], [ -120.751595040105002, 36.201582699976399 ], [ -120.751541681686007, 36.205302947584798 ], [ -120.760285742717002, 36.2049742893699 ], [ -120.760381087924003, 36.211995218065702 ], [ -120.769841545358005, 36.211914443700202 ], [ -120.769893762977006, 36.2195983157374 ], [ -120.774645580064998, 36.219503824693398 ], [ -120.774682143703004, 36.223267965780003 ], [ -120.779445099624994, 36.223198069177201 ], [ -120.779492818296006, 36.226986994538699 ], [ -120.777273995355003, 36.227002551689999 ], [ -120.777122248070995, 36.230644120838299 ], [ -120.779613699909007, 36.230712243890999 ], [ -120.781622173711, 36.230710149951101 ], [ -120.782837726893007, 36.2313813329203 ], [ -120.785686599138003, 36.232151350645999 ], [ -120.787060824264998, 36.231921924194197 ], [ -120.787052345754006, 36.234209610262099 ], [ -120.797132577884, 36.234171469752198 ], [ -120.796950953321996, 36.237364916765401 ], [ -120.801458422679005, 36.237372314595198 ], [ -120.801398089252999, 36.240463294290002 ], [ -120.801482554154006, 36.240637886180998 ], [ -120.801659232996002, 36.240694626056502 ], [ -120.801901953951997, 36.240733525666698 ], [ -120.802114278884005, 36.2405685283764 ], [ -120.802394302756994, 36.240333170994901 ], [ -120.802617400209996, 36.240105279473703 ], [ -120.802900578557001, 36.239830254997898 ], [ -120.803820908343994, 36.239948313032997 ], [ -120.804803711939002, 36.239946558240497 ], [ -120.8053335221, 36.240106864864401 ], [ -120.805780401400995, 36.240383980786298 ], [ -120.806239253159006, 36.240801255481799 ], [ -120.806440612215994, 36.241042493664501 ], [ -120.806631013986006, 36.241251710772197 ], [ -120.806811585511994, 36.241909708331299 ], [ -120.806803950879001, 36.2426473295085 ], [ -120.806830230288995, 36.242810002163999 ], [ -120.806948043076005, 36.243153809341798 ], [ -120.807094744240004, 36.243458962513401 ], [ -120.807359123815004, 36.243738876295801 ], [ -120.807764008898999, 36.2439453740555 ], [ -120.808043745630997, 36.244081335412098 ], [ -120.808392521239995, 36.244106312119499 ], [ -120.808910908143005, 36.244233122308401 ], [ -120.809261648814996, 36.244377895539401 ], [ -120.809596093398994, 36.244609117386901 ], [ -120.809811291854999, 36.244769738418803 ], [ -120.810131101129997, 36.244828573136402 ], [ -120.810502470979003, 36.244790992827198 ], [ -120.810771987679004, 36.244663450754402 ], [ -120.811060627410995, 36.244621973659399 ], [ -120.811450257581001, 36.244617741386499 ], [ -120.811747005642999, 36.244710372949697 ], [ -120.811926394465999, 36.244847415355103 ], [ -120.81214836769, 36.245060679882002 ], [ -120.812277382841003, 36.245366019805203 ], [ -120.812348758892995, 36.246116506646402 ], [ -120.812273040349993, 36.246539100497003 ], [ -120.812061143055999, 36.246939210242097 ], [ -120.811718575946998, 36.247292810897697 ], [ -120.810835844159996, 36.247890350005399 ], [ -120.810453042432997, 36.248311483327598 ], [ -120.810364246863998, 36.248657532836098 ], [ -120.810497748489993, 36.2488765538575 ], [ -120.810679266387993, 36.249142982863802 ], [ -120.810665253807997, 36.249368398479596 ], [ -120.810492104996001, 36.249987875123097 ], [ -120.810395560903004, 36.250255171263902 ], [ -120.810362476907997, 36.2508016828804 ], [ -120.810437371407005, 36.251265098704799 ], [ -120.810678667283995, 36.251617477397502 ], [ -120.810941606016996, 36.251751160504703 ], [ -120.811311742255995, 36.251753966691503 ], [ -120.811595202263007, 36.251600695358498 ], [ -120.811993928172996, 36.251295977683903 ], [ -120.812391303289004, 36.250909351860898 ], [ -120.812679912663995, 36.250558041089199 ], [ -120.812934208754001, 36.250166141845 ], [ -120.81325264486, 36.250094409502097 ], [ -120.813548211066006, 36.250166288712897 ], [ -120.813627041754003, 36.250356584238098 ], [ -120.813643538009998, 36.2508479415106 ], [ -120.813606656649, 36.251162379945299 ], [ -120.813612610232994, 36.251524140545399 ], [ -120.813878645746996, 36.252037929674799 ], [ -120.814062327404997, 36.252466024773199 ], [ -120.814231777445002, 36.2530512938878 ], [ -120.814386411244996, 36.253247590530997 ], [ -120.814681990501001, 36.253319467804403 ], [ -120.814761869291004, 36.253330917820897 ], [ -120.814732984862005, 36.255871968257999 ], [ -120.831921978820006, 36.2556773497572 ], [ -120.831881815388002, 36.259147980732799 ], [ -120.832180043435002, 36.259148014071002 ], [ -120.832570874493001, 36.259183749283302 ], [ -120.833015268376002, 36.259302202684403 ], [ -120.833272773413995, 36.2595210191134 ], [ -120.833460233157993, 36.259931224952403 ], [ -120.833402358414006, 36.260365590323197 ], [ -120.833252736887999, 36.260785638546203 ], [ -120.833133968281999, 36.261144888283603 ], [ -120.833102305346998, 36.2615378167513 ], [ -120.833179255792004, 36.261842383519401 ], [ -120.833307530604003, 36.262174596594001 ], [ -120.833547184940002, 36.262365838174198 ], [ -120.833889168710002, 36.262518363772699 ], [ -120.834366562504997, 36.262575962711502 ], [ -120.835270061944996, 36.262427973584501 ], [ -120.835949254663007, 36.262287494436499 ], [ -120.836622883735998, 36.262229091083498 ], [ -120.836833271987004, 36.262320219880898 ], [ -120.837006328921007, 36.262605319967697 ], [ -120.837008485777005, 36.262939482181899 ], [ -120.836912083436005, 36.263228754843901 ], [ -120.837002784795999, 36.263680016512197 ], [ -120.837099244388, 36.263993242197103 ], [ -120.837084732823996, 36.264177683208501 ], [ -120.836905075941004, 36.264609257066198 ], [ -120.836497135925995, 36.264938829326702 ], [ -120.836289246445006, 36.265131703107599 ], [ -120.836259533941998, 36.265445977329897 ], [ -120.836346640051005, 36.265684187466697 ], [ -120.836933189299003, 36.266170836165301 ], [ -120.837401471627004, 36.266617505274603 ], [ -120.837792095774006, 36.267208018249399 ], [ -120.838087846394004, 36.267830051315002 ], [ -120.838331747452997, 36.268520245999298 ], [ -120.837926978208998, 36.269270790694797 ], [ -120.838743186203999, 36.269275666182303 ], [ -120.839361584369001, 36.271324660961902 ], [ -120.837171710804, 36.270801707356497 ], [ -120.836999011162007, 36.270924565585098 ], [ -120.836855092674995, 36.271050617583597 ], [ -120.836779104369, 36.271172511965702 ], [ -120.836756123228, 36.271351832486602 ], [ -120.836790734633993, 36.271713221429799 ], [ -120.836867956524003, 36.272103352933399 ], [ -120.837003182448996, 36.272269747779298 ], [ -120.837323613321999, 36.272328524932199 ], [ -120.837726454375002, 36.272250082233299 ], [ -120.838221997494998, 36.272184519892299 ], [ -120.838565603518006, 36.272281915263299 ], [ -120.838893841905005, 36.272457169720198 ], [ -120.839276289037002, 36.2726530168107 ], [ -120.839584934401998, 36.272923381043 ], [ -120.839749921305994, 36.273189859955899 ], [ -120.839819149730999, 36.273398467451997 ], [ -120.839839579954997, 36.2736850183854 ], [ -120.839718776135001, 36.274073921496999 ], [ -120.839551259478995, 36.2743394432703 ], [ -120.839413286593, 36.274591561633798 ], [ -120.839473537158995, 36.274902465389097 ], [ -120.839586003638004, 36.275171901784802 ], [ -120.839730793526996, 36.275542640137601 ], [ -120.839858596861006, 36.275834152392797 ], [ -120.840017196378, 36.276149646055998 ], [ -120.840339375758006, 36.276352539195898 ], [ -120.841259227541997, 36.276621556433803 ], [ -120.841717742463999, 36.276993591440601 ], [ -120.842499402195003, 36.277652401686296 ], [ -120.843012678375004, 36.278030913936 ], [ -120.843520320506002, 36.278458757514997 ], [ -120.843901413168993, 36.278815997958702 ], [ -120.844251980823003, 36.279104238683303 ], [ -120.844843025033001, 36.279483364669296 ], [ -120.845382609194999, 36.279703734349297 ], [ -120.845855036339003, 36.2798566849699 ], [ -120.846282387548996, 36.2799788560189 ], [ -120.846718113151994, 36.2801369275303 ], [ -120.847071369272996, 36.280301214284798 ], [ -120.847631673558993, 36.280621954220898 ], [ -120.847973275808002, 36.280902610680201 ], [ -120.848313813629005, 36.2812328460125 ], [ -120.848544351504998, 36.281411110556199 ], [ -120.850257348149995, 36.281478057356303 ], [ -120.850271973557, 36.282372748542699 ], [ -120.850822785066995, 36.282761487088699 ], [ -120.851236228841003, 36.283245026299902 ], [ -120.851306927755999, 36.283886259366597 ], [ -120.851274535808997, 36.284334413501803 ], [ -120.851116669470002, 36.284717326879402 ], [ -120.850942050735995, 36.285107853225803 ], [ -120.853666565866007, 36.285094700322198 ], [ -120.853707256565997, 36.2850297659852 ], [ -120.853829060975002, 36.2849001416281 ], [ -120.854012083718004, 36.284774084339801 ], [ -120.854630473634003, 36.284486817903797 ], [ -120.854979739008002, 36.284527275917199 ], [ -120.855266940039002, 36.284662940240899 ], [ -120.855635041881996, 36.284824888506897 ], [ -120.855910923395001, 36.284911209266397 ], [ -120.856761666409994, 36.285082812347099 ], [ -120.857073349919006, 36.285284140773904 ], [ -120.857144386949997, 36.285522102423997 ], [ -120.857122969859006, 36.285808646602199 ], [ -120.856951419660007, 36.2863218286872 ], [ -120.857060633909001, 36.286606059007603 ], [ -120.857677490857, 36.287057412641303 ], [ -120.858848324199997, 36.2877225340781 ], [ -120.859570940634001, 36.288097420944297 ], [ -120.859953557286005, 36.288373078746801 ], [ -120.860105396872001, 36.288633424359297 ], [ -120.863658676932999, 36.288640948628696 ], [ -120.863665530514993, 36.292202504374302 ], [ -120.881672936542998, 36.292258097125703 ], [ -120.881657788482997, 36.295901215689803 ], [ -120.886193470354002, 36.295914786554299 ], [ -120.886209763888999, 36.294712976208203 ], [ -120.885850960911995, 36.294654449744598 ], [ -120.885426618601997, 36.294496034888702 ], [ -120.885144551043993, 36.294312233957598 ], [ -120.884819593437996, 36.294043230142101 ], [ -120.884495697548005, 36.293641365465902 ], [ -120.884677015598996, 36.293542691068701 ], [ -120.885027011532003, 36.2934974915445 ], [ -120.885284347867, 36.293503311922599 ], [ -120.885590013959003, 36.293481937119701 ], [ -120.885931927073997, 36.293440166131703 ], [ -120.886228068598996, 36.293362786480102 ], [ -120.886449070054994, 36.2932858240559 ], [ -120.886848080473996, 36.2930154500499 ], [ -120.887036851633994, 36.2927306978006 ], [ -120.887166914957007, 36.292411620000202 ], [ -120.887673385265003, 36.291653013341403 ], [ -120.887862425175996, 36.291379999744201 ], [ -120.888269301945002, 36.290827654940102 ], [ -120.888731076400006, 36.290456486244601 ], [ -120.889098144341006, 36.290368620462303 ], [ -120.889561606810005, 36.290379085298802 ], [ -120.889897855643994, 36.290520691273301 ], [ -120.890230858357, 36.290832624807997 ], [ -120.890848333471993, 36.291427143322103 ], [ -120.891291382895005, 36.291801965634697 ], [ -120.891783021668004, 36.292087957903703 ], [ -120.892267980656001, 36.292397539898403 ], [ -120.892565785374003, 36.2927511145514 ], [ -120.892991194759006, 36.293607686683202 ], [ -120.89362433078, 36.294266813584699 ], [ -120.894032061122999, 36.294677403181304 ], [ -120.895077063176004, 36.295800656718797 ], [ -120.895032381129994, 36.299420843950202 ], [ -120.898441000784004, 36.2993681450018 ], [ -120.898571388696993, 36.299630966453996 ], [ -120.898613067853006, 36.299897665656303 ], [ -120.898719125976996, 36.3002088418298 ], [ -120.898790172394996, 36.300526267966497 ], [ -120.899197490088994, 36.301892147604498 ], [ -120.902573376193004, 36.301523651146901 ], [ -120.904041502780998, 36.301897500295297 ], [ -120.904304358483003, 36.301993233504398 ], [ -120.904619116367996, 36.302141003876102 ], [ -120.904810858920001, 36.3022906882439 ], [ -120.904850502714993, 36.302436866195599 ], [ -120.904816954175999, 36.302548951881803 ], [ -120.904665686420003, 36.302825576116 ], [ -120.908356685401998, 36.302779021821301 ], [ -120.908273272832005, 36.306341894685602 ], [ -120.912823578856006, 36.306306268224802 ], [ -120.921475006679003, 36.306260226356997 ], [ -120.930452550648994, 36.306285505578899 ], [ -120.930384011089998, 36.302902348948002 ], [ -120.930376007416001, 36.301350552250803 ], [ -120.930954534955006, 36.301115276336603 ], [ -120.931399878885998, 36.300841771945898 ], [ -120.932201872673005, 36.300291597310697 ], [ -120.933160522611999, 36.2997818111238 ], [ -120.933327678526993, 36.299518262256498 ], [ -120.933318218671999, 36.2991385522526 ], [ -120.934890259455003, 36.299125595052601 ], [ -120.934794392193993, 36.288276315054297 ], [ -120.939404381604007, 36.288213816337603 ], [ -120.939396120905002, 36.287354865165099 ], [ -120.939333965556003, 36.285456607923301 ], [ -120.939720451615003, 36.284828944498599 ], [ -120.939558401121005, 36.283177214566997 ], [ -120.939514265194006, 36.2810835100289 ], [ -120.941918691, 36.281022683202799 ], [ -120.942907558806994, 36.280351169572 ], [ -120.943225323121993, 36.280178218666798 ], [ -120.943712620937006, 36.279949033845199 ], [ -120.944146905099004, 36.279764352532197 ], [ -120.944873374585995, 36.279390040043403 ], [ -120.945655949550002, 36.279039917751703 ], [ -120.946521181622998, 36.278746693755203 ], [ -120.947189210564005, 36.278507434654401 ], [ -120.947786762158998, 36.278375020040698 ], [ -120.948472668340003, 36.278183482828297 ], [ -120.949583901858006, 36.2774358907864 ], [ -120.957418278396005, 36.277484848933099 ], [ -120.957431557161001, 36.281094765563203 ], [ -120.961972250127999, 36.281062167433703 ], [ -120.961953597979004, 36.284865080383 ], [ -120.966481648542, 36.284843449362697 ], [ -120.966464482872993, 36.288492244725298 ], [ -120.975570156443993, 36.2884475385898 ], [ -120.975602567853997, 36.292096309926499 ], [ -120.980042881656004, 36.292085583835302 ], [ -120.979995205267002, 36.288448025416997 ], [ -120.988696499648995, 36.288448501935001 ], [ -120.988568702899002, 36.284833067704199 ], [ -120.988127920593996, 36.284848691558999 ], [ -120.988232992613007, 36.284476057467998 ], [ -120.988280784574002, 36.284104387109203 ], [ -120.988210237244004, 36.2835742465737 ], [ -120.988250918358005, 36.2829245419044 ], [ -120.988006026399006, 36.282310528609997 ], [ -120.987741652045003, 36.281681388301301 ], [ -120.987556803483002, 36.2811745384274 ], [ -120.987241087770997, 36.280778051738601 ], [ -120.987172363070997, 36.280331065996897 ], [ -120.987101670919003, 36.279806851428702 ], [ -120.986934737515995, 36.2792533412876 ], [ -120.986825470848004, 36.278714318845701 ], [ -120.986960426755999, 36.2780166732406 ], [ -120.987252546579995, 36.2776630952362 ], [ -120.987045769182998, 36.277300441161401 ], [ -120.986917455769003, 36.276912743174798 ], [ -120.986868738325001, 36.2762200360892 ], [ -120.986858878004, 36.275730698584702 ], [ -120.986979519901993, 36.275313345402502 ], [ -120.987138915025994, 36.275011250253101 ], [ -120.987465601932996, 36.2747160100812 ], [ -120.987876790366002, 36.274457987487999 ], [ -120.988231529016005, 36.274326477053101 ], [ -120.988632014204001, 36.274116925803703 ], [ -120.988853280322004, 36.273900719311399 ], [ -120.989237883114995, 36.273536891545803 ], [ -120.989570306318001, 36.273000076929797 ], [ -120.989978019442006, 36.272606880852202 ], [ -120.990251767206999, 36.272109684623899 ], [ -120.990506593153, 36.271805982903501 ], [ -120.990840193593996, 36.271342428515901 ], [ -120.991140838445006, 36.2710615923218 ], [ -120.991437823145006, 36.270861036226101 ], [ -120.991777638873003, 36.270613856799997 ], [ -120.993390538265999, 36.2705394178586 ], [ -120.993379128385001, 36.270201291030801 ], [ -120.993797929901007, 36.270199136929101 ], [ -120.993950313238003, 36.270048335657201 ], [ -120.994135797829998, 36.269927494336898 ], [ -120.99443445931, 36.269805708384197 ], [ -120.994821717337999, 36.269750291394701 ], [ -120.995419859169004, 36.269753309353703 ], [ -120.996070827720004, 36.269925473401301 ], [ -120.996871791014996, 36.270003872372797 ], [ -120.997248328355994, 36.270189373133398 ], [ -120.997543506848004, 36.270563727754201 ], [ -120.998003073473996, 36.2708350286225 ], [ -120.998781862727, 36.270948346390099 ], [ -120.999817373116997, 36.270987566073103 ], [ -121.000439313054002, 36.2708680766927 ], [ -121.000709859476999, 36.270552383896302 ], [ -121.000851817509997, 36.2702765992153 ], [ -121.001030396767007, 36.270072560074702 ], [ -121.001148943676995, 36.269816370394999 ], [ -121.001342033591996, 36.269643296812397 ], [ -121.001455873845003, 36.2693249752787 ], [ -121.001481569053993, 36.269050298341902 ], [ -121.001652279240005, 36.268733821025499 ], [ -121.001743122632007, 36.268542213058304 ], [ -121.001903075154999, 36.2684486266416 ], [ -121.002099797848999, 36.268323716645497 ], [ -121.002283440945007, 36.268123611224503 ], [ -121.002486110896001, 36.267891023140898 ], [ -121.002723966695001, 36.267673919155897 ], [ -121.003138624103002, 36.267377440440796 ], [ -121.003523074721002, 36.267258372657999 ], [ -121.003930646396, 36.267187594367797 ], [ -121.004401171975005, 36.267131394784997 ], [ -121.004715064934999, 36.267166292982203 ], [ -121.005019437708, 36.267217433665898 ], [ -121.005289057968, 36.267269161277198 ], [ -121.005543148097004, 36.2672970269834 ], [ -121.005864178352994, 36.267223250823797 ], [ -121.006261342919004, 36.267019526937098 ], [ -121.006492683071997, 36.267128185426202 ], [ -121.007014463478001, 36.267710367166799 ], [ -121.007256064252005, 36.268023895273998 ], [ -121.007481519890007, 36.268289450104398 ], [ -121.007756326999001, 36.2685421096648 ], [ -121.008124352059994, 36.268748962467903 ], [ -121.008504804462007, 36.269052097763797 ], [ -121.008891763324996, 36.269222445200597 ], [ -121.009257406219007, 36.269336862096999 ], [ -121.009732909185004, 36.269280559890703 ], [ -121.010180982273994, 36.269124206262397 ], [ -121.010478560885005, 36.268886114622397 ], [ -121.010604593118998, 36.268701636234802 ], [ -121.010702398690995, 36.268460696793603 ], [ -121.010719257914005, 36.268265437691298 ], [ -121.010707710160005, 36.268030782944003 ], [ -121.010752861130001, 36.267809128974299 ], [ -121.010677775066995, 36.267508413337502 ], [ -121.010629269974999, 36.2671148606074 ], [ -121.010671202194999, 36.266830555264299 ], [ -121.010780372306996, 36.266529725080296 ], [ -121.010844565528004, 36.266068853735803 ], [ -121.010961943378007, 36.265531588562098 ], [ -121.010920787711996, 36.265111422825299 ], [ -121.011115478554999, 36.2648302695208 ], [ -121.011442020711996, 36.264693979597801 ], [ -121.011487299753, 36.266773447658899 ], [ -121.015878477708, 36.266767263270999 ], [ -121.015954769550007, 36.263113255137498 ], [ -121.026055291755, 36.263105330832701 ], [ -121.026175131648998, 36.263800904413799 ], [ -121.026417333251004, 36.263942603345903 ], [ -121.026861668918997, 36.263909271226197 ], [ -121.027301519058994, 36.264088466850197 ], [ -121.027703659915005, 36.264266029623698 ], [ -121.027866503303997, 36.264413369917698 ], [ -121.027856649102006, 36.264645159205401 ], [ -121.027911216711004, 36.265111758312102 ], [ -121.027904448623005, 36.265665193707903 ], [ -121.028009368043996, 36.2660253533966 ], [ -121.028202556764995, 36.266116410901603 ], [ -121.028438862936, 36.2664383566959 ], [ -121.028644174058002, 36.267598989610903 ], [ -121.028827313917006, 36.2687259319652 ], [ -121.028830137962998, 36.269240596826798 ], [ -121.028713125804003, 36.2696641130009 ], [ -121.028339559795, 36.270176638460399 ], [ -121.027741607471995, 36.270418485440601 ], [ -121.027329579340005, 36.270472712906297 ], [ -121.026873936163994, 36.270480501771601 ], [ -121.026493963198007, 36.270341160640903 ], [ -121.026164697103994, 36.270316760424599 ], [ -121.025895280583001, 36.2704702535233 ], [ -121.024713170791003, 36.2704837389132 ], [ -121.024784316118001, 36.274181321804903 ], [ -121.029033194524999, 36.274187231692203 ], [ -121.033408169493001, 36.274143604053101 ], [ -121.033356186402997, 36.277764706123598 ], [ -121.037765017322002, 36.277709479369499 ], [ -121.037798750142002, 36.2709895251419 ], [ -121.038876963324, 36.270514699419302 ], [ -121.039632403832002, 36.270127099099099 ], [ -121.040229702315003, 36.269593334166501 ], [ -121.040816650075996, 36.268891649519396 ], [ -121.042062708467, 36.268615789216497 ], [ -121.042142364322999, 36.270457638933301 ], [ -121.042158102429994, 36.274055864683397 ], [ -121.042406856599996, 36.284489731030902 ], [ -121.042721620296007, 36.2960234846067 ], [ -121.042948938308001, 36.313875087330302 ], [ -121.041465784158007, 36.3224431148574 ], [ -121.04081524691, 36.323679198787701 ], [ -121.040703403430996, 36.323910739744797 ], [ -121.053137938188001, 36.333969698344099 ], [ -121.058485467131007, 36.338269310045 ], [ -121.077331794184005, 36.353464443285702 ], [ -121.079721826246995, 36.355368812071497 ], [ -121.082679771659002, 36.357745955431298 ], [ -121.088890882984003, 36.362756781835898 ], [ -121.094330718712996, 36.367135434686901 ] ] ] } },
{ "type": "Feature", "properties": { "OBJECTID": 3, "Id": 0, "Name": "CIENEGA UNION ELEMENTARY", "Address": "11936 CIENEGA RD, HOLLISTER, CA 95023", "Phone": "831-637-3821", "Fax": "831-637-3961", "Webpage": "http://www.sbcoe.k12.ca.us/District/1243-Untitled.html", "GlobalID": "1ffa3a52-360a-4601-88ab-6752771a94d7", "Shape__Area": 1970096491.8564501, "Shape__Length": 305702.76715291198 }, "geometry": { "type": "Polygon", "coordinates": [ [ [ -121.491895538980998, 36.763587077187097 ], [ -121.491368361241996, 36.7637269682916 ], [ -121.490651686828002, 36.763917138669299 ], [ -121.484441390965998, 36.7656108484871 ], [ -121.483831050831995, 36.766316597678703 ], [ -121.483230237106994, 36.766853708251297 ], [ -121.476877867580995, 36.772522384928799 ], [ -121.475627934442002, 36.773637814992703 ], [ -121.474220499672001, 36.7748937415125 ], [ -121.475246501485998, 36.7755861370226 ], [ -121.474827238379007, 36.7759174981 ], [ -121.474719042855995, 36.775994024916102 ], [ -121.473543704354995, 36.776153151535802 ], [ -121.473597991755, 36.776916497372902 ], [ -121.473425743372999, 36.776946896288997 ], [ -121.473270508317995, 36.776974292114303 ], [ -121.472972348574999, 36.777239532127503 ], [ -121.472385106160999, 36.777404210877798 ], [ -121.471885224641994, 36.7777915702938 ], [ -121.471913301651995, 36.778181673867401 ], [ -121.471228134672998, 36.778315159223297 ], [ -121.470831706154996, 36.778189657147202 ], [ -121.470112069376995, 36.778733497580603 ], [ -121.469907029146, 36.778888448218197 ], [ -121.469567815873006, 36.7788549604129 ], [ -121.469119706840999, 36.778810720655898 ], [ -121.468866494617998, 36.779516560786902 ], [ -121.467997601620993, 36.780232965269597 ], [ -121.467604844201006, 36.780225765742301 ], [ -121.467422429481999, 36.780216655568701 ], [ -121.467110186154002, 36.780207799996901 ], [ -121.466754650571005, 36.780386462816303 ], [ -121.466888810054002, 36.7805388826051 ], [ -121.467006011937997, 36.7806720359767 ], [ -121.467148374147001, 36.780833772956001 ], [ -121.466892145030997, 36.781124067070898 ], [ -121.467208088708006, 36.781622983181997 ], [ -121.467677669153005, 36.782364497428297 ], [ -121.467592203134004, 36.782934205771902 ], [ -121.467330833844997, 36.783294774911703 ], [ -121.467260135239997, 36.783577929806903 ], [ -121.467125495017996, 36.784117173047697 ], [ -121.466746909020003, 36.784293329674398 ], [ -121.466420529225999, 36.784452851678303 ], [ -121.465541018728999, 36.7849029920866 ], [ -121.465257105489002, 36.785407376808699 ], [ -121.464353068893999, 36.785335853618498 ], [ -121.464151290386994, 36.785914569144701 ], [ -121.463943009683007, 36.785898827012801 ], [ -121.463804686654996, 36.785470768008203 ], [ -121.463129270688, 36.785270918296298 ], [ -121.462870425060999, 36.785300956290001 ], [ -121.462612721190993, 36.785336790900601 ], [ -121.462356361022998, 36.785378395431898 ], [ -121.462101544063003, 36.785425736929703 ], [ -121.461609278504, 36.785365739901202 ], [ -121.460692987580998, 36.785767175957503 ], [ -121.459083905219998, 36.786183415206601 ], [ -121.458232846737999, 36.786366750028201 ], [ -121.457092062846002, 36.7862446952916 ], [ -121.456829378975996, 36.786556086062497 ], [ -121.456302174555006, 36.786617651158501 ], [ -121.456169802269002, 36.786577651916701 ], [ -121.455515762529004, 36.786380020346897 ], [ -121.455434129509001, 36.786422574349203 ], [ -121.455441816657, 36.7864885968756 ], [ -121.455693171597005, 36.786831747731597 ], [ -121.455752301006001, 36.786848647098303 ], [ -121.455640574319006, 36.786921167305103 ], [ -121.455594243448004, 36.786951239283702 ], [ -121.454902613593006, 36.786860598305701 ], [ -121.454619620757995, 36.786896619103999 ], [ -121.454554752834994, 36.786922409480702 ], [ -121.454398826128994, 36.7869844022946 ], [ -121.454075917485, 36.7871127829061 ], [ -121.454031921330994, 36.7871708173003 ], [ -121.453624508569007, 36.787708217347401 ], [ -121.453811731106001, 36.788108203731298 ], [ -121.452648095037006, 36.788863446094403 ], [ -121.451782021379003, 36.789425542064301 ], [ -121.451076500764003, 36.789044355397998 ], [ -121.450186874070994, 36.788563685987498 ], [ -121.449033138321994, 36.787940298344701 ], [ -121.440615990669997, 36.783540676665403 ], [ -121.426716364244996, 36.776310212560297 ], [ -121.421299786469007, 36.785325827204602 ], [ -121.419894280470999, 36.787556090213798 ], [ -121.414978605252003, 36.785744592236497 ], [ -121.409320274652003, 36.784959970867099 ], [ -121.407396331561003, 36.7842825806961 ], [ -121.406621591542006, 36.784660773732099 ], [ -121.404731853086005, 36.785807886640299 ], [ -121.404724446659998, 36.7858185196704 ], [ -121.404713396147002, 36.785834352638197 ], [ -121.404706534788005, 36.785843666686802 ], [ -121.404699472012993, 36.785852882928801 ], [ -121.404692210006004, 36.785861999517003 ], [ -121.404684753135996, 36.785871012757902 ], [ -121.404677100197006, 36.785879919971201 ], [ -121.404669254466, 36.785888718386502 ], [ -121.404661220310999, 36.785897404309999 ], [ -121.404652998822996, 36.785905976818299 ], [ -121.404644592157993, 36.785914433163597 ], [ -121.404636003565003, 36.785922769674499 ], [ -121.404627235226997, 36.785930984504198 ], [ -121.404618290420004, 36.7859390748824 ], [ -121.404609171299995, 36.785947038061103 ], [ -121.404599881199005, 36.785954873071901 ], [ -121.404590421096998, 36.7859625753876 ], [ -121.404580795445995, 36.785970144017 ], [ -121.404571008670004, 36.785977577068401 ], [ -121.404561060655993, 36.785984870937902 ], [ -121.404550955857005, 36.785992024634403 ], [ -121.404540698641, 36.785999034464197 ], [ -121.404530290099999, 36.786005899503699 ], [ -121.404519734657001, 36.786012617860898 ], [ -121.404509034469001, 36.786019186788103 ], [ -121.404483690771002, 36.786032269750002 ], [ -121.404469756842005, 36.786039076885302 ], [ -121.404455677800001, 36.786045686820401 ], [ -121.404441456949996, 36.786052097685896 ], [ -121.404427098743, 36.786058308490396 ], [ -121.404412608697001, 36.786064316418603 ], [ -121.404397990142996, 36.786070120501897 ], [ -121.404383247476005, 36.786075717947298 ], [ -121.404368386269994, 36.786081107741097 ], [ -121.404353409829, 36.786086288013898 ], [ -121.404338323724005, 36.786091257751799 ], [ -121.404323131230996, 36.786096014184601 ], [ -121.404307839099999, 36.786100558077699 ], [ -121.404292450548994, 36.7861048848591 ], [ -121.404276968996001, 36.786108996262698 ], [ -121.404261402195999, 36.786112889427997 ], [ -121.404245752334006, 36.786116562508099 ], [ -121.404230026156995, 36.786120016268399 ], [ -121.404214226969998, 36.786123248839601 ], [ -121.404198359198006, 36.786126258329503 ], [ -121.404182429588005, 36.786129045503799 ], [ -121.404166440295995, 36.7861316076146 ], [ -121.404153354334994, 36.7861339381747 ], [ -121.404145065823002, 36.786135571753 ], [ -121.404136814558001, 36.786137321768798 ], [ -121.404128601601997, 36.786139186397897 ], [ -121.404120430372004, 36.786141167374097 ], [ -121.404112304145002, 36.7861432619273 ], [ -121.404104224039997, 36.786145470034903 ], [ -121.404096193417004, 36.786147791629197 ], [ -121.404088214460003, 36.786150224863398 ], [ -121.404080289437005, 36.786152770593297 ], [ -121.404072420532998, 36.786155426971902 ], [ -121.404064611077999, 36.7861581930309 ], [ -121.404056862193997, 36.786161068747397 ], [ -121.404049177212002, 36.7861640531532 ], [ -121.404041558288, 36.7861671435004 ], [ -121.404034007747001, 36.786170342446503 ], [ -121.404026527686995, 36.786173645442197 ], [ -121.404019119257995, 36.786177053365599 ], [ -121.404011786883004, 36.786180564324802 ], [ -121.404004532802006, 36.786184178274802 ], [ -121.403997356958996, 36.786187893413697 ], [ -121.403990262685994, 36.786191708773103 ], [ -121.403983252166995, 36.786195622506099 ], [ -121.403976328762994, 36.786199634545 ], [ -121.403969492415996, 36.786203743088201 ], [ -121.403962746459996, 36.786207947166901 ], [ -121.403956093077994, 36.786212244934397 ], [ -121.403949533361995, 36.786216635467397 ], [ -121.403943070644004, 36.786221117797098 ], [ -121.403936705988002, 36.7862256900994 ], [ -121.403930441577998, 36.786230350527397 ], [ -121.403924278505997, 36.786235098157697 ], [ -121.403918220104003, 36.786239932021701 ], [ -121.403912267435999, 36.786244850295098 ], [ -121.403906422686006, 36.786249851130997 ], [ -121.403900686946002, 36.786254933606102 ], [ -121.403895062372001, 36.786260094972597 ], [ -121.403889551204998, 36.786265335185398 ], [ -121.403884153386997, 36.786270652442802 ], [ -121.403878872193999, 36.786276043974503 ], [ -121.403873709839999, 36.786281508834399 ], [ -121.403868665147996, 36.786287045243498 ], [ -121.403863742569001, 36.786292652210498 ], [ -121.403858942021003, 36.786298327032902 ], [ -121.403854265685993, 36.786304067863902 ], [ -121.403849713536999, 36.786309873802502 ], [ -121.403845288905998, 36.786315743880301 ], [ -121.403840992800994, 36.786321674470997 ], [ -121.403836825165001, 36.7863276637731 ], [ -121.403832788211005, 36.786333710840601 ], [ -121.403832530648998, 36.786334113565097 ], [ -121.403828883003001, 36.786339813848997 ], [ -121.403825110604998, 36.786345970974203 ], [ -121.403821473172002, 36.786352179468302 ], [ -121.403817970705006, 36.786358439331501 ], [ -121.403814604182998, 36.786364746036597 ], [ -121.403811375874994, 36.786371100439602 ], [ -121.403808285641006, 36.786377498036003 ], [ -121.403805334599994, 36.786383938803297 ], [ -121.403802523761001, 36.7863904191153 ], [ -121.403799854214995, 36.786396938048803 ], [ -121.403797325935003, 36.786403494702697 ], [ -121.403794939899996, 36.786410084550198 ], [ -121.403792698350003, 36.786416707546202 ], [ -121.403790600053995, 36.786423360109602 ], [ -121.403788647252, 36.786430042195398 ], [ -121.403786838710005, 36.786436750222599 ], [ -121.403785176613994, 36.786443482344403 ], [ -121.403783660935005, 36.7864502376598 ], [ -121.403744879306004, 36.786578439914202 ], [ -121.403722365312007, 36.7866454335634 ], [ -121.403698400981995, 36.786712101239303 ], [ -121.403691161460998, 36.786730769041398 ], [ -121.403684940964993, 36.786745772675701 ], [ -121.403678394896005, 36.786760686410098 ], [ -121.403671526501, 36.786775506573598 ], [ -121.403664337850998, 36.7867902277155 ], [ -121.403656831074997, 36.786804846187202 ], [ -121.403649007124997, 36.786819356560798 ], [ -121.403640870367994, 36.786833755142503 ], [ -121.403632422903001, 36.786848037382804 ], [ -121.403623666830995, 36.786862198731903 ], [ -121.403614604279994, 36.7868762355413 ], [ -121.403605238441003, 36.786890142338002 ], [ -121.403595572561997, 36.786903915450502 ], [ -121.403585608770996, 36.786917551230403 ], [ -121.403500735316996, 36.787020415933704 ], [ -121.403415837696002, 36.787123267534803 ], [ -121.403411578925002, 36.787128527580798 ], [ -121.403408484560003, 36.787132525596 ], [ -121.403405477812001, 36.787136566017999 ], [ -121.403402558652999, 36.787140647946003 ], [ -121.403399729295003, 36.787144770433997 ], [ -121.403396989680999, 36.7871489316802 ], [ -121.403394339784001, 36.7871531307838 ], [ -121.403391781788002, 36.787157365897897 ], [ -121.403389316813005, 36.787161637 ], [ -121.403386944774994, 36.7871659413874 ], [ -121.403384665673002, 36.787170279060099 ], [ -121.403382481692006, 36.787174648171302 ], [ -121.403380392776, 36.787179046919199 ], [ -121.403378400045, 36.787183475281203 ], [ -121.403376503385999, 36.787187929653903 ], [ -121.403374702828003, 36.787192410938097 ], [ -121.403373001646997, 36.787196916363598 ], [ -121.403371396425996, 36.7872014441961 ], [ -121.403369890527003, 36.7872059943682 ], [ -121.403368483891001, 36.787210565077899 ], [ -121.403367176493006, 36.787215155424498 ], [ -121.403365968274997, 36.787219763606203 ], [ -121.403364861393001, 36.787224386875202 ], [ -121.403363854757004, 36.787229026155003 ], [ -121.403362948251996, 36.787233677842003 ], [ -121.403362143001004, 36.787238341913799 ], [ -121.403361438946007, 36.787243016568397 ], [ -121.403360837178994, 36.787247700882503 ], [ -121.403360336469007, 36.787252391275203 ], [ -121.403359937990999, 36.787257089525603 ], [ -121.403359640540998, 36.787261792953601 ], [ -121.403359446275999, 36.787266498811498 ], [ -121.403359354076002, 36.787271207121897 ], [ -121.403359363882998, 36.787275916082997 ], [ -121.403359475643001, 36.787280623892997 ], [ -121.403359689327004, 36.787285329650999 ], [ -121.403360005999005, 36.787290031532699 ], [ -121.403360423392002, 36.787294728682397 ], [ -121.403360943660005, 36.787299418352198 ], [ -121.403361565712999, 36.787304101465701 ], [ -121.403362288289003, 36.7873087735409 ], [ -121.403363112538003, 36.787313435456198 ], [ -121.403364038402998, 36.787318085409801 ], [ -121.403365064678994, 36.787322720721697 ], [ -121.403366191394994, 36.787327342292599 ], [ -121.403367417319004, 36.787331946541599 ], [ -121.403368744662998, 36.787336532522801 ], [ -121.403377432312993, 36.787359677149198 ], [ -121.403382662102004, 36.7873724742701 ], [ -121.403388168654004, 36.7873851973089 ], [ -121.403393951772998, 36.787397839959397 ], [ -121.403400008041999, 36.787410400487303 ], [ -121.403406336201996, 36.787422874411 ], [ -121.403412932725004, 36.787435256392499 ], [ -121.403419797553994, 36.787447544630197 ], [ -121.403426928309003, 36.787459734664601 ], [ -121.403434322609996, 36.787471822036402 ], [ -121.403441978133998, 36.787483804088097 ], [ -121.403449892526993, 36.787495677260999 ], [ -121.403458062289005, 36.787507437118499 ], [ -121.403466486216999, 36.787519080980402 ], [ -121.403475161930999, 36.7875306043872 ], [ -121.403484087077004, 36.787542003780501 ], [ -121.403918444170998, 36.788239471314398 ], [ -121.403924196697005, 36.788252782527898 ], [ -121.403927581841998, 36.788261222217301 ], [ -121.403930781282995, 36.7882697089155 ], [ -121.403933797120999, 36.788278238073097 ], [ -121.403936627088001, 36.788286808834101 ], [ -121.403939271097997, 36.788295418496098 ], [ -121.403941727920994, 36.788304063478002 ], [ -121.403943996378004, 36.788312742000699 ], [ -121.40394607636, 36.7883214504606 ], [ -121.403947966687994, 36.7883301870785 ], [ -121.403949667251993, 36.788338948251003 ], [ -121.403951178021998, 36.788347733077103 ], [ -121.403952497738999, 36.788356537075103 ], [ -121.403953626345995, 36.788365358443002 ], [ -121.403954562611005, 36.788374193599999 ], [ -121.403955307626006, 36.788383041622701 ], [ -121.403955860131006, 36.788391898029097 ], [ -121.403956221217996, 36.7884007618959 ], [ -121.403956389626003, 36.788409628741199 ], [ -121.403956365298995, 36.788418496763299 ], [ -121.403956148125005, 36.788427362358497 ], [ -121.403955739167003, 36.788436223702597 ], [ -121.403955138371003, 36.788445078993803 ], [ -121.403954344474997, 36.788453923750303 ], [ -121.403953359663006, 36.788462756125099 ], [ -121.403952182731004, 36.788471573438301 ], [ -121.403950815835003, 36.788480372941997 ], [ -121.403949257771004, 36.788489151956099 ], [ -121.403947508453996, 36.788497907778002 ], [ -121.403945570041003, 36.7885066376599 ], [ -121.403943442420001, 36.788515337998199 ], [ -121.403941126709, 36.788524008770501 ], [ -121.403938622742004, 36.788532644571397 ], [ -121.403935932728999, 36.788541244454798 ], [ -121.403933054318998, 36.788549804862498 ], [ -121.403929993055996, 36.788558323879698 ], [ -121.403926745494999, 36.788566798871599 ], [ -121.403923316005006, 36.788575226144403 ], [ -121.403919703436998, 36.7885836048196 ], [ -121.403915909918993, 36.788591931248703 ], [ -121.403911936488001, 36.788600202706498 ], [ -121.403907783113993, 36.7886084182921 ], [ -121.403903452989994, 36.788616572532298 ], [ -121.403897793621994, 36.788630955492202 ], [ -121.403893950848001, 36.788640004069698 ], [ -121.403889913599997, 36.788648997968998 ], [ -121.403885682856, 36.788657932663099 ], [ -121.403881257468996, 36.7886668072737 ], [ -121.403876640714998, 36.7886756190304 ], [ -121.403871833574001, 36.788684363406297 ], [ -121.403866837137002, 36.788693039477998 ], [ -121.40386165356, 36.7887016444975 ], [ -121.403856283851994, 36.788710174838798 ], [ -121.403850729075998, 36.788718628677699 ], [ -121.403844993627999, 36.788727003221098 ], [ -121.403839076333, 36.7887352966899 ], [ -121.403832979289007, 36.788743504534601 ], [ -121.403826705857995, 36.788751626687301 ], [ -121.403820255899006, 36.788759658643698 ], [ -121.403813633864004, 36.788767599412701 ], [ -121.403806840761007, 36.788775445368103 ], [ -121.403799877682005, 36.788783195586603 ], [ -121.403792747902997, 36.788790847297598 ], [ -121.403785453523994, 36.7887983959519 ], [ -121.403777994601001, 36.7888058433509 ], [ -121.403770377659001, 36.7888131830533 ], [ -121.403762600484995, 36.788820416004903 ], [ -121.403754669658994, 36.788827537566199 ], [ -121.403746584060997, 36.7888345477594 ], [ -121.403738348030998, 36.788841441990002 ], [ -121.403729963809994, 36.788848220212898 ], [ -121.403721433580998, 36.788854880581098 ], [ -121.403712760592995, 36.788861419423498 ], [ -121.403703945938005, 36.788867835816603 ], [ -121.403682653307001, 36.7888830608806 ], [ -121.403670513682002, 36.7888913254762 ], [ -121.403658196096004, 36.788899417871598 ], [ -121.403645703853002, 36.788907336197198 ], [ -121.403633042468996, 36.788915077637597 ], [ -121.403620216370001, 36.788922640300797 ], [ -121.403607226618007, 36.788930022362301 ], [ -121.403594078702, 36.788937220106 ], [ -121.403580775955007, 36.788944232563097 ], [ -121.403567325040001, 36.788951057796602 ], [ -121.403553726965995, 36.788957692180297 ], [ -121.403539986213005, 36.788964135623999 ], [ -121.403526109389006, 36.788970384388797 ], [ -121.403512097615007, 36.788976438452103 ], [ -121.403497957498004, 36.788982294074899 ], [ -121.403483692372006, 36.788987950288899 ], [ -121.40346930666, 36.7889934052019 ], [ -121.403454804814999, 36.788998657822802 ], [ -121.403440190140998, 36.789003706282102 ], [ -121.403425469273998, 36.789008547741901 ], [ -121.403410645603003, 36.7890131830355 ], [ -121.403391604267995, 36.789018532447002 ], [ -121.403374375032001, 36.789023659676502 ], [ -121.403357259770004, 36.789029027999497 ], [ -121.403340262905999, 36.789034635524203 ], [ -121.403323391105005, 36.789040480313403 ], [ -121.403306648818003, 36.789046561376303 ], [ -121.403290040469003, 36.789052876820797 ], [ -121.403273571574999, 36.789059423831702 ], [ -121.403257248857003, 36.789066202273801 ], [ -121.403241074413003, 36.789073207597397 ], [ -121.403225053843997, 36.789080439689997 ], [ -121.403209193758997, 36.789087894813001 ], [ -121.403193497488999, 36.789095571997599 ], [ -121.403182395729004, 36.789102435534403 ], [ -121.403174626821993, 36.7891074516223 ], [ -121.403166967741001, 36.789112575475301 ], [ -121.403159420698003, 36.789117806147502 ], [ -121.403151987876996, 36.789123141791997 ], [ -121.403144673729997, 36.789128581417899 ], [ -121.403137477054003, 36.789134122344898 ], [ -121.403130402328003, 36.789139764482897 ], [ -121.403123450531993, 36.7891455033051 ], [ -121.403116625083001, 36.789151340545502 ], [ -121.403109926960994, 36.789157271677297 ], [ -121.403103359525005, 36.789163296632701 ], [ -121.403096922692995, 36.789169412709199 ], [ -121.403090619766999, 36.789175618037397 ], [ -121.403084452932006, 36.789181910770303 ], [ -121.403078422131998, 36.789188289106498 ], [ -121.403072532912006, 36.789194751131298 ], [ -121.403066782973994, 36.789201295087999 ], [ -121.403061176715994, 36.789207918183898 ], [ -121.403055715229002, 36.789214619495603 ], [ -121.403050398429002, 36.7892213963204 ], [ -121.403045230741, 36.789228246766399 ], [ -121.403040213229005, 36.789235169009302 ], [ -121.403035345807993, 36.789242160346497 ], [ -121.403030629542002, 36.7892492189536 ], [ -121.403026068857002, 36.789256342938899 ], [ -121.403021663667005, 36.789263529599602 ], [ -121.403017413889003, 36.789270776233103 ], [ -121.403013322882003, 36.789278082771702 ], [ -121.403009390508004, 36.789285444711098 ], [ -121.403005618977005, 36.789292861105501 ], [ -121.402988157166007, 36.789337234723 ], [ -121.402978294259, 36.789360249758197 ], [ -121.402967932655997, 36.7893831224861 ], [ -121.402957076638998, 36.789405846509901 ], [ -121.402945729345006, 36.789428414554898 ], [ -121.402933893935995, 36.789450820247097 ], [ -121.402921574668994, 36.789473056289197 ], [ -121.402903124326002, 36.7895111288462 ], [ -121.402889223944001, 36.789538130203297 ], [ -121.402874739005, 36.7895649314843 ], [ -121.402859674910999, 36.789591526270002 ], [ -121.402844035835003, 36.789617904560401 ], [ -121.402827826060999, 36.789644059958903 ], [ -121.402811053175, 36.789669984199499 ], [ -121.402793719136994, 36.789695668227999 ], [ -121.402775830471995, 36.789721105602901 ], [ -121.402675035401998, 36.789848644393402 ], [ -121.402575542704, 36.789976842878801 ], [ -121.402563320715998, 36.789991403810198 ], [ -121.402555101684996, 36.7900016618078 ], [ -121.402547105831999, 36.790012032501402 ], [ -121.402539336488999, 36.790022514922498 ], [ -121.402531795729004, 36.7900331036208 ], [ -121.402524485762996, 36.790043797650398 ], [ -121.402517409813001, 36.790054592439198 ], [ -121.402510567793001, 36.7900654852847 ], [ -121.402503964044001, 36.7900764715923 ], [ -121.402497599631005, 36.790087549537702 ], [ -121.402491476652997, 36.790098714571599 ], [ -121.402485596174003, 36.7901099648696 ], [ -121.402479961387996, 36.790121294958901 ], [ -121.402474572236997, 36.7901327030376 ], [ -121.402469431941995, 36.790144184534 ], [ -121.402464542659004, 36.7901557367001 ], [ -121.402459903156, 36.790167355955099 ], [ -121.402455517801997, 36.790179038605302 ], [ -121.402451386455994, 36.790190780146403 ], [ -121.402447510182995, 36.790202578753899 ], [ -121.402443891082001, 36.790214429878603 ], [ -121.402440529041996, 36.790226329916898 ], [ -121.402439402428996, 36.790233024191103 ], [ -121.402438423668002, 36.790239715489797 ], [ -121.402437590966002, 36.790246418272503 ], [ -121.402436904324006, 36.790253132539 ], [ -121.402436362539007, 36.7902598556092 ], [ -121.402435966644006, 36.790266584758101 ], [ -121.402435717705998, 36.790273318161098 ], [ -121.402435614576007, 36.790280054940098 ], [ -121.402435657141993, 36.790286791491503 ], [ -121.402435846494996, 36.790293526891801 ], [ -121.402436181431995, 36.790300258461002 ], [ -121.402436662989004, 36.790306983473897 ], [ -121.402437290045995, 36.790313701953004 ], [ -121.402438062461997, 36.7903204093939 ], [ -121.402438980238003, 36.790327105796599 ], [ -121.40244004441, 36.790333788435902 ], [ -121.402441252653006, 36.790340454654199 ], [ -121.402442604940006, 36.790347103550701 ], [ -121.402444102277997, 36.790353731499202 ], [ -121.402445741280005, 36.790360337666598 ], [ -121.402447526341007, 36.790366919260002 ], [ -121.402449451834002, 36.790373475491101 ], [ -121.402451519940996, 36.790380004513302 ], [ -121.402453729431997, 36.790386502745399 ], [ -121.402456078010999, 36.790392968430702 ], [ -121.402458569008004, 36.790399400600897 ], [ -121.402461197888002, 36.790405797544203 ], [ -121.402463965658995, 36.790412155634499 ], [ -121.402466871173004, 36.790418473993597 ], [ -121.402469912133995, 36.790424750864702 ], [ -121.402473089604996, 36.790430984423502 ], [ -121.402476402383002, 36.7904371719899 ], [ -121.402479848198993, 36.790443312708099 ], [ -121.402483426941004, 36.790449402974602 ], [ -121.402487137489999, 36.790455442811798 ], [ -121.402490977547998, 36.790461430463097 ], [ -121.402494948124996, 36.7904673623025 ], [ -121.402499046952002, 36.790473237473996 ], [ -121.402503271732002, 36.790479054221002 ], [ -121.402507622409004, 36.790484810741603 ], [ -121.402512096688, 36.790490505279401 ], [ -121.402516695661006, 36.790496136910697 ], [ -121.402521414733997, 36.790501702122199 ], [ -121.402526253909002, 36.7905072009139 ], [ -121.402531211980005, 36.790512630605697 ], [ -121.402536286680004, 36.790517990341698 ], [ -121.402541477924004, 36.790523277419403 ], [ -121.402546782325004, 36.790528491005297 ], [ -121.402552198706005, 36.790533629320301 ], [ -121.402557725918996, 36.790538691486098 ], [ -121.402565360482001, 36.790544950730101 ], [ -121.402571535050001, 36.7905498177754 ], [ -121.402577814457004, 36.790554596171603 ], [ -121.402584196491006, 36.790559286864699 ], [ -121.402590678828005, 36.790563887197301 ], [ -121.402597260291003, 36.790568395389897 ], [ -121.402603938612998, 36.790572810586902 ], [ -121.402610711497999, 36.790577131031498 ], [ -121.402617576675993, 36.7905813558679 ], [ -121.402624534119994, 36.790585484195198 ], [ -121.402631579265005, 36.790589513401002 ], [ -121.402638709900003, 36.790593444431103 ], [ -121.402645924791997, 36.790597273704599 ], [ -121.402653222820007, 36.7906010012439 ], [ -121.402660600597002, 36.790604626215902 ], [ -121.402668054706993, 36.790608146886399 ], [ -121.402675585121003, 36.790611562354499 ], [ -121.402683188422003, 36.790614870886003 ], [ -121.402690861278998, 36.790618073449401 ], [ -121.402698603608002, 36.790621167342003 ], [ -121.402706412019, 36.790624151730697 ], [ -121.402714283153998, 36.790627026682998 ], [ -121.402722215834999, 36.7906297904197 ], [ -121.402730206673994, 36.790632442107501 ], [ -121.402738254523996, 36.790634980868099 ], [ -121.402746356050997, 36.790637407669799 ], [ -121.402754508903996, 36.790639718954502 ], [ -121.402762710898003, 36.790641916568802 ], [ -121.402770959709002, 36.790643997855199 ], [ -121.402779251976995, 36.7906459628813 ], [ -121.402787585461994, 36.790647811692097 ], [ -121.402795957894, 36.790649543431996 ], [ -121.402804367006993, 36.790651157245101 ], [ -121.402812810531003, 36.790652652275497 ], [ -121.402821282895005, 36.790654029536903 ], [ -121.402829786281998, 36.790655287182403 ], [ -121.402838313971003, 36.790656425347301 ], [ -121.402846865935004, 36.790657443130698 ], [ -121.402855438841996, 36.7906583415011 ], [ -121.402864029274994, 36.7906591187243 ], [ -121.402872635020998, 36.790659775746398 ], [ -121.402881254933007, 36.790660311688903 ], [ -121.402889884529998, 36.790660726642201 ], [ -121.402898521544003, 36.790661019750203 ], [ -121.402907163763004, 36.790661191959202 ], [ -121.402915808946005, 36.790661243314098 ], [ -121.402940705814999, 36.790660866596298 ], [ -121.402959091192997, 36.790660284697303 ], [ -121.402977460686003, 36.790659444400099 ], [ -121.402995809839993, 36.790658346695899 ], [ -121.403014131907, 36.790656990819102 ], [ -121.40303242249, 36.790655379562402 ], [ -121.403050674783998, 36.790653510358602 ], [ -121.403068883274003, 36.790651386023001 ], [ -121.403087043449005, 36.790649005745003 ], [ -121.403105149794001, 36.7906463723399 ], [ -121.403123195505003, 36.790643483240501 ], [ -121.403141176239004, 36.790640343041296 ], [ -121.403159085192996, 36.790636949175003 ], [ -121.403176919147, 36.790633306213699 ], [ -121.403192556373, 36.790629844489601 ], [ -121.403201971466999, 36.7906279485262 ], [ -121.403211427700001, 36.790626186049401 ], [ -121.403220919416, 36.790624555370201 ], [ -121.403230446699993, 36.790623059191198 ], [ -121.403240002773998, 36.7906216958458 ], [ -121.403249588844005, 36.790620468014303 ], [ -121.403259199252005, 36.790619374007498 ], [ -121.403268831814998, 36.790618415672299 ], [ -121.403278484264007, 36.790617592152998 ], [ -121.403288152174994, 36.790616905341402 ], [ -121.403297834371998, 36.790616353458503 ], [ -121.403307526402003, 36.790615937494998 ], [ -121.403317227174995, 36.790615658374698 ], [ -121.403326931031998, 36.790615514408401 ], [ -121.403336638031007, 36.790615507397902 ], [ -121.403346342543003, 36.790615636555103 ], [ -121.403356043447005, 36.790615901902399 ], [ -121.403365737383993, 36.790616303507697 ], [ -121.403375419845005, 36.790616840560098 ], [ -121.403385089737995, 36.7906175139832 ], [ -121.403394743676003, 36.790618322943601 ], [ -121.403404379389002, 36.790619266585502 ], [ -121.403413991332997, 36.790620346823701 ], [ -121.403423579397, 36.790621560054298 ], [ -121.403433140302994, 36.790622909047897 ], [ -121.403442670637006, 36.790624392070299 ], [ -121.403452165860998, 36.790626007409898 ], [ -121.403461624911998, 36.790627756891098 ], [ -121.403471045464997, 36.790629637856199 ], [ -121.403480423095999, 36.790631652197398 ], [ -121.403489755452, 36.790633796356097 ], [ -121.403499040349999, 36.790636072179304 ], [ -121.403508274372996, 36.790638477932802 ], [ -121.403517455254004, 36.790641012760901 ], [ -121.403526578482996, 36.790643675852898 ], [ -121.403535642940994, 36.790646467231298 ], [ -121.403544646331, 36.790649385139602 ], [ -121.403553584145001, 36.790652428766997 ], [ -121.403562455235999, 36.7906555972353 ], [ -121.403571256212999, 36.790658889711203 ], [ -121.403579983691003, 36.790662305361501 ], [ -121.403588636519004, 36.790665843307899 ], [ -121.403597210162999, 36.790669501838899 ], [ -121.403605703473005, 36.790673280076099 ], [ -121.403614114182005, 36.790677177163801 ], [ -121.403628191777997, 36.790684787697103 ], [ -121.403639668297998, 36.7906912552804 ], [ -121.403651002938005, 36.790697881669303 ], [ -121.403662192338999, 36.790704666931603 ], [ -121.403673233025998, 36.790711607531499 ], [ -121.403684120492997, 36.790718702658403 ], [ -121.403694853507005, 36.7907259487312 ], [ -121.403705426439004, 36.790733344962099 ], [ -121.403715838086001, 36.790740888670697 ], [ -121.403726085002006, 36.790748577222303 ], [ -121.403736162623005, 36.790756408004398 ], [ -121.403746068654002, 36.790764379260501 ], [ -121.403755800797001, 36.790772489233902 ], [ -121.403765355553006, 36.7907807334878 ], [ -121.403774729532003, 36.790789111189198 ], [ -121.403783920383006, 36.7907976187796 ], [ -121.403792924661005, 36.790806253624098 ], [ -121.403801741218004, 36.790815014844398 ], [ -121.403810366553998, 36.790823898003801 ], [ -121.403818796102996, 36.790832900489903 ], [ -121.403827030930003, 36.790842020478401 ], [ -121.403835065322994, 36.790851254478703 ], [ -121.403842898047998, 36.790860598909703 ], [ -121.403850527957999, 36.790870052893197 ], [ -121.403857950459994, 36.790879612915901 ], [ -121.403865165414004, 36.7908892744735 ], [ -121.403872169432006, 36.790899036732696 ], [ -121.403878960132005, 36.790908895234303 ], [ -121.403885535219004, 36.7909188482218 ], [ -121.403899424515998, 36.790941723099898 ], [ -121.403908033402999, 36.790956738221396 ], [ -121.403916315369003, 36.790971872605901 ], [ -121.403924269127003, 36.790987120870703 ], [ -121.403931888933002, 36.7910024786243 ], [ -121.403939175741996, 36.791017940438998 ], [ -121.403946124930997, 36.7910335019006 ], [ -121.403952736389002, 36.791049159405503 ], [ -121.403959005437997, 36.791064906738001 ], [ -121.403964934206996, 36.791080740249399 ], [ -121.403970516925995, 36.791096654647298 ], [ -121.403975753427005, 36.7911126445264 ], [ -121.403980642449994, 36.791128705404901 ], [ -121.403985182734004, 36.791144832801002 ], [ -121.403989371869002, 36.791161021354597 ], [ -121.403993208569005, 36.791177265682997 ], [ -121.40399669384, 36.791193562160103 ], [ -121.403999823004995, 36.791209904569897 ], [ -121.404001070546002, 36.791230142157701 ], [ -121.404001805042, 36.791248948663799 ], [ -121.404002130673007, 36.791267762501498 ], [ -121.404002048389998, 36.791286578242897 ], [ -121.404001559115997, 36.791305389559497 ], [ -121.404000660443003, 36.791324191090901 ], [ -121.403999354442007, 36.791342977386797 ], [ -121.403997639824993, 36.791361743064499 ], [ -121.403995519727005, 36.791380480849 ], [ -121.403992991796002, 36.791399187182201 ], [ -121.403990059139005, 36.791417853888198 ], [ -121.403986722764003, 36.791436477341101 ], [ -121.403982693505, 36.791452969303997 ], [ -121.403978974419999, 36.791466787641603 ], [ -121.403974957719001, 36.791480550673498 ], [ -121.403970642198004, 36.791494255719698 ], [ -121.403966029927005, 36.791507897329602 ], [ -121.403961121942999, 36.7915214727782 ], [ -121.403955920344998, 36.791534977515802 ], [ -121.403950427233994, 36.791548406992902 ], [ -121.403944643616995, 36.791561757583302 ], [ -121.403938570446002, 36.791575023859203 ], [ -121.403932209904994, 36.791588203973603 ], [ -121.403925565186, 36.791601292453599 ], [ -121.403918637296997, 36.791614285673099 ], [ -121.403911428365006, 36.791627179983202 ], [ -121.403903940462996, 36.791639969933698 ], [ -121.403896176922999, 36.791652654555897 ], [ -121.403888138639999, 36.791665226620097 ], [ -121.403810585767005, 36.791784395328001 ], [ -121.403733467603004, 36.791903746331698 ], [ -121.403727906138002, 36.791912749269301 ], [ -121.403723629314996, 36.791920029820098 ], [ -121.403719510122002, 36.791927369396902 ], [ -121.403715550743001, 36.7919347661526 ], [ -121.403711752212999, 36.791942217362198 ], [ -121.403708116717993, 36.791949721178803 ], [ -121.403704644144995, 36.791957273998797 ], [ -121.403701335586007, 36.791964874898902 ], [ -121.403698193197002, 36.791972521131299 ], [ -121.403695216895002, 36.791980209993497 ], [ -121.403692407742994, 36.791987939660999 ], [ -121.403689766777006, 36.791995707408702 ], [ -121.403687295061999, 36.792003511412297 ], [ -121.403684992484997, 36.7920113480683 ], [ -121.403682861258005, 36.792019216430802 ], [ -121.403680900178003, 36.792027113819501 ], [ -121.403679111401004, 36.792035037486897 ], [ -121.403677494842, 36.792042984730102 ], [ -121.403676050445, 36.792050953747498 ], [ -121.403674779219003, 36.792058940913201 ], [ -121.403673682255004, 36.792066945303397 ], [ -121.403672758349998, 36.792074964238402 ], [ -121.403672009659005, 36.792082994970002 ], [ -121.403671433859003, 36.7920910348411 ], [ -121.403671034224999, 36.792099081081197 ], [ -121.403670807341001, 36.7921071319563 ], [ -121.403670756484004, 36.792115184695902 ], [ -121.403670879356, 36.7921232375435 ], [ -121.403671178088004, 36.792131286850399 ], [ -121.403671651501, 36.7921393308375 ], [ -121.403672298391996, 36.792147366824501 ], [ -121.403673119798, 36.7921553920864 ], [ -121.403674116809, 36.792163405699803 ], [ -121.403675285955003, 36.792171404128602 ], [ -121.403676629361996, 36.792179383724303 ], [ -121.403678144790007, 36.792187344531897 ], [ -121.403679833221005, 36.792195282024601 ], [ -121.403681693476997, 36.792203194423102 ], [ -121.403683725502006, 36.7922110799256 ], [ -121.403685926972997, 36.792218935874502 ], [ -121.403688300043996, 36.792226759522201 ], [ -121.403690841301, 36.792234549134498 ], [ -121.403693552871005, 36.792242301062799 ], [ -121.403696431365006, 36.792250014473701 ], [ -121.403699476672003, 36.7922576857639 ], [ -121.403702687616004, 36.792265313153997 ], [ -121.403706064112001, 36.792272893941501 ], [ -121.403709604983007, 36.792280426346998 ], [ -121.403713309056002, 36.792287908591298 ], [ -121.403717174003006, 36.792295338016999 ], [ -121.403721199714994, 36.792302711020497 ], [ -121.403725385041, 36.7923100267233 ], [ -121.403729727658998, 36.792317282467998 ], [ -121.403734228632004, 36.792324476430302 ], [ -121.403738883396002, 36.792331605997603 ], [ -121.403743694135002, 36.792338669323101 ], [ -121.403748655163994, 36.792345663816903 ], [ -121.403753768694997, 36.792352588532999 ], [ -121.403759031228006, 36.792359439034598 ], [ -121.403764441614001, 36.792366214443398 ], [ -121.403769997615001, 36.792372914804403 ], [ -121.403775699031996, 36.792379533811598 ], [ -121.403781542562001, 36.7923860733341 ], [ -121.403787528064996, 36.792392528867701 ], [ -121.403793652180994, 36.792398900480002 ], [ -121.403799913675996, 36.792405184590002 ], [ -121.403806310283997, 36.792411380341797 ], [ -121.403812840799006, 36.792417485055502 ], [ -121.404124268081006, 36.792728300503903 ], [ -121.404324744803006, 36.792919352439398 ], [ -121.404344933972993, 36.792936081438498 ], [ -121.404356375115995, 36.7929451079738 ], [ -121.404368010734999, 36.792953972838397 ], [ -121.404379837359997, 36.792962672496401 ], [ -121.404391850452001, 36.792971205236199 ], [ -121.404404046539, 36.792979567521797 ], [ -121.404416423352998, 36.792987758497603 ], [ -121.404428975152996, 36.7929957737717 ], [ -121.404441699642007, 36.793003611587601 ], [ -121.404454591136997, 36.793011269355198 ], [ -121.404467647367994, 36.793018746218898 ], [ -121.404480864833999, 36.793026037741697 ], [ -121.404494237879007, 36.793033142234798 ], [ -121.404507763115006, 36.793040058864797 ], [ -121.404521435920003, 36.793046783217498 ], [ -121.404535251843001, 36.793053316284002 ], [ -121.404549209622004, 36.793059653582397 ], [ -121.40456330136, 36.793065793468898 ], [ -121.40457752479, 36.793071735087601 ], [ -121.404591874253995, 36.793077476749403 ], [ -121.404606346308, 36.793083015819398 ], [ -121.404620936415, 36.793088350586103 ], [ -121.404635641186005, 36.7930934802162 ], [ -121.404650453816004, 36.793098402142299 ], [ -121.404665370917996, 36.793103115531302 ], [ -121.404680387981003, 36.793107619572403 ], [ -121.404695500442003, 36.793111911653298 ], [ -121.404710704912006, 36.793115990940699 ], [ -121.404725994613997, 36.793119855768197 ], [ -121.404741366159001, 36.793123505302397 ], [ -121.404756813918993, 36.793126938755499 ], [ -121.404772334504003, 36.793130155294001 ], [ -121.404787923379004, 36.793133153206597 ], [ -121.404803573793004, 36.793135931727498 ], [ -121.405027419221, 36.793182876290103 ], [ -121.405251814238994, 36.793228096618002 ], [ -121.405648360518001, 36.793312091408502 ], [ -121.405852944684, 36.793359947193203 ], [ -121.406056459411005, 36.793410667346201 ], [ -121.406134442408998, 36.793435547754001 ], [ -121.406176850886993, 36.7934500591061 ], [ -121.406218939374, 36.793465163734297 ], [ -121.406260693169003, 36.793480857428101 ], [ -121.406302100847, 36.793497133206301 ], [ -121.406343147789002, 36.793513989561099 ], [ -121.406383824784001, 36.793531418565699 ], [ -121.406424116009006, 36.7935494160321 ], [ -121.406464010068007, 36.793567975880201 ], [ -121.406503495590002, 36.793587092930899 ], [ -121.406542561207999, 36.793606762005297 ], [ -121.406581193226003, 36.793626975266498 ], [ -121.406619381423994, 36.793647728414001 ], [ -121.406657112136998, 36.793669014511998 ], [ -121.406694377297995, 36.793690826512098 ], [ -121.406752951466004, 36.793722945161903 ], [ -121.406790150781006, 36.793744332977496 ], [ -121.406826880989001, 36.7937662404576 ], [ -121.406863130662998, 36.793788660621203 ], [ -121.406898887229005, 36.793811585609397 ], [ -121.406934141503001, 36.793835008396201 ], [ -121.406968883206005, 36.793858922878997 ], [ -121.407003098672007, 36.793883322122397 ], [ -121.40703678202, 36.793908197230799 ], [ -121.407069918464003, 36.793933541291302 ], [ -121.407102499909996, 36.793959346354299 ], [ -121.407134517143007, 36.793985604493301 ], [ -121.407165959859, 36.794012308704801 ], [ -121.407196817694995, 36.794039450183703 ], [ -121.407227082557, 36.794067020980698 ], [ -121.407256744055005, 36.7940950113897 ], [ -121.407285794122998, 36.794123414362403 ], [ -121.407314222398, 36.794152221093498 ], [ -121.407342021852003, 36.794181421809398 ], [ -121.407369184388003, 36.794211008560701 ], [ -121.407395699646003, 36.794240972542198 ], [ -121.407421560565993, 36.794271303079398 ], [ -121.407446759083001, 36.794301993123902 ], [ -121.407471289230003, 36.7943330310774 ], [ -121.407495141821002, 36.794364409913896 ], [ -121.407652463093001, 36.7945607230223 ], [ -121.407810896946998, 36.7947564573007 ], [ -121.408200933179003, 36.795228815475099 ], [ -121.408590118587, 36.7957016276902 ], [ -121.408744560718006, 36.795894720738403 ], [ -121.408822309374997, 36.795997571178297 ], [ -121.408897814141994, 36.796101496294597 ], [ -121.408971051652998, 36.796206465913698 ], [ -121.409042001847993, 36.796312447992399 ], [ -121.409110640128006, 36.796419408775797 ], [ -121.409127699283999, 36.796455171991603 ], [ -121.409141083142998, 36.796484937222999 ], [ -121.409153820352003, 36.796514884973199 ], [ -121.409165903965004, 36.796545008170803 ], [ -121.409177333616, 36.796575295104901 ], [ -121.409188103478002, 36.7966057386814 ], [ -121.409198212093003, 36.796636328112598 ], [ -121.409207653606998, 36.796667055403802 ], [ -121.409216428828998, 36.796697910622797 ], [ -121.409224531849006, 36.796728883973202 ], [ -121.409231962384993, 36.796759966446302 ], [ -121.409238716767007, 36.796791148200398 ], [ -121.409244793591995, 36.796822420249299 ], [ -121.409250190338994, 36.7968537736296 ], [ -121.409254906640996, 36.796885196630001 ], [ -121.409258940002999, 36.796916681187902 ], [ -121.409262289024994, 36.796948218316999 ], [ -121.409264953367, 36.796979797207101 ], [ -121.409266932747997, 36.797011408849102 ], [ -121.409268224618003, 36.7970430433788 ], [ -121.409268830933996, 36.797074691742203 ], [ -121.409268749118993, 36.797106343173901 ], [ -121.409267982250995, 36.797137988597399 ], [ -121.409266527807006, 36.797169619049001 ], [ -121.409264386570996, 36.797201223695502 ], [ -121.409261560499004, 36.797232793482998 ], [ -121.409258049282997, 36.797264318501703 ], [ -121.409253854908997, 36.797295790598398 ], [ -121.409248978129995, 36.797327198039 ], [ -121.409243420905995, 36.797358531769497 ], [ -121.409237184103006, 36.797389783659199 ], [ -121.409230269622995, 36.797420942852298 ], [ -121.409222680572, 36.7974520011729 ], [ -121.409182748934995, 36.797568848303698 ], [ -121.409153013649004, 36.797649109108498 ], [ -121.409121540965998, 36.797728940715302 ], [ -121.409088341323994, 36.797808318572798 ], [ -121.409053422892001, 36.797887217274301 ], [ -121.409016798433996, 36.797965614926099 ], [ -121.408978478386999, 36.798043486976603 ], [ -121.408938473193004, 36.798120808874799 ], [ -121.408881748492007, 36.798243514242898 ], [ -121.408835765809997, 36.798349060178303 ], [ -121.408792080338998, 36.798455235829699 ], [ -121.408750706730999, 36.798562007550601 ], [ -121.408711655239998, 36.7986693444876 ], [ -121.408674939397997, 36.798777213016699 ], [ -121.408673565463999, 36.798781247660898 ], [ -121.407948615956997, 36.798297225758603 ], [ -121.405142006226001, 36.7964232605296 ], [ -121.397292867502998, 36.791242704914303 ], [ -121.397404212379001, 36.790262432960397 ], [ -121.395006800866, 36.785613925177898 ], [ -121.394944872010996, 36.7854966455998 ], [ -121.394387705225995, 36.7849266028839 ], [ -121.394681433466999, 36.783312280806399 ], [ -121.395324959727006, 36.782568224876997 ], [ -121.395870716103005, 36.782247232641403 ], [ -121.395256253360998, 36.782020325466199 ], [ -121.395211583218, 36.781805769888003 ], [ -121.395001543738999, 36.781286078214201 ], [ -121.394630394228997, 36.781080343130498 ], [ -121.393637708756003, 36.781297633554402 ], [ -121.387737402252995, 36.782247895125501 ], [ -121.379664194205006, 36.783538928107198 ], [ -121.372596451554998, 36.784668688143199 ], [ -121.372606313993998, 36.784420185003803 ], [ -121.372671628122006, 36.782774290803701 ], [ -121.372399042295996, 36.782875356723103 ], [ -121.372135577313998, 36.782973040643903 ], [ -121.370931230869004, 36.781469909078901 ], [ -121.363181533540001, 36.771496667703602 ], [ -121.359997745211004, 36.767799306227801 ], [ -121.362979561863995, 36.767095028882899 ], [ -121.370100545252001, 36.765353440029102 ], [ -121.365342531145998, 36.752019758378403 ], [ -121.364701497903994, 36.750393973411903 ], [ -121.363198556686996, 36.750745178940498 ], [ -121.349175015431001, 36.754098845265197 ], [ -121.344184351633999, 36.748069126569 ], [ -121.343999975816004, 36.747838760921603 ], [ -121.343687347821003, 36.747448149234302 ], [ -121.336017463781005, 36.737863538740797 ], [ -121.335580576634001, 36.737351530359803 ], [ -121.326367949479007, 36.737433443438 ], [ -121.326419991617001, 36.735471500153601 ], [ -121.324277697094004, 36.736300776320498 ], [ -121.322284574823996, 36.737881639640399 ], [ -121.321644919676999, 36.7370897815617 ], [ -121.320809152595999, 36.736579430419297 ], [ -121.319503298176002, 36.736144877317798 ], [ -121.318471090033, 36.735991625063498 ], [ -121.318012400735995, 36.735973277081101 ], [ -121.317444165916001, 36.736039356527499 ], [ -121.317035608357003, 36.736106002768302 ], [ -121.316787280271001, 36.736191550060603 ], [ -121.316703404639995, 36.736284912667003 ], [ -121.316629034456994, 36.736543207650001 ], [ -121.316597457590007, 36.736859381260203 ], [ -121.316624270427994, 36.737145068458503 ], [ -121.316577743463, 36.737267059157297 ], [ -121.316484452170002, 36.737379680587097 ], [ -121.316239688156003, 36.737432132405999 ], [ -121.315984268235994, 36.737433423138697 ], [ -121.315663805333998, 36.737395612226898 ], [ -121.315305773453005, 36.737321834814203 ], [ -121.314897868461998, 36.737105922014997 ], [ -121.314627127479994, 36.736915912350099 ], [ -121.314369673524993, 36.7366970796283 ], [ -121.314290033085996, 36.736474797135699 ], [ -121.314283883401004, 36.736269433201898 ], [ -121.314370946476004, 36.735977868565698 ], [ -121.314503601176995, 36.7356854184303 ], [ -121.314679966447002, 36.7353350897666 ], [ -121.314801251969001, 36.735119917288202 ], [ -121.314843162683999, 36.734843904567498 ], [ -121.314863922694002, 36.7346233439307 ], [ -121.314848438596002, 36.734410823355702 ], [ -121.314717490814999, 36.7339987313675 ], [ -121.314434947872996, 36.733703329048801 ], [ -121.314301144203, 36.733531159765299 ], [ -121.314137302172, 36.7333912350893 ], [ -121.314042447524002, 36.733117875527299 ], [ -121.313925842651003, 36.732727522056898 ], [ -121.313951722780999, 36.732220652478702 ], [ -121.314027305463, 36.7320026964398 ], [ -121.314267771241006, 36.731807227290702 ], [ -121.314496401487006, 36.731649710586801 ], [ -121.314632343048004, 36.731467276904802 ], [ -121.314683098878007, 36.731334197312798 ], [ -121.314694411382007, 36.731102809702698 ], [ -121.314684617642001, 36.7308859535298 ], [ -121.314616560643998, 36.7306756274523 ], [ -121.314549304297003, 36.730522204340602 ], [ -121.314439623392005, 36.730362880484002 ], [ -121.314416116526999, 36.730187210165802 ], [ -121.314351692629003, 36.730016002524501 ], [ -121.314200542316001, 36.729842805794803 ], [ -121.313953490656999, 36.729818245679397 ], [ -121.313572647567, 36.7298953487714 ], [ -121.313328335229002, 36.7299152021182 ], [ -121.313160920065997, 36.729928806091301 ], [ -121.313010156974002, 36.729920721094302 ], [ -121.312807154628999, 36.729843931611903 ], [ -121.312519850189005, 36.729845833589899 ], [ -121.312189473342997, 36.729932963152301 ], [ -121.311936490221996, 36.730014921215002 ], [ -121.311669939097996, 36.730100811405201 ], [ -121.311426507597005, 36.730197261356402 ], [ -121.311218997862994, 36.730274668799503 ], [ -121.310926302373005, 36.730401427437499 ], [ -121.310752017059002, 36.730522221967497 ], [ -121.310427515089003, 36.730653263392597 ], [ -121.310273108689998, 36.730828712060998 ], [ -121.310124576728995, 36.7310480773912 ], [ -121.309998904346003, 36.731132839146497 ], [ -121.309817908458996, 36.731334488465798 ], [ -121.309760771033993, 36.731559422200803 ], [ -121.309694889460005, 36.731954060916799 ], [ -121.309792469439003, 36.732319103705699 ], [ -121.310106792892, 36.732610231497702 ], [ -121.310335331190998, 36.732778263883802 ], [ -121.310633564387999, 36.732988977475003 ], [ -121.311066354600996, 36.733260943217097 ], [ -121.311372071036004, 36.733416470177701 ], [ -121.311655868399995, 36.733601775469403 ], [ -121.311823611649999, 36.733719613901698 ], [ -121.312059016274006, 36.733964563863601 ], [ -121.312171944192997, 36.734079793524003 ], [ -121.312287720626003, 36.7342903704373 ], [ -121.312422166188995, 36.734495068579797 ], [ -121.312551406862994, 36.734698043866601 ], [ -121.312633296184003, 36.734843230035302 ], [ -121.312643232132999, 36.735022833312399 ], [ -121.312572531878004, 36.735251700997303 ], [ -121.312427353337995, 36.735430642171799 ], [ -121.312287279499003, 36.735627831129797 ], [ -121.311920864448993, 36.735901130021098 ], [ -121.311649891635994, 36.7361448872079 ], [ -121.311372381599, 36.736322721321898 ], [ -121.311069881752999, 36.7364276530176 ], [ -121.310870927017007, 36.736486546791497 ], [ -121.310717341097003, 36.736537223813798 ], [ -121.310484435955999, 36.736681166855298 ], [ -121.310329469495002, 36.736838279093497 ], [ -121.310299901115002, 36.737070019282697 ], [ -121.310339271743004, 36.737318769537197 ], [ -121.310577623051998, 36.737660835476703 ], [ -121.310727620457996, 36.7379478065535 ], [ -121.310832091826001, 36.738085216998101 ], [ -121.310913198234999, 36.738190838315802 ], [ -121.309412752848004, 36.738180980325801 ], [ -121.309330356237993, 36.742037206932601 ], [ -121.309065608091004, 36.742144694256403 ], [ -121.308860662532993, 36.742228922353299 ], [ -121.308648447329006, 36.742245703066601 ], [ -121.308341890635006, 36.742285158862003 ], [ -121.308154181584996, 36.742294190890497 ], [ -121.307910703190004, 36.742234103199202 ], [ -121.307703931920003, 36.742054513231203 ], [ -121.307585194428995, 36.7419002182029 ], [ -121.307366301010006, 36.741764058815903 ], [ -121.307220724526999, 36.7416102833865 ], [ -121.307149117959995, 36.741460475188397 ], [ -121.307090123410006, 36.741283426939198 ], [ -121.306927749237005, 36.7410165819675 ], [ -121.306869243227993, 36.7408557211198 ], [ -121.306726350920997, 36.740566900843 ], [ -121.306676752474999, 36.740254674740299 ], [ -121.306585823648007, 36.740132240422 ], [ -121.306498225661002, 36.7398963467108 ], [ -121.306450395838993, 36.739643485371403 ], [ -121.306369025200993, 36.739391271507799 ], [ -121.306458873010001, 36.739027754077199 ], [ -121.306511734932997, 36.738774982400301 ], [ -121.306598095495005, 36.738519525789798 ], [ -121.306740901992995, 36.738221263867203 ], [ -121.307006549811007, 36.737809667052503 ], [ -121.307296056686994, 36.7373882900025 ], [ -121.307734397673002, 36.7367804444116 ], [ -121.308092762285, 36.736159861092503 ], [ -121.308404741909001, 36.735592254446303 ], [ -121.308639275288996, 36.7351287405913 ], [ -121.308781877550004, 36.734958589838797 ], [ -121.308895869078, 36.734729595275198 ], [ -121.308990860036005, 36.734538767310703 ], [ -121.309183902948007, 36.7342596441963 ], [ -121.309277930749005, 36.734036437020599 ], [ -121.309318117391996, 36.7338088706069 ], [ -121.309230034513007, 36.7335567891705 ], [ -121.309009223721006, 36.733355873109801 ], [ -121.308863490229001, 36.7332216530342 ], [ -121.308540817847998, 36.733206298344598 ], [ -121.30812057915, 36.733295426466199 ], [ -121.307963112232002, 36.733417265928999 ], [ -121.307841768478994, 36.733624803495402 ], [ -121.307661814775997, 36.733892869321203 ], [ -121.307471925018007, 36.734053136030198 ], [ -121.307168635050999, 36.7342371912627 ], [ -121.306825569886996, 36.734438215401198 ], [ -121.306514431425995, 36.734584624412498 ], [ -121.306275165623006, 36.734664845349698 ], [ -121.305797653655006, 36.734695692970497 ], [ -121.305029772737001, 36.734607937190702 ], [ -121.304637108362996, 36.734496731562203 ], [ -121.304350344146002, 36.734334879226097 ], [ -121.304294093303, 36.734291752213998 ], [ -121.304144251444995, 36.734176869525498 ], [ -121.303751385867997, 36.733833475351098 ], [ -121.303616834585995, 36.733598485340501 ], [ -121.303503495309997, 36.733174097236699 ], [ -121.303352478861996, 36.732836831742198 ], [ -121.303228777594995, 36.732515237458998 ], [ -121.303156084023001, 36.7321731945094 ], [ -121.303072956380007, 36.731861615894999 ], [ -121.302901656920994, 36.731519341817197 ], [ -121.302660859854001, 36.731097414232401 ], [ -121.302610962385998, 36.730774393767703 ], [ -121.302588056805007, 36.730456251861902 ], [ -121.302518675746995, 36.730155207578903 ], [ -121.302459378910001, 36.729967363657799 ], [ -121.302461384430998, 36.729583944858398 ], [ -121.302485394692994, 36.729124561083196 ], [ -121.302384928110996, 36.728687367232901 ], [ -121.302279172520002, 36.728330368736998 ], [ -121.302366879594999, 36.728081468281701 ], [ -121.302512904321006, 36.727825555723101 ], [ -121.302719705220994, 36.727644986247 ], [ -121.302889768751001, 36.727459241057701 ], [ -121.303042577609006, 36.727185538579398 ], [ -121.303086576840997, 36.726943367691803 ], [ -121.303122037069002, 36.726660158839103 ], [ -121.303227164207996, 36.726505096883301 ], [ -121.303465667612002, 36.726406315837998 ], [ -121.303896037550004, 36.726362690637202 ], [ -121.304116033111001, 36.726387044846099 ], [ -121.304457717126994, 36.726502110230101 ], [ -121.304738041760999, 36.726579097276698 ], [ -121.305023395865007, 36.726579469024301 ], [ -121.305336067951998, 36.726514567419898 ], [ -121.305514311688, 36.7263580893596 ], [ -121.305697239850005, 36.726113232936498 ], [ -121.305764395590998, 36.725911812461099 ], [ -121.305961415243999, 36.725649024053801 ], [ -121.306109178593005, 36.725451934113302 ], [ -121.306331116658995, 36.725288721789298 ], [ -121.306466184963, 36.725156620672699 ], [ -121.306749781665005, 36.725098163789703 ], [ -121.307031793267001, 36.724986763070397 ], [ -121.307216289162, 36.724794845786903 ], [ -121.307282737506, 36.724569896973698 ], [ -121.307318708075002, 36.724304334791398 ], [ -121.307346312264002, 36.724003619735399 ], [ -121.304059130813997, 36.723860620149203 ], [ -121.304047353071994, 36.718817070522498 ], [ -121.304043890491997, 36.7173337472043 ], [ -121.304036099890993, 36.7139968973705 ], [ -121.298569584869, 36.713988647149399 ], [ -121.298572687497, 36.713876507253602 ], [ -121.298576786667994, 36.713801649590003 ], [ -121.298582508012998, 36.713726860720698 ], [ -121.298589849959001, 36.7136521632113 ], [ -121.298598809840001, 36.713577580550499 ], [ -121.298609386083996, 36.713503135303903 ], [ -121.298621573760997, 36.713428850101799 ], [ -121.298635369031999, 36.7133547466523 ], [ -121.298650769261002, 36.713280849344301 ], [ -121.298667768342995, 36.713207179027698 ], [ -121.298686362495999, 36.713133759212099 ], [ -121.298706545618003, 36.713060610747299 ], [ -121.298728310593006, 36.712987758108397 ], [ -121.298751651320998, 36.712915222145 ], [ -121.298776561725006, 36.7128430246078 ], [ -121.298803032427998, 36.712771189113802 ], [ -121.298831056181996, 36.712699735633201 ], [ -121.298860624726998, 36.712628687761502 ], [ -121.298891729697999, 36.7125580654902 ], [ -121.298924359424007, 36.7124878906777 ], [ -121.298958505618998, 36.712418186018198 ], [ -121.298994157653993, 36.7123489706455 ], [ -121.299031305005002, 36.712280267296897 ], [ -121.299069935974998, 36.712212096929498 ], [ -121.299110037695996, 36.712144478720099 ], [ -121.299151599618995, 36.712077434505098 ], [ -121.299194607809994, 36.712010985284401 ], [ -121.299239050520001, 36.711945150213403 ], [ -121.299310772092994, 36.711837278935199 ], [ -121.299350440545993, 36.711774041856302 ], [ -121.299388734567998, 36.711710257947303 ], [ -121.299425637913004, 36.711645945551801 ], [ -121.299461143312001, 36.711581123741297 ], [ -121.299495236838993, 36.711515813518602 ], [ -121.299527908989006, 36.711450033998403 ], [ -121.299559150281993, 36.711383805196299 ], [ -121.299588952386998, 36.711317148007304 ], [ -121.299617304680993, 36.7112500815674 ], [ -121.299644198856996, 36.7111826276725 ], [ -121.299669626530999, 36.711114805415299 ], [ -121.299693579369006, 36.7110466356906 ], [ -121.299716051332993, 36.710978141151799 ], [ -121.299737035155999, 36.710909340870003 ], [ -121.299756524743003, 36.710840255696702 ], [ -121.299774514028996, 36.710770907384202 ], [ -121.299790996919, 36.710701316783599 ], [ -121.299805968466998, 36.710631505625798 ], [ -121.299819424789007, 36.7105614938176 ], [ -121.299831362110993, 36.710491304869997 ], [ -121.299841775404005, 36.710420957810598 ], [ -121.299850661986, 36.7103504752275 ], [ -121.299858019148004, 36.710279878807903 ], [ -121.299863846418006, 36.710209190195798 ], [ -121.299868139940003, 36.710138430198697 ], [ -121.299870898096998, 36.710067619581402 ], [ -121.299872121617994, 36.709996782668597 ], [ -121.299871808831, 36.709925938422998 ], [ -121.299869961528998, 36.709855109345902 ], [ -121.299866578123002, 36.709784317102603 ], [ -121.299861661495996, 36.7097135832718 ], [ -121.299855212297999, 36.7096429294755 ], [ -121.299847232266004, 36.709572376413 ], [ -121.299837724341003, 36.709501947464801 ], [ -121.299826691326999, 36.709431661506699 ], [ -121.299814137281999, 36.709361541897501 ], [ -121.299800063944005, 36.709291609336297 ], [ -121.299784477556997, 36.709221885336802 ], [ -121.299767382097002, 36.709152390554898 ], [ -121.303994171301994, 36.706728655058399 ], [ -121.304041691595998, 36.702738489551301 ], [ -121.304042517648995, 36.702714291571397 ], [ -121.303486558941998, 36.700628824352897 ], [ -121.303282635924006, 36.699743728240499 ], [ -121.302817798714997, 36.6993716917314 ], [ -121.301626271532996, 36.699108934750903 ], [ -121.300540888182994, 36.699098127641797 ], [ -121.299747116014998, 36.699605583570701 ], [ -121.299069850839004, 36.700714061290697 ], [ -121.298701539133006, 36.702261096683003 ], [ -121.298448130875997, 36.703028010427602 ], [ -121.298004989595, 36.703385814015498 ], [ -121.297558072331, 36.703616685004398 ], [ -121.296869820615996, 36.70369344521 ], [ -121.295920516836006, 36.703616473758103 ], [ -121.295027072457998, 36.703427288738503 ], [ -121.293695600628993, 36.703103641736 ], [ -121.291393575040004, 36.702484414252801 ], [ -121.287914576733996, 36.702635216701303 ], [ -121.288493374069006, 36.703137974961997 ], [ -121.287516900512998, 36.7032883019411 ], [ -121.287023444390996, 36.703312957705798 ], [ -121.286248688428998, 36.702972684287701 ], [ -121.285729936775994, 36.702571240584803 ], [ -121.285034748827002, 36.701965724767 ], [ -121.283898150918006, 36.7019488202235 ], [ -121.283090985699005, 36.7015458585918 ], [ -121.282595937018002, 36.7016502703691 ], [ -121.282129271765001, 36.701747414870098 ], [ -121.281837749695001, 36.701760353829201 ], [ -121.281839149537007, 36.701771409282202 ], [ -121.281683385221996, 36.701477764556699 ], [ -121.281251950257996, 36.700687939029002 ], [ -121.281784010596994, 36.699835970227198 ], [ -121.281407893595997, 36.698623214931601 ], [ -121.282594717663997, 36.697044328409802 ], [ -121.283046398045002, 36.695899661686298 ], [ -121.283069388984003, 36.695567805781302 ], [ -121.283658947484, 36.696580638452502 ], [ -121.284535768552999, 36.695598719507501 ], [ -121.286327373988001, 36.694310937830203 ], [ -121.287257721659003, 36.693406443749701 ], [ -121.288461542396007, 36.693009470812299 ], [ -121.288935256730994, 36.692553004966001 ], [ -121.290972540680997, 36.691293366477801 ], [ -121.292257613320999, 36.690558807544001 ], [ -121.293981545828004, 36.689525826042299 ], [ -121.293981869212999, 36.6895256719841 ], [ -121.295617774373, 36.688753366599798 ], [ -121.297359588682994, 36.687930998297702 ], [ -121.298959132793996, 36.687195197406801 ], [ -121.299150933251994, 36.687106967075898 ], [ -121.299811727778007, 36.686791706651697 ], [ -121.299217981767995, 36.686400304394802 ], [ -121.298427836629003, 36.6857523206452 ], [ -121.296130718455998, 36.683606529424601 ], [ -121.295726394002003, 36.683218101088997 ], [ -121.295515665764, 36.6830002249242 ], [ -121.295393213178997, 36.682879585546203 ], [ -121.295266091892003, 36.682762121565403 ], [ -121.295134428481006, 36.682647949520998 ], [ -121.294998353940997, 36.682537184063499 ], [ -121.294858003602997, 36.682429935253197 ], [ -121.294753888952002, 36.682354603837702 ], [ -121.294647664099003, 36.682281209582499 ], [ -121.294362082898004, 36.682090749907204 ], [ -121.294218330703004, 36.681995872309599 ], [ -121.294080133256003, 36.681895782793397 ], [ -121.293947784417, 36.681790691167699 ], [ -121.293821561608993, 36.681680819276998 ], [ -121.293701729123001, 36.681566399134198 ], [ -121.293588542509994, 36.6814476701323 ], [ -121.293482236434997, 36.681324884685701 ], [ -121.293055500945997, 36.6808263702261 ], [ -121.292953177976003, 36.680706961132003 ], [ -121.292846859419996, 36.6805898391341 ], [ -121.292736622817003, 36.680475090170397 ], [ -121.291616197554006, 36.679401225826702 ], [ -121.290489911723, 36.678321701934898 ], [ -121.290256158324993, 36.678097648954697 ], [ -121.290233282642006, 36.678076313237902 ], [ -121.290385451131996, 36.677966109250001 ], [ -121.290274561272994, 36.677867823744101 ], [ -121.290158869360994, 36.677773199196103 ], [ -121.290038561182996, 36.677682387070902 ], [ -121.289923611977002, 36.677602093562101 ], [ -121.289805053934998, 36.677525281218699 ], [ -121.289683049077993, 36.677452055090797 ], [ -121.289557764858003, 36.677382514716001 ], [ -121.288756240812006, 36.676626592323203 ], [ -121.288880388644998, 36.676540038433501 ], [ -121.288045321162997, 36.675752208989501 ], [ -121.286669273871993, 36.675759792629201 ], [ -121.285082485439005, 36.675764783725697 ], [ -121.284996995829005, 36.6757651820758 ], [ -121.281046815240003, 36.675726884381497 ], [ -121.281075940280004, 36.673762899624599 ], [ -121.281074410196993, 36.673518896642101 ], [ -121.281095410752997, 36.669358359322302 ], [ -121.289777382463996, 36.666562251120503 ], [ -121.290199366205002, 36.666517919233698 ], [ -121.291142739422995, 36.666418804417802 ], [ -121.294224728958, 36.666094946868 ], [ -121.299036326565002, 36.665589175495803 ], [ -121.29912872896, 36.669205426073702 ], [ -121.299219940903001, 36.672774709588801 ], [ -121.304126641015003, 36.672225412826002 ], [ -121.304126473260993, 36.672188976965899 ], [ -121.304124825762003, 36.671832162865002 ], [ -121.304109842076002, 36.668587844143303 ], [ -121.304381177140996, 36.668557865796402 ], [ -121.308857586307994, 36.668063193527601 ], [ -121.309178814255006, 36.668051892862401 ], [ -121.310188540487005, 36.667945663540301 ], [ -121.318468850979002, 36.667074194057903 ], [ -121.318391571977998, 36.663552173232503 ], [ -121.320449334884003, 36.663336772845902 ], [ -121.321365707382995, 36.663246869141801 ], [ -121.328231625452005, 36.662668907786397 ], [ -121.330464851467994, 36.662518609032396 ], [ -121.330397249423996, 36.655051325803903 ], [ -121.330350410624007, 36.649876790125298 ], [ -121.330297002791994, 36.646186076821998 ], [ -121.330243600052995, 36.642495361118897 ], [ -121.330151254808001, 36.635696846392101 ], [ -121.329686672359998, 36.624982023471198 ], [ -121.329387086769998, 36.620027700262597 ], [ -121.329411988459995, 36.6193095781991 ], [ -121.329418875610003, 36.618780123996899 ], [ -121.329424087103007, 36.6183794867476 ], [ -121.329457675396, 36.615797380765201 ], [ -121.330189663284997, 36.6162304241005 ], [ -121.332220435180005, 36.6174317772835 ], [ -121.332584699288006, 36.618711326879698 ], [ -121.335374806423999, 36.619607707594199 ], [ -121.340741221136994, 36.626230375727602 ], [ -121.342117657008998, 36.627043606111101 ], [ -121.344033553830997, 36.628994918478398 ], [ -121.343726941607002, 36.630788116222099 ], [ -121.345196553441994, 36.632458726478703 ], [ -121.346323354945, 36.636249708806403 ], [ -121.348399087084999, 36.636300437203602 ], [ -121.348113837420001, 36.639025485617303 ], [ -121.349436043077006, 36.6408699084514 ], [ -121.351806306330005, 36.640561752739899 ], [ -121.352250627930005, 36.643079747048297 ], [ -121.353413995002995, 36.643631838390498 ], [ -121.352674476152998, 36.646347468553301 ], [ -121.358364005938995, 36.644666068022197 ], [ -121.35777877532, 36.649580250909203 ], [ -121.363007882098003, 36.647919800263402 ], [ -121.363102145197999, 36.655297491886202 ], [ -121.381139361050003, 36.655974514723603 ], [ -121.399266773603003, 36.656092812179899 ], [ -121.408319256900995, 36.656047119119002 ], [ -121.408376259907001, 36.663514827799702 ], [ -121.411450957053006, 36.663552410565103 ], [ -121.413350998246997, 36.663558673163898 ], [ -121.413388977208996, 36.667177634222597 ], [ -121.417383207149996, 36.667360412306699 ], [ -121.417304197964, 36.673403776606001 ], [ -121.417707029845005, 36.673400619811702 ], [ -121.417997546267998, 36.673408091279498 ], [ -121.418432272325006, 36.673434595208199 ], [ -121.418720875412006, 36.673462431908803 ], [ -121.419151079927005, 36.673519353168501 ], [ -121.419435573567995, 36.673567344609801 ], [ -121.419857983865001, 36.673654250324098 ], [ -121.420136203970998, 36.673722030361297 ], [ -121.420411317434002, 36.673797590336399 ], [ -121.420682991269999, 36.673880836970902 ], [ -121.420950893411003, 36.673971670660102 ], [ -121.421214696983, 36.674069979075398 ], [ -121.421474082735003, 36.674175643425698 ], [ -121.423160937682994, 36.6749102396778 ], [ -121.426574279649998, 36.674955865054997 ], [ -121.426561611769003, 36.678647502519603 ], [ -121.431432405880003, 36.678626518557103 ], [ -121.431892090060998, 36.678630122896898 ], [ -121.435650919490996, 36.678561017268002 ], [ -121.435860923372005, 36.674877821206401 ], [ -121.445032204154003, 36.675050909166202 ], [ -121.449615075286005, 36.6751175881816 ], [ -121.449458171263004, 36.678845487830202 ], [ -121.449489611730996, 36.682766389046897 ], [ -121.454099229025005, 36.682954958325098 ], [ -121.458654515345998, 36.682632228386197 ], [ -121.458733221925002, 36.686417736213102 ], [ -121.463321371400994, 36.686026538765198 ], [ -121.463432973867995, 36.6897431422762 ], [ -121.472697819755993, 36.6888207340373 ], [ -121.472882817351007, 36.692399156715602 ], [ -121.472867539486003, 36.693017093381698 ], [ -121.472791329383995, 36.695363225509197 ], [ -121.472684499230994, 36.695492954506399 ], [ -121.476110105583999, 36.6994173585718 ], [ -121.478055841645997, 36.702679985181803 ], [ -121.479114831130005, 36.703638065565698 ], [ -121.481237226534006, 36.704846251219301 ], [ -121.480500697007002, 36.706771627185603 ], [ -121.481740669664006, 36.708699091081598 ], [ -121.48152626804, 36.709607398217301 ], [ -121.482572984463999, 36.709976986988998 ], [ -121.482735785947995, 36.7112907629364 ], [ -121.484030110372998, 36.712969156522099 ], [ -121.484250671056003, 36.7139350992422 ], [ -121.482081551031001, 36.7166898591014 ], [ -121.473810998025002, 36.717749035121997 ], [ -121.459664122174004, 36.718513592933803 ], [ -121.454846437840004, 36.721142058854298 ], [ -121.451127887341002, 36.721560629096601 ], [ -121.450795333312996, 36.721966160533597 ], [ -121.450924909310004, 36.724619516641397 ], [ -121.449452693246002, 36.72546776974 ], [ -121.453145764943997, 36.729975109772496 ], [ -121.454626051233006, 36.731143355489799 ], [ -121.456099248105005, 36.731673139947603 ], [ -121.457019825448995, 36.732211058300599 ], [ -121.458398277430007, 36.733494621383599 ], [ -121.458923182521005, 36.734503170971202 ], [ -121.457746127299004, 36.736589465465997 ], [ -121.459717644703005, 36.737332234056701 ], [ -121.459728678925003, 36.739153652072901 ], [ -121.462362872618996, 36.742947694223197 ], [ -121.462060862932006, 36.744273236940401 ], [ -121.463123764567996, 36.745553795056999 ], [ -121.469596057046999, 36.747202842592202 ], [ -121.474129786488007, 36.752879335799697 ], [ -121.472595591878999, 36.759267022450999 ], [ -121.476065087668999, 36.762791602640903 ], [ -121.479326782371004, 36.767566825449599 ], [ -121.485732187208995, 36.764469868437097 ], [ -121.489520357903999, 36.764044111639798 ], [ -121.490453596536994, 36.762951115399503 ], [ -121.490551105245004, 36.762990687929502 ], [ -121.491895538980998, 36.763587077187097 ] ] ] } },
{ "type": "Feature", "properties": { "OBJECTID": 4, "Id": 0, "Name": "COALINGA-HURON JOINT UNIFIED", "Address": "657 SUNSET ST, COALINGA, CA 93210", "Phone": "559-935-7500", "Fax": "559-935-5329", "Webpage": "http://coalingahuronusd.cyberschool.com/", "GlobalID": "d6726de4-b585-49e0-aa3d-c6fd6aaaa736", "Shape__Area": 289411325.95019501, "Shape__Length": 109470.476849942 }, "geometry": { "type": "Polygon", "coordinates": [ [ [ -120.743228421604002, 36.298539164082698 ], [ -120.740657905122006, 36.298531540526703 ], [ -120.738267315100998, 36.298524400570997 ], [ -120.738305465238994, 36.295069720706103 ], [ -120.738343613080005, 36.2916150391058 ], [ -120.733897599843999, 36.291559168238301 ], [ -120.733941475349994, 36.288083271820199 ], [ -120.738381756436993, 36.2881603576175 ], [ -120.738419898283993, 36.284705510356801 ], [ -120.735059158612998, 36.284630965171303 ], [ -120.733985346913997, 36.284607373694797 ], [ -120.733891879097001, 36.270770463806201 ], [ -120.729466802629005, 36.270829358251497 ], [ -120.729428649555999, 36.267205407337897 ], [ -120.724946186536002, 36.267112263830903 ], [ -120.724912043822002, 36.263527814069299 ], [ -120.720440440757002, 36.263474086113597 ], [ -120.720372577144005, 36.256305241241002 ], [ -120.720382781462007, 36.2528643017679 ], [ -120.716170935671002, 36.252864577257498 ], [ -120.716104999346001, 36.249206626006703 ], [ -120.724865678974993, 36.249158894430998 ], [ -120.724877195843007, 36.245458157420103 ], [ -120.715936581186, 36.245501684275602 ], [ -120.715948298498006, 36.241870453865303 ], [ -120.712521921428007, 36.2418872750983 ], [ -120.711408056018001, 36.241891062565301 ], [ -120.711392662351003, 36.239083175374901 ], [ -120.711312151607004, 36.239064785990202 ], [ -120.711175657151998, 36.238978391120597 ], [ -120.711053896950006, 36.2388539491538 ], [ -120.711003297798001, 36.238665443276602 ], [ -120.711038593151997, 36.238374825738397 ], [ -120.710977217397001, 36.238201613075802 ], [ -120.710903214580995, 36.238131166190797 ], [ -120.710783054367994, 36.2380823847285 ], [ -120.710563801125005, 36.238001348793198 ], [ -120.710421864252993, 36.237902414195503 ], [ -120.710340465217001, 36.237726951873697 ], [ -120.710252527665006, 36.237263064000402 ], [ -120.710239775995007, 36.237149713639099 ], [ -120.710206666174003, 36.237053468518198 ], [ -120.710076508726999, 36.237021644828602 ], [ -120.709905634802993, 36.237024026875403 ], [ -120.709755829334995, 36.237042933440001 ], [ -120.709570663996999, 36.237104379938103 ], [ -120.709383901497006, 36.237090164433702 ], [ -120.709289278984002, 36.2370242071094 ], [ -120.709271349890997, 36.236910930419299 ], [ -120.709262123179002, 36.236473770146397 ], [ -120.709228110813996, 36.236093853856701 ], [ -120.709168226143007, 36.235955933740598 ], [ -120.709112543627995, 36.235771702623097 ], [ -120.708977953192004, 36.235529705287497 ], [ -120.708768676560993, 36.235211222184503 ], [ -120.708625062006007, 36.2350324209688 ], [ -120.708537426872994, 36.234806587579399 ], [ -120.708453554149997, 36.234513427684497 ], [ -120.708176767417996, 36.234136279029997 ], [ -120.708280199743001, 36.233890727102697 ], [ -120.708338157314003, 36.233700003035899 ], [ -120.708370389642994, 36.233517157248002 ], [ -120.708308839498002, 36.233246784046699 ], [ -120.708193122165, 36.232984264525101 ], [ -120.708103521970003, 36.232799761004202 ], [ -120.707974427585, 36.232640949603301 ], [ -120.707817175326994, 36.232484772872397 ], [ -120.707579523353999, 36.232310819969697 ], [ -120.707310491035997, 36.232143659773001 ], [ -120.707139716898993, 36.232056552694402 ], [ -120.706988699231005, 36.231723209382302 ], [ -120.707006228555997, 36.231387456701398 ], [ -120.707064626201998, 36.230890946757 ], [ -120.707060537931, 36.230262665338401 ], [ -120.707058035561005, 36.229878098790998 ], [ -120.707030711292006, 36.229357991431399 ], [ -120.706997218888006, 36.228873503236599 ], [ -120.707248766896001, 36.228308499256599 ], [ -120.707561333626998, 36.227363705106498 ], [ -120.707825323399007, 36.220815556985897 ], [ -120.707941649030005, 36.215341470044798 ], [ -120.707922123055994, 36.214156965178397 ], [ -120.707618763997004, 36.214157777417697 ], [ -120.707597543545006, 36.2127739039055 ], [ -120.706312222761994, 36.212763033597 ], [ -120.705953389334994, 36.212762554642303 ], [ -120.705855927569004, 36.212716038824098 ], [ -120.705696117254007, 36.2124414767815 ], [ -120.705559545297007, 36.212362217901799 ], [ -120.705298720854003, 36.212295978131699 ], [ -120.705097788420005, 36.2122164424703 ], [ -120.704961156162994, 36.2120708733055 ], [ -120.704914648404994, 36.211922647183897 ], [ -120.704834393457006, 36.211737178658197 ], [ -120.704798214792007, 36.2114857290752 ], [ -120.704731466241995, 36.211214415818297 ], [ -120.704755180800007, 36.210998759851499 ], [ -120.704827877198994, 36.210864325968302 ], [ -120.705059462541996, 36.2106882636254 ], [ -120.705131164967, 36.210516928972197 ], [ -120.705080784432994, 36.210374164182703 ], [ -120.704893037568993, 36.210263304151702 ], [ -120.704867115073, 36.210044985747402 ], [ -120.704900960868997, 36.209937285754897 ], [ -120.705107912282003, 36.209884578298301 ], [ -120.705248805842004, 36.209856568716198 ], [ -120.705410664864004, 36.209802548237697 ], [ -120.705647897793, 36.209721313584801 ], [ -120.705792001904996, 36.209594249293801 ], [ -120.705849005294994, 36.2094210273588 ], [ -120.705766425286001, 36.209280989731603 ], [ -120.705710307380997, 36.209176385439299 ], [ -120.70563427127, 36.208976871897598 ], [ -120.705451160373002, 36.208821693987304 ], [ -120.705238698618004, 36.208637199153998 ], [ -120.705143777133003, 36.208466155682203 ], [ -120.705109659361995, 36.208362453193999 ], [ -120.705181415300004, 36.208077367879397 ], [ -120.705186032431996, 36.207880626102998 ], [ -120.705172559261996, 36.207770744176301 ], [ -120.705089096757007, 36.207644965028301 ], [ -120.705001688997001, 36.207486419955302 ], [ -120.705116943887006, 36.207274705253901 ], [ -120.705217143490003, 36.207055696840698 ], [ -120.705251716538996, 36.206889697978802 ], [ -120.705315130293002, 36.206665327476301 ], [ -120.705516019616994, 36.206348536152703 ], [ -120.705678665318004, 36.206172520885303 ], [ -120.705818685325994, 36.206041695214402 ], [ -120.706014565757997, 36.205896836540397 ], [ -120.706198671921996, 36.2058066766213 ], [ -120.706241906678002, 36.205666209420698 ], [ -120.706281714336995, 36.205548710800002 ], [ -120.706190007879997, 36.205411474787603 ], [ -120.706036814168002, 36.2053970763805 ], [ -120.705876562363997, 36.205376175921998 ], [ -120.705785827469995, 36.205344879472698 ], [ -120.705702405848001, 36.205310054258099 ], [ -120.705663190202003, 36.205160973510203 ], [ -120.705623300816001, 36.205063863975099 ], [ -120.705641852073001, 36.204943941291901 ], [ -120.705689241894007, 36.204844399975499 ], [ -120.705787057596993, 36.204745797546103 ], [ -120.705951018858002, 36.2046493623697 ], [ -120.706014602037996, 36.204518996921699 ], [ -120.706044979048002, 36.204395045108399 ], [ -120.705907973180004, 36.204256444755899 ], [ -120.705807928647999, 36.204066484542302 ], [ -120.705770178977005, 36.203860911617198 ], [ -120.705819584170996, 36.2036112137041 ], [ -120.705880715166003, 36.2035715582794 ], [ -120.706040490967993, 36.203527635077499 ], [ -120.706318016159997, 36.203523472934499 ], [ -120.706806363511006, 36.203841260428298 ], [ -120.707059211097004, 36.203858262078498 ], [ -120.707354351250999, 36.203749574523798 ], [ -120.707410088873004, 36.203568081783999 ], [ -120.707279770694996, 36.203513597556501 ], [ -120.707208280443993, 36.203418481611003 ], [ -120.707309001547998, 36.203227389213801 ], [ -120.707336167140994, 36.203114882986299 ], [ -120.707434469719999, 36.202952636861298 ], [ -120.707565054995996, 36.202850936759702 ], [ -120.707740669073004, 36.202720854916898 ], [ -120.707877617479994, 36.202612522370501 ], [ -120.708073601272005, 36.202457633512701 ], [ -120.708218585750998, 36.202383834461102 ], [ -120.708342506348004, 36.2023768414711 ], [ -120.708662759410004, 36.202452503618602 ], [ -120.708772004813, 36.202462411667902 ], [ -120.708858980520006, 36.202466041838598 ], [ -120.709016478262996, 36.2023444822469 ], [ -120.709138755170997, 36.201986430164098 ], [ -120.709282505996001, 36.201702900304902 ], [ -120.709442835244005, 36.201491511486601 ], [ -120.709547128847007, 36.2012552760267 ], [ -120.709756266297006, 36.201089471731798 ], [ -120.710022921359993, 36.2010827138566 ], [ -120.710490427658996, 36.201002409754899 ], [ -120.710875295069002, 36.200788903854097 ], [ -120.711174578721995, 36.200495674806703 ], [ -120.711201729731997, 36.200348506306298 ], [ -120.711208250444002, 36.200203599855598 ], [ -120.711104466709997, 36.200014692193903 ], [ -120.710868535805005, 36.199790355955898 ], [ -120.710657626895994, 36.199594014361601 ], [ -120.710791340827001, 36.199447994324203 ], [ -120.710973896650003, 36.199358162727997 ], [ -120.711167147229006, 36.199228724081401 ], [ -120.711304840284996, 36.199068259115997 ], [ -120.711353942152996, 36.198773541025901 ], [ -120.711256568471995, 36.198585570291101 ], [ -120.711107717779001, 36.198446483601103 ], [ -120.711190352778999, 36.1983388665315 ], [ -120.711456916133002, 36.1983263964012 ], [ -120.711873927910005, 36.198333832967798 ], [ -120.712395076207997, 36.198347320144201 ], [ -120.712552071250997, 36.198350215846503 ], [ -120.712694825450001, 36.198345964681103 ], [ -120.712831529892, 36.198329739494802 ], [ -120.712990004822998, 36.198259604486097 ], [ -120.713157408629002, 36.198187758238397 ], [ -120.713342767846996, 36.198102416290503 ], [ -120.713479295599996, 36.198038231593898 ], [ -120.713842727308005, 36.197929534845002 ], [ -120.714220785456007, 36.198036807761497 ], [ -120.714591264706996, 36.198093045087901 ], [ -120.720621477291004, 36.198164384193703 ], [ -120.720713262036, 36.198229634123599 ], [ -120.720836387123001, 36.1983992138776 ], [ -120.720879214142002, 36.198619879013599 ], [ -120.720884304701997, 36.198694040690903 ], [ -120.720855464642, 36.198825781213699 ], [ -120.720750460323003, 36.199012837649803 ], [ -120.720532025368996, 36.199155805374197 ], [ -120.720389938040995, 36.199252018371197 ], [ -120.720374972654994, 36.199374998716699 ], [ -120.720447199763996, 36.1994653495614 ], [ -120.720599045301995, 36.199497479777897 ], [ -120.720934928757003, 36.199507399436698 ], [ -120.721118871846997, 36.199516568000902 ], [ -120.721076998705001, 36.201839271447199 ], [ -120.725137197642994, 36.201887283482399 ], [ -120.725146270159001, 36.2014770876157 ], [ -120.725520169933006, 36.201342858603802 ], [ -120.725652131987005, 36.201253108259202 ], [ -120.725826870931002, 36.201146448585703 ], [ -120.726004077000994, 36.201075033539297 ], [ -120.726330382986006, 36.201087520266597 ], [ -120.726631169179996, 36.201204396115003 ], [ -120.727021601855, 36.2013977147178 ], [ -120.727352033190002, 36.201557423704998 ], [ -120.727530637995997, 36.201680220346603 ], [ -120.727712351622998, 36.201907115725099 ], [ -120.727858060279004, 36.202108610465402 ], [ -120.728060082970998, 36.202356303219702 ], [ -120.728345483102004, 36.202644697139597 ], [ -120.728541707090002, 36.202765369445999 ], [ -120.728700729506997, 36.202755092949801 ], [ -120.728819009435, 36.202668436617898 ], [ -120.728859151332003, 36.2024601868549 ], [ -120.728912256944, 36.2023277647504 ], [ -120.728995552444005, 36.202232016327798 ], [ -120.729146637743995, 36.202145366773301 ], [ -120.729464606413003, 36.2019757637797 ], [ -120.729805815700004, 36.201828240599902 ], [ -120.730272243746995, 36.201610377674299 ], [ -120.730643252902993, 36.201533761871403 ], [ -120.730839023694998, 36.201580057042698 ], [ -120.731007329082999, 36.201922078175997 ], [ -120.731041093919998, 36.202021531554003 ], [ -120.731189200317999, 36.2025362191063 ], [ -120.731267364922999, 36.203005181171797 ], [ -120.731387945587997, 36.203383210652099 ], [ -120.731516873828994, 36.2036583383235 ], [ -120.731618524913003, 36.203829510087701 ], [ -120.731750318424005, 36.203945883580701 ], [ -120.731915179075997, 36.2039560725133 ], [ -120.732035906744997, 36.2038929725637 ], [ -120.732124970491995, 36.203712637836702 ], [ -120.732369318459007, 36.203618716718097 ], [ -120.732585023243999, 36.203548592092801 ], [ -120.732844305344997, 36.203507810531498 ], [ -120.733096803552996, 36.203478544493301 ], [ -120.733406144441005, 36.203477026368603 ], [ -120.73380995107, 36.203454183946697 ], [ -120.734206544394993, 36.203422877211203 ], [ -120.734515596815001, 36.203383920720398 ], [ -120.734896523209002, 36.203328952658303 ], [ -120.735231003047005, 36.203304484819299 ], [ -120.735560839113006, 36.203281750704797 ], [ -120.735811866651005, 36.203223368714198 ], [ -120.735907326659998, 36.203149475844803 ], [ -120.736062241805001, 36.202905008143901 ], [ -120.736197376516998, 36.202679252469601 ], [ -120.736297702523004, 36.202557211083203 ], [ -120.736440024245994, 36.202472394967799 ], [ -120.736625925788005, 36.202452630682103 ], [ -120.736781174214002, 36.202478982027401 ], [ -120.736955282593001, 36.202565025481597 ], [ -120.737149131977006, 36.202587973822197 ], [ -120.737356256113003, 36.202600702053502 ], [ -120.737496226760996, 36.2025651047189 ], [ -120.737622739871, 36.2023714349017 ], [ -120.737713040583998, 36.202127756575898 ], [ -120.737774057783994, 36.2020004359346 ], [ -120.737877405440997, 36.201902397655601 ], [ -120.738059974983997, 36.201838385256899 ], [ -120.738248996999005, 36.201774276106903 ], [ -120.738433383883006, 36.201597716297798 ], [ -120.738634753295003, 36.201426174650699 ], [ -120.738898010621, 36.201399844392498 ], [ -120.739113299368, 36.201368516417901 ], [ -120.739465829839006, 36.2012866231251 ], [ -120.739793766424, 36.201291781054202 ], [ -120.740017231200994, 36.201308365925001 ], [ -120.740268943291994, 36.201208853237901 ], [ -120.740395646571997, 36.201024440107403 ], [ -120.740479686084001, 36.200831602801003 ], [ -120.740565688306006, 36.200599736569302 ], [ -120.740619320395993, 36.2003970647024 ], [ -120.740699845297002, 36.200233508814499 ], [ -120.740823249217996, 36.200104567735401 ], [ -120.740984121688001, 36.199994682784002 ], [ -120.741160371787004, 36.199885774965601 ], [ -120.741438800314995, 36.1997892598744 ], [ -120.741773194266003, 36.1996816474513 ], [ -120.742015702594003, 36.199682744945598 ], [ -120.742389332738, 36.199674717998398 ], [ -120.742651752433005, 36.199598673251103 ], [ -120.742887369068001, 36.199439668813 ], [ -120.743058535025995, 36.199336863138903 ], [ -120.743062435582999, 36.199242775507102 ], [ -120.743108236671006, 36.198155606914 ], [ -120.747069477416005, 36.198013386459301 ], [ -120.747273514648995, 36.201744900454699 ], [ -120.747259462613997, 36.205106168796902 ], [ -120.747167000914999, 36.227215897633599 ], [ -120.747185161673997, 36.2315081457362 ], [ -120.747211208237005, 36.237663315766198 ], [ -120.747228100512999, 36.241654535785003 ], [ -120.747178505779999, 36.245255607339502 ], [ -120.747079303652995, 36.252457748317802 ], [ -120.747132720099003, 36.266959298450097 ], [ -120.747213703892996, 36.2760649072981 ], [ -120.747284031212999, 36.285541030758701 ], [ -120.747215809891003, 36.294263579431302 ], [ -120.747182273511001, 36.298550781231498 ], [ -120.745326141853994, 36.298545343799098 ], [ -120.743228421604002, 36.298539164082698 ] ] ] } },
{ "type": "Feature", "properties": { "OBJECTID": 5, "Id": 0, "Name": "HOLLISTER ELEMENTARY", "Address": "2690 CIENEGA RD, HOLLISTER, CA 95023", "Phone": "831-630-6300", "Fax": "831-634-2080", "Webpage": "http://www.hesd.org", "GlobalID": "3f06382f-a2e9-4e29-8e4d-d4f9f0494756", "Shape__Area": 991734553.89941394, "Shape__Length": 210813.35438608201 }, "geometry": { "type": "Polygon", "coordinates": [ [ [ -121.396639204669995, 36.8982843557839 ], [ -121.396221212320995, 36.897921407174302 ], [ -121.395976847829999, 36.897945715973599 ], [ -121.395453354105001, 36.897406293906599 ], [ -121.395325384824005, 36.896821980068403 ], [ -121.395133966795996, 36.896424971782899 ], [ -121.394371355333007, 36.895534702913103 ], [ -121.394433720261006, 36.894882482006999 ], [ -121.394721306733999, 36.894177766901599 ], [ -121.394658440686001, 36.893663954355702 ], [ -121.394652171432995, 36.893615805159698 ], [ -121.394310343483994, 36.893634758882797 ], [ -121.394183639662003, 36.893753932409503 ], [ -121.39404879736, 36.893880759591099 ], [ -121.393258328008002, 36.893200565572798 ], [ -121.392363248120006, 36.892430335592202 ], [ -121.392253134700994, 36.891913761679596 ], [ -121.392542030095996, 36.891153065870199 ], [ -121.392546600798994, 36.890588015918397 ], [ -121.392359105671005, 36.8900104697478 ], [ -121.392348918764995, 36.889979090469801 ], [ -121.392327380726002, 36.889894173901403 ], [ -121.392226701740995, 36.889774127967797 ], [ -121.391814437121994, 36.889215688153499 ], [ -121.391794009758001, 36.889145355018996 ], [ -121.391570163474, 36.888374637956503 ], [ -121.391476632587, 36.888052665780798 ], [ -121.391383127238001, 36.887730695715199 ], [ -121.391231671379998, 36.887209180287101 ], [ -121.391068061989998, 36.886645853654002 ], [ -121.390939464322003, 36.886198174964299 ], [ -121.39080931, 36.88575000713 ], [ -121.390669445084995, 36.8852683940299 ], [ -121.390479110480996, 36.884617797838402 ], [ -121.390358518750006, 36.88420254028 ], [ -121.390060683588004, 36.883935124832803 ], [ -121.389468637945996, 36.883403538365599 ], [ -121.389139596034994, 36.883108093685898 ], [ -121.387220061213995, 36.880502107571701 ], [ -121.385295820325993, 36.879933595550398 ], [ -121.384831048302004, 36.879796273198899 ], [ -121.379068154029, 36.878093376091499 ], [ -121.376628591165002, 36.8773723953204 ], [ -121.373128061027998, 36.876337747580898 ], [ -121.367710044031, 36.874736094459003 ], [ -121.367742167192006, 36.873998586516699 ], [ -121.367778864094007, 36.873156056126298 ], [ -121.367889297629006, 36.870620453242701 ], [ -121.367932905857003, 36.869619138529302 ], [ -121.367994703452993, 36.868200136368202 ], [ -121.366319942027005, 36.868267425658097 ], [ -121.365031149141004, 36.8683191906782 ], [ -121.364100588621994, 36.868356557817897 ], [ -121.363289517894003, 36.868312503816298 ], [ -121.359064817532996, 36.868316858011198 ], [ -121.354554128499998, 36.868316111560503 ], [ -121.354440964556005, 36.868317025012303 ], [ -121.354455149855994, 36.861137144790803 ], [ -121.350008376586999, 36.861123689928 ], [ -121.349964901809997, 36.860947767563196 ], [ -121.349964796636996, 36.860920299780098 ], [ -121.349966162469997, 36.859563419427303 ], [ -121.349972022112993, 36.853740269347703 ], [ -121.345453007767006, 36.853729264927502 ], [ -121.345444982065999, 36.852463040137401 ], [ -121.345453575335, 36.850157148245302 ], [ -121.345455564877, 36.849623335670998 ], [ -121.345467370189994, 36.846455512257698 ], [ -121.349965990569999, 36.8464578469261 ], [ -121.349943072418995, 36.846431563326199 ], [ -121.349929546751, 36.8464168170769 ], [ -121.349915701672003, 36.846402262801597 ], [ -121.349901542924997, 36.846387904894499 ], [ -121.349887074009004, 36.846373747793599 ], [ -121.349872300665993, 36.846359795893001 ], [ -121.349857227518001, 36.846346053608897 ], [ -121.349841856886997, 36.846332523599699 ], [ -121.349826194599004, 36.846319212962101 ], [ -121.349810247433993, 36.846306123365402 ], [ -121.349794016649, 36.846293259291997 ], [ -121.349777509107994, 36.846280625113799 ], [ -121.349760730523997, 36.846268224324099 ], [ -121.349743686612996, 36.846256060416103 ], [ -121.349726378631999, 36.846244137871899 ], [ -121.349708814509, 36.8462324592399 ], [ -121.349691001107999, 36.846221028892003 ], [ -121.349672940806997, 36.846209851288499 ], [ -121.349654641480001, 36.846198927175699 ], [ -121.349636106654003, 36.846188261892898 ], [ -121.349617343164994, 36.846177858911197 ], [ -121.349598357792004, 36.846167719899803 ], [ -121.349579155157002, 36.846157849275002 ], [ -121.349559739824997, 36.846148249651002 ], [ -121.349540119696996, 36.8461389226755 ], [ -121.349495301884005, 36.846122002763998 ], [ -121.349458024656002, 36.846107224161301 ], [ -121.349421072512001, 36.846091923540797 ], [ -121.349384459123996, 36.846076107845597 ], [ -121.349348194689995, 36.846059780480701 ], [ -121.349312289463001, 36.846042946653697 ], [ -121.349276757086997, 36.8460256124064 ], [ -121.349241604423995, 36.846007782111499 ], [ -121.349206846239994, 36.845989461788797 ], [ -121.349172489395997, 36.845970655810802 ], [ -121.349138546470002, 36.845951372043601 ], [ -121.349105028809007, 36.845931614771203 ], [ -121.349071944452007, 36.8459113901461 ], [ -121.349039304799007, 36.845890704254401 ], [ -121.349007119038006, 36.845869564127199 ], [ -121.348975396327006, 36.845847975894699 ], [ -121.348944149163003, 36.845825944720097 ], [ -121.348913383422996, 36.845803479502599 ], [ -121.348883110507998, 36.845780586328203 ], [ -121.348853339607004, 36.845757272228099 ], [ -121.348824079877005, 36.8457335433325 ], [ -121.348795339412007, 36.8457094075955 ], [ -121.348767128546001, 36.845684872927102 ], [ -121.348739453104002, 36.845659946424497 ], [ -121.348712324513997, 36.845634635074802 ], [ -121.348685748655001, 36.845608947777002 ], [ -121.348659734685, 36.845582890661397 ], [ -121.348634291845997, 36.845556472560901 ], [ -121.348609424895997, 36.845529702396597 ], [ -121.348585144140998, 36.8455025871774 ], [ -121.348561456553, 36.845475134879599 ], [ -121.348538366891006, 36.845447354424202 ], [ -121.348488009706003, 36.845396141156399 ], [ -121.348459938728993, 36.8453690093746 ], [ -121.348431284303999, 36.845342274864002 ], [ -121.348402052311997, 36.845315946522803 ], [ -121.348372255355002, 36.845290033117003 ], [ -121.348341898081998, 36.845264539963303 ], [ -121.348310993153007, 36.845239477629697 ], [ -121.348279547510998, 36.845214853190498 ], [ -121.348247572530994, 36.845190671830302 ], [ -121.348215077480006, 36.845166943282202 ], [ -121.348182071546006, 36.845143674576597 ], [ -121.348148566128998, 36.845120871798898 ], [ -121.348114571563997, 36.845098542858402 ], [ -121.348080095889003, 36.845076693906698 ], [ -121.348045151652002, 36.8450553319081 ], [ -121.348009748039999, 36.845034463892901 ], [ -121.347973897547007, 36.845014095023899 ], [ -121.347937610480997, 36.844994232309404 ], [ -121.347900897119999, 36.844974881856999 ], [ -121.347863768837001, 36.844956048851103 ], [ -121.347826238153999, 36.844937739355601 ], [ -121.347788315350996, 36.8449199594777 ], [ -121.347750011800002, 36.844902714402302 ], [ -121.347711339968001, 36.8448860083911 ], [ -121.347672310161002, 36.844869848452497 ], [ -121.347632937060993, 36.844854237903398 ], [ -121.347593229769004, 36.844839181071698 ], [ -121.347553203077993, 36.8448246848778 ], [ -121.347512866035999, 36.844810751847902 ], [ -121.347472233377005, 36.844797387100598 ], [ -121.347431317513994, 36.844784593096001 ], [ -121.347390128724996, 36.844772375941702 ], [ -121.347348681664002, 36.844760738053999 ], [ -121.347306987674997, 36.8447496837166 ], [ -121.347265060290994, 36.844739215367802 ], [ -121.347222911977994, 36.8447293372693 ], [ -121.347180556267006, 36.844720051859603 ], [ -121.347138004423002, 36.8447113607197 ], [ -121.347078475215994, 36.844699932855001 ], [ -121.347047924959, 36.8446947350862 ], [ -121.347017266608006, 36.844689965805799 ], [ -121.346986510334006, 36.844685627518203 ], [ -121.346955664036997, 36.844681721870899 ], [ -121.346924736711003, 36.844678249588803 ], [ -121.346893739565004, 36.844675210451399 ], [ -121.346862681646002, 36.844672606985199 ], [ -121.346831570828996, 36.844670439936998 ], [ -121.346800419470995, 36.844668709965298 ], [ -121.346769233147, 36.844667416059302 ], [ -121.346738024269001, 36.844666560679201 ], [ -121.346706801777003, 36.844666142748103 ], [ -121.346675574635995, 36.844666162089801 ], [ -121.346644353017993, 36.844666621208901 ], [ -121.346613145806003, 36.844667517226398 ], [ -121.346581963115, 36.844668850845302 ], [ -121.346550813912003, 36.8446706218893 ], [ -121.346519708255997, 36.844672829259601 ], [ -121.346488655116005, 36.844675472779898 ], [ -121.346457663429007, 36.844678551373399 ], [ -121.346426744376998, 36.844682063919002 ], [ -121.346395905806006, 36.844686010262699 ], [ -121.346365156599006, 36.844690387525802 ], [ -121.346334509114996, 36.844695196367098 ], [ -121.346303969995006, 36.8447004339519 ], [ -121.346273548178999, 36.8447060992034 ], [ -121.346243255969, 36.844712190978598 ], [ -121.346213098860005, 36.844718705563899 ], [ -121.346183089207003, 36.844725643618297 ], [ -121.346153232478997, 36.844733000527299 ], [ -121.346123543217999, 36.844740775104199 ], [ -121.346094024706005, 36.844748964580198 ], [ -121.346064690364997, 36.844757567790403 ], [ -121.346035545662005, 36.844766580120599 ], [ -121.346006601778001, 36.844776000449897 ], [ -121.345977867570994, 36.844785824998702 ], [ -121.345832037535004, 36.844834693461799 ], [ -121.345715498877993, 36.844871592660603 ], [ -121.345598177889997, 36.844906852092798 ], [ -121.345480107876, 36.844940460285201 ], [ -121.345361325531002, 36.844972406599702 ], [ -121.345241868726006, 36.845002682178297 ], [ -121.345121771942004, 36.845031277327998 ], [ -121.345001073050994, 36.845058183190901 ], [ -121.344879808830001, 36.845083391832098 ], [ -121.344758012723005, 36.845106896283902 ], [ -121.344635725992006, 36.845128688523403 ], [ -121.344512985441995, 36.845148761517301 ], [ -121.344389827935004, 36.845167110033998 ], [ -121.341895641796, 36.845486050910999 ], [ -121.340958335324999, 36.845251508862802 ], [ -121.339706086541, 36.844938145473101 ], [ -121.336096171478999, 36.845812051980303 ], [ -121.331843565594994, 36.846447409516401 ], [ -121.327319314530996, 36.846450294104699 ], [ -121.327310811588006, 36.8393095645133 ], [ -121.326382759617999, 36.839311077262401 ], [ -121.325680063833005, 36.839312217925901 ], [ -121.318549785616995, 36.839323560060201 ], [ -121.318549008952004, 36.839158945787801 ], [ -121.318515491702001, 36.832058821453202 ], [ -121.318515092322997, 36.831974109410602 ], [ -121.318481268048004, 36.824807506859003 ], [ -121.318480456266002, 36.824635478543399 ], [ -121.318476898808996, 36.8238815549634 ], [ -121.318474241616997, 36.823318433589698 ], [ -121.318447050795001, 36.817556179313101 ], [ -121.318412839995005, 36.8103048407336 ], [ -121.326750800178004, 36.810279118032597 ], [ -121.327430998612002, 36.810276994564198 ], [ -121.336091934172003, 36.810249610356998 ], [ -121.340958225264004, 36.810233948588703 ], [ -121.345444944573003, 36.810219937390002 ], [ -121.345443297881005, 36.810393648029098 ], [ -121.345440944808999, 36.8106419378231 ], [ -121.345844691254996, 36.810636835908603 ], [ -121.349709946019999, 36.810602937468303 ], [ -121.350019250434002, 36.810551919236701 ], [ -121.350115945238997, 36.810602937464999 ], [ -121.350910864585003, 36.810566313621997 ], [ -121.351070946351001, 36.810558937034401 ], [ -121.351286361804, 36.81063471569 ], [ -121.351423945356004, 36.810340936613599 ], [ -121.351986968136998, 36.810513170869903 ], [ -121.352294945623996, 36.810601936917799 ], [ -121.352400945569002, 36.810541937362203 ], [ -121.352532946235002, 36.810581936785702 ], [ -121.352547146488007, 36.810505433881602 ], [ -121.352693126253001, 36.810551334335798 ], [ -121.352904946467007, 36.810617936765297 ], [ -121.352917946176007, 36.810556936830302 ], [ -121.355499035229002, 36.810507883253699 ], [ -121.355791942075996, 36.8105031094642 ], [ -121.356162184560006, 36.8104970759195 ], [ -121.35616948325, 36.810497019350002 ], [ -121.356511067859003, 36.810494368034902 ], [ -121.356852652444005, 36.810491715742998 ], [ -121.357194237033994, 36.810489063375002 ], [ -121.357535820452, 36.810486409151302 ], [ -121.357877406114994, 36.8104837548075 ], [ -121.358218989459004, 36.810481097729202 ], [ -121.358560573955003, 36.810478441453597 ], [ -121.358902158399005, 36.810475783300298 ], [ -121.359243742847994, 36.810473125070899 ], [ -121.359585327245, 36.810470464963799 ], [ -121.359926911279004, 36.810467866085403 ], [ -121.360268496409006, 36.8104652662078 ], [ -121.360610081516995, 36.810462665353498 ], [ -121.360951666602006, 36.8104600635221 ], [ -121.361293251635999, 36.810457459813101 ], [ -121.361634836674, 36.810454856028002 ], [ -121.361976421690002, 36.810452251266 ], [ -121.362318005562003, 36.810449645549298 ], [ -121.362659590532004, 36.810447038833502 ], [ -121.363062354925006, 36.810443964188998 ], [ -121.363071212679003, 36.810443896177397 ], [ -121.363492500681005, 36.8104406788826 ], [ -121.363540233739997, 36.810440313756601 ], [ -121.363653286832999, 36.810312354136002 ], [ -121.363654548347995, 36.810310899493402 ], [ -121.363655779059997, 36.810309427431903 ], [ -121.363656976729999, 36.810307937995603 ], [ -121.363658142503994, 36.810306432063499 ], [ -121.363659274143004, 36.8103049096798 ], [ -121.363660373914001, 36.810303371701004 ], [ -121.363661439577001, 36.810301818171602 ], [ -121.363662471186998, 36.810300250893199 ], [ -121.363663468716993, 36.810298668965103 ], [ -121.363664433313005, 36.8102970732659 ], [ -121.363665360523001, 36.810295464785199 ], [ -121.363666254799995, 36.810293842533397 ], [ -121.363667112838996, 36.810292208378897 ], [ -121.363667934667006, 36.810290563222402 ], [ -121.363668721376001, 36.810288906140997 ], [ -121.363669471874005, 36.810287238057697 ], [ -121.363670186161002, 36.810285558972502 ], [ -121.363670863199005, 36.810283871610302 ], [ -121.363667278142998, 36.810182367291603 ], [ -121.363666504603003, 36.810180609483901 ], [ -121.363665694394001, 36.810178862317798 ], [ -121.363664845301997, 36.810177126738601 ], [ -121.363663958475001, 36.810175403624797 ], [ -121.363663035033994, 36.8101736929544 ], [ -121.363662075033005, 36.8101719965291 ], [ -121.363661078419, 36.8101703125472 ], [ -121.363660045244998, 36.810168642810403 ], [ -121.363658975540005, 36.810166988219599 ], [ -121.363657870450993, 36.810165349653602 ], [ -121.363656728831003, 36.810163726233498 ], [ -121.363655552948003, 36.810162118816002 ], [ -121.363654342827999, 36.8101605283019 ], [ -121.363653098474003, 36.810158954691197 ], [ -121.363651818817999, 36.810157399807899 ], [ -121.363650507168003, 36.810155861783699 ], [ -121.363649161365004, 36.810154343365603 ], [ -121.363647783622, 36.8101528436084 ], [ -121.363646371727, 36.810151363457102 ], [ -121.363644930186993, 36.810149903724202 ], [ -121.363643455615005, 36.810148463575104 ], [ -121.363641951427994, 36.8101470447453 ], [ -121.363640415410003, 36.810145648179798 ], [ -121.363638849748995, 36.810144272032502 ], [ -121.363637254527006, 36.810142919006203 ], [ -121.363635630836995, 36.8101415881777 ], [ -121.363633977586005, 36.8101402804702 ], [ -121.363632295895002, 36.810138995861301 ], [ -121.363630586911, 36.810137735230001 ], [ -121.363628850661001, 36.810136499476897 ], [ -121.363627088239994, 36.810135287679202 ], [ -121.363625300793998, 36.810134100715501 ], [ -121.363623486083, 36.810132938629998 ], [ -121.363621647496004, 36.810131802257203 ], [ -121.363619783939996, 36.810130692520197 ], [ -121.363617897628004, 36.810129608473702 ], [ -121.363615986374995, 36.8101285519638 ], [ -121.363614053513004, 36.810127522023201 ], [ -121.363612097922996, 36.810126518673997 ], [ -121.363610121874004, 36.810125542772703 ], [ -121.363602774271001, 36.810122242927598 ], [ -121.363602013377999, 36.810121923556402 ], [ -121.363599938556007, 36.810121090233501 ], [ -121.363597845596004, 36.810120287016801 ], [ -121.363595736712995, 36.810119512961201 ], [ -121.363593609667006, 36.810118768110797 ], [ -121.363591467844998, 36.810118053300201 ], [ -121.363589311275007, 36.810117369430202 ], [ -121.363587138810004, 36.810116715622001 ], [ -121.363584953810005, 36.810116091809199 ], [ -121.363582575799995, 36.8101154619008 ], [ -121.363529040836994, 36.809883006166999 ], [ -121.363537857910003, 36.809883002926497 ], [ -121.367392047533997, 36.809881490450401 ], [ -121.370803948884003, 36.809885935594401 ], [ -121.370809949267993, 36.808931935204399 ], [ -121.371318949194006, 36.8089859358928 ], [ -121.371528252657995, 36.809015150478103 ], [ -121.371827964622, 36.809056983862703 ], [ -121.372093361948004, 36.809101461475798 ], [ -121.372352062513002, 36.809152254491899 ], [ -121.372548948610998, 36.809193935655301 ], [ -121.372635181272997, 36.809219430350304 ], [ -121.372777344628005, 36.809262979961503 ], [ -121.372955819720005, 36.809322266244003 ], [ -121.373242178691001, 36.809419941266903 ], [ -121.373674172470004, 36.8095699517811 ], [ -121.373940422154007, 36.809668416106703 ], [ -121.374368640325002, 36.809825812560803 ], [ -121.374859405332003, 36.809993433495599 ], [ -121.375141949626993, 36.810089935027598 ], [ -121.375094952509002, 36.810177703281902 ], [ -121.375067949889996, 36.810273934955198 ], [ -121.375584550206, 36.811334304211002 ], [ -121.377155532223, 36.812782415410403 ], [ -121.377724722344993, 36.813771406975803 ], [ -121.377713074678994, 36.813771397300997 ], [ -121.377496621256995, 36.813777256339399 ], [ -121.377515666799994, 36.814278962318099 ], [ -121.377517727249995, 36.814333237290001 ], [ -121.377515942263997, 36.8144215170447 ], [ -121.377516698950998, 36.814534154363002 ], [ -121.377524878846998, 36.814767700352199 ], [ -121.377524952935005, 36.814768176637997 ], [ -121.377525016910994, 36.814768652223599 ], [ -121.377525070858994, 36.8147691298118 ], [ -121.377525113602005, 36.814769607622999 ], [ -121.377533118282003, 36.814858501960202 ], [ -121.377543050862002, 36.8149472713758 ], [ -121.377554908218002, 36.815035887085699 ], [ -121.377557756098994, 36.815054168286402 ], [ -121.377568687313001, 36.815124323008398 ], [ -121.377584385079004, 36.815212552161299 ], [ -121.377601993940004, 36.815300546750201 ], [ -121.377607622045005, 36.815325846159901 ], [ -121.377621512031993, 36.815388282472703 ], [ -121.377658920067006, 36.815534400434302 ], [ -121.377721589269996, 36.815745617383499 ], [ -121.377721765914998, 36.815746074499899 ], [ -121.377721932588003, 36.815746535420601 ], [ -121.377722089203999, 36.815746997442901 ], [ -121.377751279547994, 36.8158329792806 ], [ -121.377782331505998, 36.815918538231102 ], [ -121.377808917617003, 36.8159873049146 ], [ -121.377815236434998, 36.816003648323502 ], [ -121.377849983478995, 36.816088284532498 ], [ -121.377886561701004, 36.816172419129799 ], [ -121.377921213068007, 36.816247865288801 ], [ -121.377924961391003, 36.8162560279685 ], [ -121.377965170547, 36.8163390851442 ], [ -121.37800717719, 36.816421565653798 ], [ -121.378038972048003, 36.816480486758998 ], [ -121.378063262820007, 36.816562368998902 ], [ -121.378062885198005, 36.816562739796602 ], [ -121.378062499593, 36.8165631062462 ], [ -121.378062107042993, 36.816563465622501 ], [ -121.378061705391005, 36.816563820672897 ], [ -121.378061295701002, 36.816564169573397 ], [ -121.378060880215003, 36.816564512279299 ], [ -121.378060456718003, 36.816564849735897 ], [ -121.378060025183999, 36.816565181042698 ], [ -121.378059586733002, 36.816565506177 ], [ -121.378059141365, 36.816565825139101 ], [ -121.378058690200007, 36.816566137906598 ], [ -121.378058230969998, 36.816566443623202 ], [ -121.378057765970993, 36.816566744046099 ], [ -121.378057294, 36.816567036494803 ], [ -121.378056816259004, 36.816567323649799 ], [ -121.378056331573006, 36.816567603731698 ], [ -121.378055842183997, 36.8165678766957 ], [ -121.378055345850001, 36.816568142586497 ], [ -121.378054844811999, 36.816568401359497 ], [ -121.378054336855996, 36.816568653960204 ], [ -121.377979734801002, 36.816774026033201 ], [ -121.377973960980995, 36.816775415629401 ], [ -121.377966714728998, 36.816777049085502 ], [ -121.377958116651996, 36.817217083606501 ], [ -121.377957284014002, 36.8172596470136 ], [ -121.378706490682006, 36.817355019222603 ], [ -121.379651289367004, 36.817475282376598 ], [ -121.380145875815003, 36.8175463599786 ], [ -121.380377083140999, 36.817579585996 ], [ -121.381303279424003, 36.817712683729702 ], [ -121.381842400216001, 36.817790153574698 ], [ -121.383960818952005, 36.818063458213103 ], [ -121.386616874328993, 36.818394471235102 ], [ -121.388153952300001, 36.818566934994699 ], [ -121.388269952238005, 36.8188079348324 ], [ -121.38823595206, 36.818880935233899 ], [ -121.388295952945001, 36.8188839351659 ], [ -121.388306952058997, 36.819639935167302 ], [ -121.390224454567999, 36.819084719928803 ], [ -121.390509066007994, 36.818996881750103 ], [ -121.390648952941007, 36.818945934984498 ], [ -121.390696952930995, 36.818921935200002 ], [ -121.390786933238999, 36.818848996110702 ], [ -121.390846952342002, 36.8187809349714 ], [ -121.390878974317005, 36.818723170714499 ], [ -121.390910952604997, 36.818624935474602 ], [ -121.390915953394995, 36.818573934779998 ], [ -121.390913931759002, 36.818499137894598 ], [ -121.390909978311996, 36.818412973790799 ], [ -121.390891952941999, 36.8181899349416 ], [ -121.390862859237004, 36.818085965024302 ], [ -121.390822063780007, 36.8178837040087 ], [ -121.390795952226995, 36.817718934589102 ], [ -121.390789953288007, 36.817553934703497 ], [ -121.390796087593998, 36.817486460969903 ], [ -121.390799405026996, 36.817449962945901 ], [ -121.390803524616999, 36.817406494269399 ], [ -121.390820833066002, 36.817327088959402 ], [ -121.390825952588997, 36.8173019346088 ], [ -121.390854934483002, 36.817258399087599 ], [ -121.390883952579998, 36.817221934614402 ], [ -121.390899682333995, 36.817208491164301 ], [ -121.390954908359006, 36.817161288696198 ], [ -121.391000952783997, 36.817121934951501 ], [ -121.391140953182997, 36.817038934611801 ], [ -121.391048251352998, 36.816917713708499 ], [ -121.390964917125999, 36.816820129297902 ], [ -121.390911952791001, 36.816752934575703 ], [ -121.389333721767002, 36.815811641121101 ], [ -121.389245241549006, 36.8158431732003 ], [ -121.388032878372002, 36.814749828667303 ], [ -121.387765868534004, 36.8145120751227 ], [ -121.387489726439, 36.814269172472002 ], [ -121.387149970498001, 36.813970310341297 ], [ -121.385129394065004, 36.812192865232703 ], [ -121.383848129401997, 36.811155736217103 ], [ -121.383681266015998, 36.810671028804798 ], [ -121.383647325102999, 36.810572435483103 ], [ -121.383628302793994, 36.810447816433403 ], [ -121.383645640843, 36.810149020560502 ], [ -121.383780556637006, 36.8095939128225 ], [ -121.383576289866994, 36.807779417560099 ], [ -121.383564263446999, 36.8077649677832 ], [ -121.382283851612996, 36.806226477310297 ], [ -121.382224619465006, 36.806155303276498 ], [ -121.381498735359997, 36.805132310231102 ], [ -121.381707324418997, 36.805129838269401 ], [ -121.381099180630997, 36.804026983264002 ], [ -121.380778248696004, 36.803444967854901 ], [ -121.380063061140007, 36.802496208285199 ], [ -121.379302474392006, 36.802009839735902 ], [ -121.379017904609995, 36.802117978242698 ], [ -121.378855255714001, 36.802045194211203 ], [ -121.378577418142996, 36.801971399084302 ], [ -121.377560555138004, 36.801704588456502 ], [ -121.376675903164994, 36.801361934655397 ], [ -121.376051174975004, 36.801205654205098 ], [ -121.375806266208002, 36.801215389928899 ], [ -121.375578360090003, 36.801309664433298 ], [ -121.375512264925007, 36.801173650816402 ], [ -121.375290620922996, 36.801195251585099 ], [ -121.375075170488998, 36.801216248274201 ], [ -121.374332882027005, 36.801288586041302 ], [ -121.371734423638003, 36.801038210645899 ], [ -121.371855207121001, 36.798501592375302 ], [ -121.372785561106994, 36.797568649010202 ], [ -121.373013345782994, 36.7972362140382 ], [ -121.373263991295005, 36.797094603875202 ], [ -121.373495548614997, 36.796885059852698 ], [ -121.373748071761, 36.796251549683902 ], [ -121.373749951421999, 36.7957596515487 ], [ -121.373584238524998, 36.794792887575099 ], [ -121.373345757292995, 36.794223789933199 ], [ -121.373144612781999, 36.793763253596701 ], [ -121.372689059978001, 36.793321434512499 ], [ -121.372203532469996, 36.793032161223302 ], [ -121.372313742174995, 36.791727837835097 ], [ -121.372369968144, 36.790375437500103 ], [ -121.372584622434005, 36.784966777111698 ], [ -121.372596451554998, 36.784668688143199 ], [ -121.379664194205006, 36.783538928107198 ], [ -121.387737402252995, 36.782247895125501 ], [ -121.393637708756003, 36.781297633554402 ], [ -121.394630394228997, 36.781080343130498 ], [ -121.395001543738999, 36.781286078214201 ], [ -121.395211583218, 36.781805769888003 ], [ -121.395256253360998, 36.782020325466199 ], [ -121.395870716103005, 36.782247232641403 ], [ -121.395324959727006, 36.782568224876997 ], [ -121.394681433466999, 36.783312280806399 ], [ -121.394387705225995, 36.7849266028839 ], [ -121.394944872010996, 36.7854966455998 ], [ -121.395006800866, 36.785613925177898 ], [ -121.397404212379001, 36.790262432960397 ], [ -121.397292867502998, 36.791242704914303 ], [ -121.405142006226001, 36.7964232605296 ], [ -121.407948615956997, 36.798297225758603 ], [ -121.408673565463999, 36.798781247660898 ], [ -121.408674939397997, 36.798777213016699 ], [ -121.408711655239998, 36.7986693444876 ], [ -121.408750706730999, 36.798562007550601 ], [ -121.408792080338998, 36.798455235829699 ], [ -121.408835765809997, 36.798349060178303 ], [ -121.408881748492007, 36.798243514242898 ], [ -121.408938473193004, 36.798120808874799 ], [ -121.408978478386999, 36.798043486976603 ], [ -121.409016798433996, 36.797965614926099 ], [ -121.409053422892001, 36.797887217274301 ], [ -121.409088341323994, 36.797808318572798 ], [ -121.409121540965998, 36.797728940715302 ], [ -121.409153013649004, 36.797649109108498 ], [ -121.409182748934995, 36.797568848303698 ], [ -121.409222680572, 36.7974520011729 ], [ -121.409230269622995, 36.797420942852298 ], [ -121.409237184103006, 36.797389783659199 ], [ -121.409243420905995, 36.797358531769497 ], [ -121.409248978129995, 36.797327198039 ], [ -121.409253854908997, 36.797295790598398 ], [ -121.409258049282997, 36.797264318501703 ], [ -121.409261560499004, 36.797232793482998 ], [ -121.409264386570996, 36.797201223695502 ], [ -121.409266527807006, 36.797169619049001 ], [ -121.409267982250995, 36.797137988597399 ], [ -121.409268749118993, 36.797106343173901 ], [ -121.409268830933996, 36.797074691742203 ], [ -121.409268224618003, 36.7970430433788 ], [ -121.409266932747997, 36.797011408849102 ], [ -121.409264953367, 36.796979797207101 ], [ -121.409262289024994, 36.796948218316999 ], [ -121.409258940002999, 36.796916681187902 ], [ -121.409254906640996, 36.796885196630001 ], [ -121.409250190338994, 36.7968537736296 ], [ -121.409244793591995, 36.796822420249299 ], [ -121.409238716767007, 36.796791148200398 ], [ -121.409231962384993, 36.796759966446302 ], [ -121.409224531849006, 36.796728883973202 ], [ -121.409216428828998, 36.796697910622797 ], [ -121.409207653606998, 36.796667055403802 ], [ -121.409198212093003, 36.796636328112598 ], [ -121.409188103478002, 36.7966057386814 ], [ -121.409177333616, 36.796575295104901 ], [ -121.409165903965004, 36.796545008170803 ], [ -121.409153820352003, 36.796514884973199 ], [ -121.409141083142998, 36.796484937222999 ], [ -121.409127699283999, 36.796455171991603 ], [ -121.409110640128006, 36.796419408775797 ], [ -121.409042001847993, 36.796312447992399 ], [ -121.408971051652998, 36.796206465913698 ], [ -121.408897814141994, 36.796101496294597 ], [ -121.408822309374997, 36.795997571178297 ], [ -121.408744560718006, 36.795894720738403 ], [ -121.408590118587, 36.7957016276902 ], [ -121.408200933179003, 36.795228815475099 ], [ -121.407810896946998, 36.7947564573007 ], [ -121.407652463093001, 36.7945607230223 ], [ -121.407495141821002, 36.794364409913896 ], [ -121.407471289230003, 36.7943330310774 ], [ -121.407446759083001, 36.794301993123902 ], [ -121.407421560565993, 36.794271303079398 ], [ -121.407395699646003, 36.794240972542198 ], [ -121.407369184388003, 36.794211008560701 ], [ -121.407342021852003, 36.794181421809398 ], [ -121.407314222398, 36.794152221093498 ], [ -121.407285794122998, 36.794123414362403 ], [ -121.407256744055005, 36.7940950113897 ], [ -121.407227082557, 36.794067020980698 ], [ -121.407196817694995, 36.794039450183703 ], [ -121.407165959859, 36.794012308704801 ], [ -121.407134517143007, 36.793985604493301 ], [ -121.407102499909996, 36.793959346354299 ], [ -121.407069918464003, 36.793933541291302 ], [ -121.40703678202, 36.793908197230799 ], [ -121.407003098672007, 36.793883322122397 ], [ -121.406968883206005, 36.793858922878997 ], [ -121.406934141503001, 36.793835008396201 ], [ -121.406898887229005, 36.793811585609397 ], [ -121.406863130662998, 36.793788660621203 ], [ -121.406826880989001, 36.7937662404576 ], [ -121.406790150781006, 36.793744332977496 ], [ -121.406752951466004, 36.793722945161903 ], [ -121.406694377297995, 36.793690826512098 ], [ -121.406657112136998, 36.793669014511998 ], [ -121.406619381423994, 36.793647728414001 ], [ -121.406581193226003, 36.793626975266498 ], [ -121.406542561207999, 36.793606762005297 ], [ -121.406503495590002, 36.793587092930899 ], [ -121.406464010068007, 36.793567975880201 ], [ -121.406424116009006, 36.7935494160321 ], [ -121.406383824784001, 36.793531418565699 ], [ -121.406343147789002, 36.793513989561099 ], [ -121.406302100847, 36.793497133206301 ], [ -121.406260693169003, 36.793480857428101 ], [ -121.406218939374, 36.793465163734297 ], [ -121.406176850886993, 36.7934500591061 ], [ -121.406134442408998, 36.793435547754001 ], [ -121.406056459411005, 36.793410667346201 ], [ -121.405852944684, 36.793359947193203 ], [ -121.405648360518001, 36.793312091408502 ], [ -121.405251814238994, 36.793228096618002 ], [ -121.405027419221, 36.793182876290103 ], [ -121.404803573793004, 36.793135931727498 ], [ -121.404787923379004, 36.793133153206597 ], [ -121.404772334504003, 36.793130155294001 ], [ -121.404756813918993, 36.793126938755499 ], [ -121.404741366159001, 36.793123505302397 ], [ -121.404725994613997, 36.793119855768197 ], [ -121.404710704912006, 36.793115990940699 ], [ -121.404695500442003, 36.793111911653298 ], [ -121.404680387981003, 36.793107619572403 ], [ -121.404665370917996, 36.793103115531302 ], [ -121.404650453816004, 36.793098402142299 ], [ -121.404635641186005, 36.7930934802162 ], [ -121.404620936415, 36.793088350586103 ], [ -121.404606346308, 36.793083015819398 ], [ -121.404591874253995, 36.793077476749403 ], [ -121.40457752479, 36.793071735087601 ], [ -121.40456330136, 36.793065793468898 ], [ -121.404549209622004, 36.793059653582397 ], [ -121.404535251843001, 36.793053316284002 ], [ -121.404521435920003, 36.793046783217498 ], [ -121.404507763115006, 36.793040058864797 ], [ -121.404494237879007, 36.793033142234798 ], [ -121.404480864833999, 36.793026037741697 ], [ -121.404467647367994, 36.793018746218898 ], [ -121.404454591136997, 36.793011269355198 ], [ -121.404441699642007, 36.793003611587601 ], [ -121.404428975152996, 36.7929957737717 ], [ -121.404416423352998, 36.792987758497603 ], [ -121.404404046539, 36.792979567521797 ], [ -121.404391850452001, 36.792971205236199 ], [ -121.404379837359997, 36.792962672496401 ], [ -121.404368010734999, 36.792953972838397 ], [ -121.404356375115995, 36.7929451079738 ], [ -121.404344933972993, 36.792936081438498 ], [ -121.404324744803006, 36.792919352439398 ], [ -121.404124268081006, 36.792728300503903 ], [ -121.403812840799006, 36.792417485055502 ], [ -121.403806310283997, 36.792411380341797 ], [ -121.403799913675996, 36.792405184590002 ], [ -121.403793652180994, 36.792398900480002 ], [ -121.403787528064996, 36.792392528867701 ], [ -121.403781542562001, 36.7923860733341 ], [ -121.403775699031996, 36.792379533811598 ], [ -121.403769997615001, 36.792372914804403 ], [ -121.403764441614001, 36.792366214443398 ], [ -121.403759031228006, 36.792359439034598 ], [ -121.403753768694997, 36.792352588532999 ], [ -121.403748655163994, 36.792345663816903 ], [ -121.403743694135002, 36.792338669323101 ], [ -121.403738883396002, 36.792331605997603 ], [ -121.403734228632004, 36.792324476430302 ], [ -121.403729727658998, 36.792317282467998 ], [ -121.403725385041, 36.7923100267233 ], [ -121.403721199714994, 36.792302711020497 ], [ -121.403717174003006, 36.792295338016999 ], [ -121.403713309056002, 36.792287908591298 ], [ -121.403709604983007, 36.792280426346998 ], [ -121.403706064112001, 36.792272893941501 ], [ -121.403702687616004, 36.792265313153997 ], [ -121.403699476672003, 36.7922576857639 ], [ -121.403696431365006, 36.792250014473701 ], [ -121.403693552871005, 36.792242301062799 ], [ -121.403690841301, 36.792234549134498 ], [ -121.403688300043996, 36.792226759522201 ], [ -121.403685926972997, 36.792218935874502 ], [ -121.403683725502006, 36.7922110799256 ], [ -121.403681693476997, 36.792203194423102 ], [ -121.403679833221005, 36.792195282024601 ], [ -121.403678144790007, 36.792187344531897 ], [ -121.403676629361996, 36.792179383724303 ], [ -121.403675285955003, 36.792171404128602 ], [ -121.403674116809, 36.792163405699803 ], [ -121.403673119798, 36.7921553920864 ], [ -121.403672298391996, 36.792147366824501 ], [ -121.403671651501, 36.7921393308375 ], [ -121.403671178088004, 36.792131286850399 ], [ -121.403670879356, 36.7921232375435 ], [ -121.403670756484004, 36.792115184695902 ], [ -121.403670807341001, 36.7921071319563 ], [ -121.403671034224999, 36.792099081081197 ], [ -121.403671433859003, 36.7920910348411 ], [ -121.403672009659005, 36.792082994970002 ], [ -121.403672758349998, 36.792074964238402 ], [ -121.403673682255004, 36.792066945303397 ], [ -121.403674779219003, 36.792058940913201 ], [ -121.403676050445, 36.792050953747498 ], [ -121.403677494842, 36.792042984730102 ], [ -121.403679111401004, 36.792035037486897 ], [ -121.403680900178003, 36.792027113819501 ], [ -121.403682861258005, 36.792019216430802 ], [ -121.403684992484997, 36.7920113480683 ], [ -121.403687295061999, 36.792003511412297 ], [ -121.403689766777006, 36.791995707408702 ], [ -121.403692407742994, 36.791987939660999 ], [ -121.403695216895002, 36.791980209993497 ], [ -121.403698193197002, 36.791972521131299 ], [ -121.403701335586007, 36.791964874898902 ], [ -121.403704644144995, 36.791957273998797 ], [ -121.403708116717993, 36.791949721178803 ], [ -121.403711752212999, 36.791942217362198 ], [ -121.403715550743001, 36.7919347661526 ], [ -121.403719510122002, 36.791927369396902 ], [ -121.403723629314996, 36.791920029820098 ], [ -121.403727906138002, 36.791912749269301 ], [ -121.403733467603004, 36.791903746331698 ], [ -121.403810585767005, 36.791784395328001 ], [ -121.403888138639999, 36.791665226620097 ], [ -121.403896176922999, 36.791652654555897 ], [ -121.403903940462996, 36.791639969933698 ], [ -121.403911428365006, 36.791627179983202 ], [ -121.403918637296997, 36.791614285673099 ], [ -121.403925565186, 36.791601292453599 ], [ -121.403932209904994, 36.791588203973603 ], [ -121.403938570446002, 36.791575023859203 ], [ -121.403944643616995, 36.791561757583302 ], [ -121.403950427233994, 36.791548406992902 ], [ -121.403955920344998, 36.791534977515802 ], [ -121.403961121942999, 36.7915214727782 ], [ -121.403966029927005, 36.791507897329602 ], [ -121.403970642198004, 36.791494255719698 ], [ -121.403974957719001, 36.791480550673498 ], [ -121.403978974419999, 36.791466787641603 ], [ -121.403982693505, 36.791452969303997 ], [ -121.403986722764003, 36.791436477341101 ], [ -121.403990059139005, 36.791417853888198 ], [ -121.403992991796002, 36.791399187182201 ], [ -121.403995519727005, 36.791380480849 ], [ -121.403997639824993, 36.791361743064499 ], [ -121.403999354442007, 36.791342977386797 ], [ -121.404000660443003, 36.791324191090901 ], [ -121.404001559115997, 36.791305389559497 ], [ -121.404002048389998, 36.791286578242897 ], [ -121.404002130673007, 36.791267762501498 ], [ -121.404001805042, 36.791248948663799 ], [ -121.404001070546002, 36.791230142157701 ], [ -121.403999823004995, 36.791209904569897 ], [ -121.40399669384, 36.791193562160103 ], [ -121.403993208569005, 36.791177265682997 ], [ -121.403989371869002, 36.791161021354597 ], [ -121.403985182734004, 36.791144832801002 ], [ -121.403980642449994, 36.791128705404901 ], [ -121.403975753427005, 36.7911126445264 ], [ -121.403970516925995, 36.791096654647298 ], [ -121.403964934206996, 36.791080740249399 ], [ -121.403959005437997, 36.791064906738001 ], [ -121.403952736389002, 36.791049159405503 ], [ -121.403946124930997, 36.7910335019006 ], [ -121.403939175741996, 36.791017940438998 ], [ -121.403931888933002, 36.7910024786243 ], [ -121.403924269127003, 36.790987120870703 ], [ -121.403916315369003, 36.790971872605901 ], [ -121.403908033402999, 36.790956738221396 ], [ -121.403899424515998, 36.790941723099898 ], [ -121.403885535219004, 36.7909188482218 ], [ -121.403878960132005, 36.790908895234303 ], [ -121.403872169432006, 36.790899036732696 ], [ -121.403865165414004, 36.7908892744735 ], [ -121.403857950459994, 36.790879612915901 ], [ -121.403850527957999, 36.790870052893197 ], [ -121.403842898047998, 36.790860598909703 ], [ -121.403835065322994, 36.790851254478703 ], [ -121.403827030930003, 36.790842020478401 ], [ -121.403818796102996, 36.790832900489903 ], [ -121.403810366553998, 36.790823898003801 ], [ -121.403801741218004, 36.790815014844398 ], [ -121.403792924661005, 36.790806253624098 ], [ -121.403783920383006, 36.7907976187796 ], [ -121.403774729532003, 36.790789111189198 ], [ -121.403765355553006, 36.7907807334878 ], [ -121.403755800797001, 36.790772489233902 ], [ -121.403746068654002, 36.790764379260501 ], [ -121.403736162623005, 36.790756408004398 ], [ -121.403726085002006, 36.790748577222303 ], [ -121.403715838086001, 36.790740888670697 ], [ -121.403705426439004, 36.790733344962099 ], [ -121.403694853507005, 36.7907259487312 ], [ -121.403684120492997, 36.790718702658403 ], [ -121.403673233025998, 36.790711607531499 ], [ -121.403662192338999, 36.790704666931603 ], [ -121.403651002938005, 36.790697881669303 ], [ -121.403639668297998, 36.7906912552804 ], [ -121.403628191777997, 36.790684787697103 ], [ -121.403614114182005, 36.790677177163801 ], [ -121.403605703473005, 36.790673280076099 ], [ -121.403597210162999, 36.790669501838899 ], [ -121.403588636519004, 36.790665843307899 ], [ -121.403579983691003, 36.790662305361501 ], [ -121.403571256212999, 36.790658889711203 ], [ -121.403562455235999, 36.7906555972353 ], [ -121.403553584145001, 36.790652428766997 ], [ -121.403544646331, 36.790649385139602 ], [ -121.403535642940994, 36.790646467231298 ], [ -121.403526578482996, 36.790643675852898 ], [ -121.403517455254004, 36.790641012760901 ], [ -121.403508274372996, 36.790638477932802 ], [ -121.403499040349999, 36.790636072179304 ], [ -121.403489755452, 36.790633796356097 ], [ -121.403480423095999, 36.790631652197398 ], [ -121.403471045464997, 36.790629637856199 ], [ -121.403461624911998, 36.790627756891098 ], [ -121.403452165860998, 36.790626007409898 ], [ -121.403442670637006, 36.790624392070299 ], [ -121.403433140302994, 36.790622909047897 ], [ -121.403423579397, 36.790621560054298 ], [ -121.403413991332997, 36.790620346823701 ], [ -121.403404379389002, 36.790619266585502 ], [ -121.403394743676003, 36.790618322943601 ], [ -121.403385089737995, 36.7906175139832 ], [ -121.403375419845005, 36.790616840560098 ], [ -121.403365737383993, 36.790616303507697 ], [ -121.403356043447005, 36.790615901902399 ], [ -121.403346342543003, 36.790615636555103 ], [ -121.403336638031007, 36.790615507397902 ], [ -121.403326931031998, 36.790615514408401 ], [ -121.403317227174995, 36.790615658374698 ], [ -121.403307526402003, 36.790615937494998 ], [ -121.403297834371998, 36.790616353458503 ], [ -121.403288152174994, 36.790616905341402 ], [ -121.403278484264007, 36.790617592152998 ], [ -121.403268831814998, 36.790618415672299 ], [ -121.403259199252005, 36.790619374007498 ], [ -121.403249588844005, 36.790620468014303 ], [ -121.403240002773998, 36.7906216958458 ], [ -121.403230446699993, 36.790623059191198 ], [ -121.403220919416, 36.790624555370201 ], [ -121.403211427700001, 36.790626186049401 ], [ -121.403201971466999, 36.7906279485262 ], [ -121.403192556373, 36.790629844489601 ], [ -121.403176919147, 36.790633306213699 ], [ -121.403159085192996, 36.790636949175003 ], [ -121.403141176239004, 36.790640343041296 ], [ -121.403123195505003, 36.790643483240501 ], [ -121.403105149794001, 36.7906463723399 ], [ -121.403087043449005, 36.790649005745003 ], [ -121.403068883274003, 36.790651386023001 ], [ -121.403050674783998, 36.790653510358602 ], [ -121.40303242249, 36.790655379562402 ], [ -121.403014131907, 36.790656990819102 ], [ -121.402995809839993, 36.790658346695899 ], [ -121.402977460686003, 36.790659444400099 ], [ -121.402959091192997, 36.790660284697303 ], [ -121.402940705814999, 36.790660866596298 ], [ -121.402915808946005, 36.790661243314098 ], [ -121.402907163763004, 36.790661191959202 ], [ -121.402898521544003, 36.790661019750203 ], [ -121.402889884529998, 36.790660726642201 ], [ -121.402881254933007, 36.790660311688903 ], [ -121.402872635020998, 36.790659775746398 ], [ -121.402864029274994, 36.7906591187243 ], [ -121.402855438841996, 36.7906583415011 ], [ -121.402846865935004, 36.790657443130698 ], [ -121.402838313971003, 36.790656425347301 ], [ -121.402829786281998, 36.790655287182403 ], [ -121.402821282895005, 36.790654029536903 ], [ -121.402812810531003, 36.790652652275497 ], [ -121.402804367006993, 36.790651157245101 ], [ -121.402795957894, 36.790649543431996 ], [ -121.402787585461994, 36.790647811692097 ], [ -121.402779251976995, 36.7906459628813 ], [ -121.402770959709002, 36.790643997855199 ], [ -121.402762710898003, 36.790641916568802 ], [ -121.402754508903996, 36.790639718954502 ], [ -121.402746356050997, 36.790637407669799 ], [ -121.402738254523996, 36.790634980868099 ], [ -121.402730206673994, 36.790632442107501 ], [ -121.402722215834999, 36.7906297904197 ], [ -121.402714283153998, 36.790627026682998 ], [ -121.402706412019, 36.790624151730697 ], [ -121.402698603608002, 36.790621167342003 ], [ -121.402690861278998, 36.790618073449401 ], [ -121.402683188422003, 36.790614870886003 ], [ -121.402675585121003, 36.790611562354499 ], [ -121.402668054706993, 36.790608146886399 ], [ -121.402660600597002, 36.790604626215902 ], [ -121.402653222820007, 36.7906010012439 ], [ -121.402645924791997, 36.790597273704599 ], [ -121.402638709900003, 36.790593444431103 ], [ -121.402631579265005, 36.790589513401002 ], [ -121.402624534119994, 36.790585484195198 ], [ -121.402617576675993, 36.7905813558679 ], [ -121.402610711497999, 36.790577131031498 ], [ -121.402603938612998, 36.790572810586902 ], [ -121.402597260291003, 36.790568395389897 ], [ -121.402590678828005, 36.790563887197301 ], [ -121.402584196491006, 36.790559286864699 ], [ -121.402577814457004, 36.790554596171603 ], [ -121.402571535050001, 36.7905498177754 ], [ -121.402565360482001, 36.790544950730101 ], [ -121.402557725918996, 36.790538691486098 ], [ -121.402552198706005, 36.790533629320301 ], [ -121.402546782325004, 36.790528491005297 ], [ -121.402541477924004, 36.790523277419403 ], [ -121.402536286680004, 36.790517990341698 ], [ -121.402531211980005, 36.790512630605697 ], [ -121.402526253909002, 36.7905072009139 ], [ -121.402521414733997, 36.790501702122199 ], [ -121.402516695661006, 36.790496136910697 ], [ -121.402512096688, 36.790490505279401 ], [ -121.402507622409004, 36.790484810741603 ], [ -121.402503271732002, 36.790479054221002 ], [ -121.402499046952002, 36.790473237473996 ], [ -121.402494948124996, 36.7904673623025 ], [ -121.402490977547998, 36.790461430463097 ], [ -121.402487137489999, 36.790455442811798 ], [ -121.402483426941004, 36.790449402974602 ], [ -121.402479848198993, 36.790443312708099 ], [ -121.402476402383002, 36.7904371719899 ], [ -121.402473089604996, 36.790430984423502 ], [ -121.402469912133995, 36.790424750864702 ], [ -121.402466871173004, 36.790418473993597 ], [ -121.402463965658995, 36.790412155634499 ], [ -121.402461197888002, 36.790405797544203 ], [ -121.402458569008004, 36.790399400600897 ], [ -121.402456078010999, 36.790392968430702 ], [ -121.402453729431997, 36.790386502745399 ], [ -121.402451519940996, 36.790380004513302 ], [ -121.402449451834002, 36.790373475491101 ], [ -121.402447526341007, 36.790366919260002 ], [ -121.402445741280005, 36.790360337666598 ], [ -121.402444102277997, 36.790353731499202 ], [ -121.402442604940006, 36.790347103550701 ], [ -121.402441252653006, 36.790340454654199 ], [ -121.40244004441, 36.790333788435902 ], [ -121.402438980238003, 36.790327105796599 ], [ -121.402438062461997, 36.7903204093939 ], [ -121.402437290045995, 36.790313701953004 ], [ -121.402436662989004, 36.790306983473897 ], [ -121.402436181431995, 36.790300258461002 ], [ -121.402435846494996, 36.790293526891801 ], [ -121.402435657141993, 36.790286791491503 ], [ -121.402435614576007, 36.790280054940098 ], [ -121.402435717705998, 36.790273318161098 ], [ -121.402435966644006, 36.790266584758101 ], [ -121.402436362539007, 36.7902598556092 ], [ -121.402436904324006, 36.790253132539 ], [ -121.402437590966002, 36.790246418272503 ], [ -121.402438423668002, 36.790239715489797 ], [ -121.402439402428996, 36.790233024191103 ], [ -121.402440529041996, 36.790226329916898 ], [ -121.402443891082001, 36.790214429878603 ], [ -121.402447510182995, 36.790202578753899 ], [ -121.402451386455994, 36.790190780146403 ], [ -121.402455517801997, 36.790179038605302 ], [ -121.402459903156, 36.790167355955099 ], [ -121.402464542659004, 36.7901557367001 ], [ -121.402469431941995, 36.790144184534 ], [ -121.402474572236997, 36.7901327030376 ], [ -121.402479961387996, 36.790121294958901 ], [ -121.402485596174003, 36.7901099648696 ], [ -121.402491476652997, 36.790098714571599 ], [ -121.402497599631005, 36.790087549537702 ], [ -121.402503964044001, 36.7900764715923 ], [ -121.402510567793001, 36.7900654852847 ], [ -121.402517409813001, 36.790054592439198 ], [ -121.402524485762996, 36.790043797650398 ], [ -121.402531795729004, 36.7900331036208 ], [ -121.402539336488999, 36.790022514922498 ], [ -121.402547105831999, 36.790012032501402 ], [ -121.402555101684996, 36.7900016618078 ], [ -121.402563320715998, 36.789991403810198 ], [ -121.402575542704, 36.789976842878801 ], [ -121.402675035401998, 36.789848644393402 ], [ -121.402775830471995, 36.789721105602901 ], [ -121.402793719136994, 36.789695668227999 ], [ -121.402811053175, 36.789669984199499 ], [ -121.402827826060999, 36.789644059958903 ], [ -121.402844035835003, 36.789617904560401 ], [ -121.402859674910999, 36.789591526270002 ], [ -121.402874739005, 36.7895649314843 ], [ -121.402889223944001, 36.789538130203297 ], [ -121.402903124326002, 36.7895111288462 ], [ -121.402921574668994, 36.789473056289197 ], [ -121.402933893935995, 36.789450820247097 ], [ -121.402945729345006, 36.789428414554898 ], [ -121.402957076638998, 36.789405846509901 ], [ -121.402967932655997, 36.7893831224861 ], [ -121.402978294259, 36.789360249758197 ], [ -121.402988157166007, 36.789337234723 ], [ -121.403005618977005, 36.789292861105501 ], [ -121.403009390508004, 36.789285444711098 ], [ -121.403013322882003, 36.789278082771702 ], [ -121.403017413889003, 36.789270776233103 ], [ -121.403021663667005, 36.789263529599602 ], [ -121.403026068857002, 36.789256342938899 ], [ -121.403030629542002, 36.7892492189536 ], [ -121.403035345807993, 36.789242160346497 ], [ -121.403040213229005, 36.789235169009302 ], [ -121.403045230741, 36.789228246766399 ], [ -121.403050398429002, 36.7892213963204 ], [ -121.403055715229002, 36.789214619495603 ], [ -121.403061176715994, 36.789207918183898 ], [ -121.403066782973994, 36.789201295087999 ], [ -121.403072532912006, 36.789194751131298 ], [ -121.403078422131998, 36.789188289106498 ], [ -121.403084452932006, 36.789181910770303 ], [ -121.403090619766999, 36.789175618037397 ], [ -121.403096922692995, 36.789169412709199 ], [ -121.403103359525005, 36.789163296632701 ], [ -121.403109926960994, 36.789157271677297 ], [ -121.403116625083001, 36.789151340545502 ], [ -121.403123450531993, 36.7891455033051 ], [ -121.403130402328003, 36.789139764482897 ], [ -121.403137477054003, 36.789134122344898 ], [ -121.403144673729997, 36.789128581417899 ], [ -121.403151987876996, 36.789123141791997 ], [ -121.403159420698003, 36.789117806147502 ], [ -121.403166967741001, 36.789112575475301 ], [ -121.403174626821993, 36.7891074516223 ], [ -121.403182395729004, 36.789102435534403 ], [ -121.403193497488999, 36.789095571997599 ], [ -121.403209193758997, 36.789087894813001 ], [ -121.403225053843997, 36.789080439689997 ], [ -121.403241074413003, 36.789073207597397 ], [ -121.403257248857003, 36.789066202273801 ], [ -121.403273571574999, 36.789059423831702 ], [ -121.403290040469003, 36.789052876820797 ], [ -121.403306648818003, 36.789046561376303 ], [ -121.403323391105005, 36.789040480313403 ], [ -121.403340262905999, 36.789034635524203 ], [ -121.403357259770004, 36.789029027999497 ], [ -121.403374375032001, 36.789023659676502 ], [ -121.403391604267995, 36.789018532447002 ], [ -121.403410645603003, 36.7890131830355 ], [ -121.403425469273998, 36.789008547741901 ], [ -121.403440190140998, 36.789003706282102 ], [ -121.403454804814999, 36.788998657822802 ], [ -121.40346930666, 36.7889934052019 ], [ -121.403483692372006, 36.788987950288899 ], [ -121.403497957498004, 36.788982294074899 ], [ -121.403512097615007, 36.788976438452103 ], [ -121.403526109389006, 36.788970384388797 ], [ -121.403539986213005, 36.788964135623999 ], [ -121.403553726965995, 36.788957692180297 ], [ -121.403567325040001, 36.788951057796602 ], [ -121.403580775955007, 36.788944232563097 ], [ -121.403594078702, 36.788937220106 ], [ -121.403607226618007, 36.788930022362301 ], [ -121.403620216370001, 36.788922640300797 ], [ -121.403633042468996, 36.788915077637597 ], [ -121.403645703853002, 36.788907336197198 ], [ -121.403658196096004, 36.788899417871598 ], [ -121.403670513682002, 36.7888913254762 ], [ -121.403682653307001, 36.7888830608806 ], [ -121.403703945938005, 36.788867835816603 ], [ -121.403712760592995, 36.788861419423498 ], [ -121.403721433580998, 36.788854880581098 ], [ -121.403729963809994, 36.788848220212898 ], [ -121.403738348030998, 36.788841441990002 ], [ -121.403746584060997, 36.7888345477594 ], [ -121.403754669658994, 36.788827537566199 ], [ -121.403762600484995, 36.788820416004903 ], [ -121.403770377659001, 36.7888131830533 ], [ -121.403777994601001, 36.7888058433509 ], [ -121.403785453523994, 36.7887983959519 ], [ -121.403792747902997, 36.788790847297598 ], [ -121.403799877682005, 36.788783195586603 ], [ -121.403806840761007, 36.788775445368103 ], [ -121.403813633864004, 36.788767599412701 ], [ -121.403820255899006, 36.788759658643698 ], [ -121.403826705857995, 36.788751626687301 ], [ -121.403832979289007, 36.788743504534601 ], [ -121.403839076333, 36.7887352966899 ], [ -121.403844993627999, 36.788727003221098 ], [ -121.403850729075998, 36.788718628677699 ], [ -121.403856283851994, 36.788710174838798 ], [ -121.40386165356, 36.7887016444975 ], [ -121.403866837137002, 36.788693039477998 ], [ -121.403871833574001, 36.788684363406297 ], [ -121.403876640714998, 36.7886756190304 ], [ -121.403881257468996, 36.7886668072737 ], [ -121.403885682856, 36.788657932663099 ], [ -121.403889913599997, 36.788648997968998 ], [ -121.403893950848001, 36.788640004069698 ], [ -121.403897793621994, 36.788630955492202 ], [ -121.403903452989994, 36.788616572532298 ], [ -121.403907783113993, 36.7886084182921 ], [ -121.403911936488001, 36.788600202706498 ], [ -121.403915909918993, 36.788591931248703 ], [ -121.403919703436998, 36.7885836048196 ], [ -121.403923316005006, 36.788575226144403 ], [ -121.403926745494999, 36.788566798871599 ], [ -121.403929993055996, 36.788558323879698 ], [ -121.403933054318998, 36.788549804862498 ], [ -121.403935932728999, 36.788541244454798 ], [ -121.403938622742004, 36.788532644571397 ], [ -121.403941126709, 36.788524008770501 ], [ -121.403943442420001, 36.788515337998199 ], [ -121.403945570041003, 36.7885066376599 ], [ -121.403947508453996, 36.788497907778002 ], [ -121.403949257771004, 36.788489151956099 ], [ -121.403950815835003, 36.788480372941997 ], [ -121.403952182731004, 36.788471573438301 ], [ -121.403953359663006, 36.788462756125099 ], [ -121.403954344474997, 36.788453923750303 ], [ -121.403955138371003, 36.788445078993803 ], [ -121.403955739167003, 36.788436223702597 ], [ -121.403956148125005, 36.788427362358497 ], [ -121.403956365298995, 36.788418496763299 ], [ -121.403956389626003, 36.788409628741199 ], [ -121.403956221217996, 36.7884007618959 ], [ -121.403955860131006, 36.788391898029097 ], [ -121.403955307626006, 36.788383041622701 ], [ -121.403954562611005, 36.788374193599999 ], [ -121.403953626345995, 36.788365358443002 ], [ -121.403952497738999, 36.788356537075103 ], [ -121.403951178021998, 36.788347733077103 ], [ -121.403949667251993, 36.788338948251003 ], [ -121.403947966687994, 36.7883301870785 ], [ -121.40394607636, 36.7883214504606 ], [ -121.403943996378004, 36.788312742000699 ], [ -121.403941727920994, 36.788304063478002 ], [ -121.403939271097997, 36.788295418496098 ], [ -121.403936627088001, 36.788286808834101 ], [ -121.403933797120999, 36.788278238073097 ], [ -121.403930781282995, 36.7882697089155 ], [ -121.403927581841998, 36.788261222217301 ], [ -121.403924196697005, 36.788252782527898 ], [ -121.403918444170998, 36.788239471314398 ], [ -121.403484087077004, 36.787542003780501 ], [ -121.403475161930999, 36.7875306043872 ], [ -121.403466486216999, 36.787519080980402 ], [ -121.403458062289005, 36.787507437118499 ], [ -121.403449892526993, 36.787495677260999 ], [ -121.403441978133998, 36.787483804088097 ], [ -121.403434322609996, 36.787471822036402 ], [ -121.403426928309003, 36.787459734664601 ], [ -121.403419797553994, 36.787447544630197 ], [ -121.403412932725004, 36.787435256392499 ], [ -121.403406336201996, 36.787422874411 ], [ -121.403400008041999, 36.787410400487303 ], [ -121.403393951772998, 36.787397839959397 ], [ -121.403388168654004, 36.7873851973089 ], [ -121.403382662102004, 36.7873724742701 ], [ -121.403377432312993, 36.787359677149198 ], [ -121.403368744662998, 36.787336532522801 ], [ -121.403367417319004, 36.787331946541599 ], [ -121.403366191394994, 36.787327342292599 ], [ -121.403365064678994, 36.787322720721697 ], [ -121.403364038402998, 36.787318085409801 ], [ -121.403363112538003, 36.787313435456198 ], [ -121.403362288289003, 36.7873087735409 ], [ -121.403361565712999, 36.787304101465701 ], [ -121.403360943660005, 36.787299418352198 ], [ -121.403360423392002, 36.787294728682397 ], [ -121.403360005999005, 36.787290031532699 ], [ -121.403359689327004, 36.787285329650999 ], [ -121.403359475643001, 36.787280623892997 ], [ -121.403359363882998, 36.787275916082997 ], [ -121.403359354076002, 36.787271207121897 ], [ -121.403359446275999, 36.787266498811498 ], [ -121.403359640540998, 36.787261792953601 ], [ -121.403359937990999, 36.787257089525603 ], [ -121.403360336469007, 36.787252391275203 ], [ -121.403360837178994, 36.787247700882503 ], [ -121.403361438946007, 36.787243016568397 ], [ -121.403362143001004, 36.787238341913799 ], [ -121.403362948251996, 36.787233677842003 ], [ -121.403363854757004, 36.787229026155003 ], [ -121.403364861393001, 36.787224386875202 ], [ -121.403365968274997, 36.787219763606203 ], [ -121.403367176493006, 36.787215155424498 ], [ -121.403368483891001, 36.787210565077899 ], [ -121.403369890527003, 36.7872059943682 ], [ -121.403371396425996, 36.7872014441961 ], [ -121.403373001646997, 36.787196916363598 ], [ -121.403374702828003, 36.787192410938097 ], [ -121.403376503385999, 36.787187929653903 ], [ -121.403378400045, 36.787183475281203 ], [ -121.403380392776, 36.787179046919199 ], [ -121.403382481692006, 36.787174648171302 ], [ -121.403384665673002, 36.787170279060099 ], [ -121.403386944774994, 36.7871659413874 ], [ -121.403389316813005, 36.787161637 ], [ -121.403391781788002, 36.787157365897897 ], [ -121.403394339784001, 36.7871531307838 ], [ -121.403396989680999, 36.7871489316802 ], [ -121.403399729295003, 36.787144770433997 ], [ -121.403402558652999, 36.787140647946003 ], [ -121.403405477812001, 36.787136566017999 ], [ -121.403408484560003, 36.787132525596 ], [ -121.403411578925002, 36.787128527580798 ], [ -121.403415837696002, 36.787123267534803 ], [ -121.403500735316996, 36.787020415933704 ], [ -121.403585608770996, 36.786917551230403 ], [ -121.403595572561997, 36.786903915450502 ], [ -121.403605238441003, 36.786890142338002 ], [ -121.403614604279994, 36.7868762355413 ], [ -121.403623666830995, 36.786862198731903 ], [ -121.403632422903001, 36.786848037382804 ], [ -121.403640870367994, 36.786833755142503 ], [ -121.403649007124997, 36.786819356560798 ], [ -121.403656831074997, 36.786804846187202 ], [ -121.403664337850998, 36.7867902277155 ], [ -121.403671526501, 36.786775506573598 ], [ -121.403678394896005, 36.786760686410098 ], [ -121.403684940964993, 36.786745772675701 ], [ -121.403691161460998, 36.786730769041398 ], [ -121.403698400981995, 36.786712101239303 ], [ -121.403722365312007, 36.7866454335634 ], [ -121.403744879306004, 36.786578439914202 ], [ -121.403783660935005, 36.7864502376598 ], [ -121.403785176613994, 36.786443482344403 ], [ -121.403786838710005, 36.786436750222599 ], [ -121.403788647252, 36.786430042195398 ], [ -121.403790600053995, 36.786423360109602 ], [ -121.403792698350003, 36.786416707546202 ], [ -121.403794939899996, 36.786410084550198 ], [ -121.403797325935003, 36.786403494702697 ], [ -121.403799854214995, 36.786396938048803 ], [ -121.403802523761001, 36.7863904191153 ], [ -121.403805334599994, 36.786383938803297 ], [ -121.403808285641006, 36.786377498036003 ], [ -121.403811375874994, 36.786371100439602 ], [ -121.403814604182998, 36.786364746036597 ], [ -121.403817970705006, 36.786358439331501 ], [ -121.403821473172002, 36.786352179468302 ], [ -121.403825110604998, 36.786345970974203 ], [ -121.403828883003001, 36.786339813848997 ], [ -121.403832530648998, 36.786334113565097 ], [ -121.403832788211005, 36.786333710840601 ], [ -121.403836825165001, 36.7863276637731 ], [ -121.403840992800994, 36.786321674470997 ], [ -121.403845288905998, 36.786315743880301 ], [ -121.403849713536999, 36.786309873802502 ], [ -121.403854265685993, 36.786304067863902 ], [ -121.403858942021003, 36.786298327032902 ], [ -121.403863742569001, 36.786292652210498 ], [ -121.403868665147996, 36.786287045243498 ], [ -121.403873709839999, 36.786281508834399 ], [ -121.403878872193999, 36.786276043974503 ], [ -121.403884153386997, 36.786270652442802 ], [ -121.403889551204998, 36.786265335185398 ], [ -121.403895062372001, 36.786260094972597 ], [ -121.403900686946002, 36.786254933606102 ], [ -121.403906422686006, 36.786249851130997 ], [ -121.403912267435999, 36.786244850295098 ], [ -121.403918220104003, 36.786239932021701 ], [ -121.403924278505997, 36.786235098157697 ], [ -121.403930441577998, 36.786230350527397 ], [ -121.403936705988002, 36.7862256900994 ], [ -121.403943070644004, 36.786221117797098 ], [ -121.403949533361995, 36.786216635467397 ], [ -121.403956093077994, 36.786212244934397 ], [ -121.403962746459996, 36.786207947166901 ], [ -121.403969492415996, 36.786203743088201 ], [ -121.403976328762994, 36.786199634545 ], [ -121.403983252166995, 36.786195622506099 ], [ -121.403990262685994, 36.786191708773103 ], [ -121.403997356958996, 36.786187893413697 ], [ -121.404004532802006, 36.786184178274802 ], [ -121.404011786883004, 36.786180564324802 ], [ -121.404019119257995, 36.786177053365599 ], [ -121.404026527686995, 36.786173645442197 ], [ -121.404034007747001, 36.786170342446503 ], [ -121.404041558288, 36.7861671435004 ], [ -121.404049177212002, 36.7861640531532 ], [ -121.404056862193997, 36.786161068747397 ], [ -121.404064611077999, 36.7861581930309 ], [ -121.404072420532998, 36.786155426971902 ], [ -121.404080289437005, 36.786152770593297 ], [ -121.404088214460003, 36.786150224863398 ], [ -121.404096193417004, 36.786147791629197 ], [ -121.404104224039997, 36.786145470034903 ], [ -121.404112304145002, 36.7861432619273 ], [ -121.404120430372004, 36.786141167374097 ], [ -121.404128601601997, 36.786139186397897 ], [ -121.404136814558001, 36.786137321768798 ], [ -121.404145065823002, 36.786135571753 ], [ -121.404153354334994, 36.7861339381747 ], [ -121.404166440295995, 36.7861316076146 ], [ -121.404182429588005, 36.786129045503799 ], [ -121.404198359198006, 36.786126258329503 ], [ -121.404214226969998, 36.786123248839601 ], [ -121.404230026156995, 36.786120016268399 ], [ -121.404245752334006, 36.786116562508099 ], [ -121.404261402195999, 36.786112889427997 ], [ -121.404276968996001, 36.786108996262698 ], [ -121.404292450548994, 36.7861048848591 ], [ -121.404307839099999, 36.786100558077699 ], [ -121.404323131230996, 36.786096014184601 ], [ -121.404338323724005, 36.786091257751799 ], [ -121.404353409829, 36.786086288013898 ], [ -121.404368386269994, 36.786081107741097 ], [ -121.404383247476005, 36.786075717947298 ], [ -121.404397990142996, 36.786070120501897 ], [ -121.404412608697001, 36.786064316418603 ], [ -121.404427098743, 36.786058308490396 ], [ -121.404441456949996, 36.786052097685896 ], [ -121.404455677800001, 36.786045686820401 ], [ -121.404469756842005, 36.786039076885302 ], [ -121.404483690771002, 36.786032269750002 ], [ -121.404509034469001, 36.786019186788103 ], [ -121.404519734657001, 36.786012617860898 ], [ -121.404530290099999, 36.786005899503699 ], [ -121.404540698641, 36.785999034464197 ], [ -121.404550955857005, 36.785992024634403 ], [ -121.404561060655993, 36.785984870937902 ], [ -121.404571008670004, 36.785977577068401 ], [ -121.404580795445995, 36.785970144017 ], [ -121.404590421096998, 36.7859625753876 ], [ -121.404599881199005, 36.785954873071901 ], [ -121.404609171299995, 36.785947038061103 ], [ -121.404618290420004, 36.7859390748824 ], [ -121.404627235226997, 36.785930984504198 ], [ -121.404636003565003, 36.785922769674499 ], [ -121.404644592157993, 36.785914433163597 ], [ -121.404652998822996, 36.785905976818299 ], [ -121.404661220310999, 36.785897404309999 ], [ -121.404669254466, 36.785888718386502 ], [ -121.404677100197006, 36.785879919971201 ], [ -121.404684753135996, 36.785871012757902 ], [ -121.404692210006004, 36.785861999517003 ], [ -121.404699472012993, 36.785852882928801 ], [ -121.404706534788005, 36.785843666686802 ], [ -121.404713396147002, 36.785834352638197 ], [ -121.404724446659998, 36.7858185196704 ], [ -121.404731853086005, 36.785807886640299 ], [ -121.406621591542006, 36.784660773732099 ], [ -121.407396331561003, 36.7842825806961 ], [ -121.409320274652003, 36.784959970867099 ], [ -121.414978605252003, 36.785744592236497 ], [ -121.419894280470999, 36.787556090213798 ], [ -121.421299786469007, 36.785325827204602 ], [ -121.426716364244996, 36.776310212560297 ], [ -121.440615990669997, 36.783540676665403 ], [ -121.449033138321994, 36.787940298344701 ], [ -121.450186874070994, 36.788563685987498 ], [ -121.451076500764003, 36.789044355397998 ], [ -121.451782021379003, 36.789425542064301 ], [ -121.452888726934006, 36.790023469170301 ], [ -121.455394077106007, 36.791376980742001 ], [ -121.458087371556005, 36.792831917019399 ], [ -121.461674679366993, 36.794705092026099 ], [ -121.462240887085002, 36.795000729004698 ], [ -121.459644700664995, 36.798162298962303 ], [ -121.455541728693007, 36.803380240603403 ], [ -121.454777070741997, 36.804330925491001 ], [ -121.453157787094995, 36.806368065356402 ], [ -121.452170536072003, 36.808925720665101 ], [ -121.451735300612995, 36.810107314866997 ], [ -121.451795836445001, 36.813045923761102 ], [ -121.451301453886998, 36.813463902982598 ], [ -121.450535742823007, 36.814111265277901 ], [ -121.449912456383998, 36.814638205247398 ], [ -121.449836213335004, 36.814702551001602 ], [ -121.449737500704003, 36.814785861747801 ], [ -121.449395002366003, 36.814730470526499 ], [ -121.442289036036001, 36.813580998725001 ], [ -121.441894713460002, 36.813786112437299 ], [ -121.446871984775001, 36.818294688612099 ], [ -121.443987138281997, 36.820242071613499 ], [ -121.442991389567993, 36.820914201345801 ], [ -121.438614094159007, 36.823868634357602 ], [ -121.441565091593006, 36.826354395505703 ], [ -121.440019892517, 36.827108193173999 ], [ -121.437305939468999, 36.828218495078303 ], [ -121.435947341151007, 36.828774274124903 ], [ -121.435362339216994, 36.829013581372998 ], [ -121.434666285543997, 36.829298310549703 ], [ -121.433612995442004, 36.829729159703099 ], [ -121.433452566127002, 36.829794782122697 ], [ -121.433165820900001, 36.829912072933503 ], [ -121.432972369490003, 36.829998074760098 ], [ -121.433230750057007, 36.830155364666901 ], [ -121.433805014960001, 36.8305238035177 ], [ -121.434159640786007, 36.830751138719897 ], [ -121.435135619522001, 36.831376787857401 ], [ -121.435189046911006, 36.831411037104303 ], [ -121.435498080792001, 36.831609137366101 ], [ -121.436130200039997, 36.832008994611897 ], [ -121.437049491862993, 36.8325980519678 ], [ -121.437444316625005, 36.8328506778331 ], [ -121.437909662297002, 36.833148423735103 ], [ -121.438088881766006, 36.833262851625904 ], [ -121.438950151632994, 36.833808679238601 ], [ -121.439037301327005, 36.833867046960997 ], [ -121.439123962132996, 36.833923921894097 ], [ -121.439125170335004, 36.833924715736302 ], [ -121.439265133011006, 36.8340141964105 ], [ -121.439285911528998, 36.834027058511097 ], [ -121.439406824117995, 36.8341019018373 ], [ -121.439524223684998, 36.834168768680698 ], [ -121.439585949952004, 36.834202048753099 ], [ -121.439648387771996, 36.834234457888201 ], [ -121.439711521171006, 36.834265987396797 ], [ -121.439775328454004, 36.8342966251005 ], [ -121.439839792553002, 36.834326363233899 ], [ -121.439904891888006, 36.834355193222301 ], [ -121.439970607063998, 36.834383104643301 ], [ -121.441150756374, 36.834885535502401 ], [ -121.441591720161995, 36.835069612890699 ], [ -121.441890859116995, 36.835194358443196 ], [ -121.441945183203998, 36.835215793097298 ], [ -121.441999965291998, 36.8352364611494 ], [ -121.442055188427005, 36.835256358438002 ], [ -121.442110833328002, 36.835275478145398 ], [ -121.442134038690995, 36.835283068971798 ], [ -121.441583904240005, 36.836275379307303 ], [ -121.441592749994001, 36.836360837676899 ], [ -121.441363355956994, 36.836866220724403 ], [ -121.440982600539002, 36.837537471164801 ], [ -121.440896484017003, 36.837689289070099 ], [ -121.440236791947996, 36.839108138022802 ], [ -121.438883249168995, 36.840565349944001 ], [ -121.438353049400007, 36.840768963200297 ], [ -121.437952593730998, 36.840922749250502 ], [ -121.436678381129994, 36.8414120666801 ], [ -121.436339983024993, 36.841542012828 ], [ -121.436673351943, 36.842410584794997 ], [ -121.436695850305995, 36.842465640401301 ], [ -121.436965699720005, 36.843125953042197 ], [ -121.440125949445004, 36.844380833545003 ], [ -121.440414437146003, 36.844495380971203 ], [ -121.443152357309003, 36.845582450936597 ], [ -121.443516410393997, 36.845730300943202 ], [ -121.444762385261001, 36.846236302309499 ], [ -121.446752831091004, 36.847047767241797 ], [ -121.446824942259994, 36.846933772038298 ], [ -121.447133808355005, 36.847051352269901 ], [ -121.448865113587004, 36.847735147079199 ], [ -121.448834864912001, 36.8477844090785 ], [ -121.448212643459996, 36.848797718237897 ], [ -121.448168401876003, 36.848869766838803 ], [ -121.448072717016998, 36.849025589705001 ], [ -121.448032028865995, 36.849091848472298 ], [ -121.446832814790994, 36.851044708220101 ], [ -121.446831052719006, 36.851047576643602 ], [ -121.446730978652994, 36.851210536523404 ], [ -121.446596502415005, 36.851429516079598 ], [ -121.446516639999004, 36.851559563909802 ], [ -121.446340007082995, 36.851847188614499 ], [ -121.446041112840007, 36.852333892079002 ], [ -121.445383245311007, 36.8534986899584 ], [ -121.445029081648002, 36.854070721789597 ], [ -121.444578535605999, 36.854798414046002 ], [ -121.443444492848002, 36.856629977740802 ], [ -121.443160546851004, 36.857088555724602 ], [ -121.442428791222994, 36.858273204702499 ], [ -121.441905796857995, 36.8591198625479 ], [ -121.441615932895004, 36.859589104914598 ], [ -121.440313872629005, 36.861696843624898 ], [ -121.440272328587, 36.861764091213097 ], [ -121.440063366244999, 36.862102341938403 ], [ -121.440029556921004, 36.862157068235199 ], [ -121.440060524469004, 36.862166649209499 ], [ -121.439949577757005, 36.862279579939901 ], [ -121.439865766382994, 36.862411004841803 ], [ -121.439641246481003, 36.862763071417497 ], [ -121.439336577549, 36.863240812641202 ], [ -121.438345031750998, 36.864795577460903 ], [ -121.437564363007994, 36.866019631339 ], [ -121.437209151424995, 36.866576574428798 ], [ -121.436847155161999, 36.867144142866998 ], [ -121.436607556351007, 36.867519801615899 ], [ -121.436464674844004, 36.867743817708202 ], [ -121.435652923217006, 36.869016496775302 ], [ -121.435494694452998, 36.869197325436801 ], [ -121.434711952488001, 36.870091847928798 ], [ -121.434121045709006, 36.8708105410578 ], [ -121.431964734884005, 36.873433021565901 ], [ -121.436937946067005, 36.876954250723898 ], [ -121.439190705288993, 36.878233704182101 ], [ -121.439087593921002, 36.878378663561698 ], [ -121.435718523377005, 36.881740040319599 ], [ -121.432850290920996, 36.884589243248399 ], [ -121.431561206170997, 36.8837240820611 ], [ -121.430982082461, 36.883345968269602 ], [ -121.430698250093002, 36.883132283868797 ], [ -121.429283947132006, 36.882019315363102 ], [ -121.427612320319994, 36.880704679289401 ], [ -121.426449599418007, 36.879776058552601 ], [ -121.426195531717994, 36.879989325414897 ], [ -121.424834965071994, 36.881575938512498 ], [ -121.422710608100004, 36.880629171208803 ], [ -121.421401333361004, 36.880045633158502 ], [ -121.419599667114994, 36.879274084762798 ], [ -121.418732253656003, 36.878904047484099 ], [ -121.417484962941003, 36.878371938738603 ], [ -121.416336754740001, 36.878328381926302 ], [ -121.413865460580993, 36.878234424249001 ], [ -121.413064962104997, 36.878203938554698 ], [ -121.413079962249, 36.878060938405902 ], [ -121.412677184331002, 36.877957980972198 ], [ -121.412283269854996, 36.877904833918997 ], [ -121.410822183769, 36.877856282553999 ], [ -121.410062638428002, 36.877831035446498 ], [ -121.409272127272999, 36.8778047554068 ], [ -121.409247802221003, 36.877785181726402 ], [ -121.408807521867004, 36.8779206021185 ], [ -121.408807338960997, 36.877923620184099 ], [ -121.406740885453004, 36.8778146961427 ], [ -121.404629404993997, 36.877703362097897 ], [ -121.404393225956994, 36.877694122453399 ], [ -121.403949779605995, 36.877676774780802 ], [ -121.402967825055995, 36.877638352744299 ], [ -121.401545734672993, 36.877582694269897 ], [ -121.400862744505005, 36.877555957838098 ], [ -121.400763789389998, 36.879052561556001 ], [ -121.400695772936004, 36.880081202031 ], [ -121.400622935121007, 36.881182742725798 ], [ -121.400629932599998, 36.881253121690001 ], [ -121.400532879520995, 36.881981480940397 ], [ -121.400498403046996, 36.882426518842998 ], [ -121.400354944238003, 36.884278250845703 ], [ -121.400271312184998, 36.885357714512701 ], [ -121.400271247725996, 36.885358672219603 ], [ -121.400271205725005, 36.885359630377003 ], [ -121.400271183936994, 36.885360589029901 ], [ -121.400271182335999, 36.885361547277498 ], [ -121.400271200950002, 36.885362506020499 ], [ -121.400271241992996, 36.885363464313201 ], [ -121.400271303222993, 36.885364422200603 ], [ -121.400271384611003, 36.8853653787816 ], [ -121.400271488401003, 36.885366334011501 ], [ -121.400271739941999, 36.8853681426287 ], [ -121.401250878675995, 36.891475975862399 ], [ -121.401362601816004, 36.892172840345602 ], [ -121.401483123760997, 36.892924571554602 ], [ -121.401492934832007, 36.892985773169698 ], [ -121.401524769738998, 36.893184332161397 ], [ -121.401559906011997, 36.893403488161503 ], [ -121.402231319522997, 36.897590962082397 ], [ -121.402475055690005, 36.898985815905498 ], [ -121.40248975275, 36.899069926212299 ], [ -121.402559972155998, 36.8994717721014 ], [ -121.403037198245002, 36.902202666566701 ], [ -121.402477328551996, 36.902299293609701 ], [ -121.402481697137006, 36.902394697094302 ], [ -121.402484237007002, 36.902500394607301 ], [ -121.402484481000997, 36.902606111208897 ], [ -121.402482425909994, 36.902711816315197 ], [ -121.402478076269006, 36.902817475580598 ], [ -121.402471428870001, 36.902923058420797 ], [ -121.402462489393997, 36.903028531368498 ], [ -121.402451259095002, 36.903133862848101 ], [ -121.402437741466997, 36.903239021238498 ], [ -121.402421939977998, 36.903343974018199 ], [ -121.402403860365993, 36.9034486895209 ], [ -121.402383507221003, 36.903553135202102 ], [ -121.402360888554, 36.903657280250997 ], [ -121.402336008980996, 36.903761093023803 ], [ -121.402308877552002, 36.903864539984397 ], [ -121.402279503426996, 36.9039675912001 ], [ -121.402247892374007, 36.904070215905101 ], [ -121.402214450578001, 36.904176589434897 ], [ -121.402186966469998, 36.904257122985001 ], [ -121.402157736858001, 36.904337258912797 ], [ -121.402126769953, 36.904416972713399 ], [ -121.402094075117006, 36.904496240760402 ], [ -121.402059662775002, 36.904575037603102 ], [ -121.402023543468999, 36.904653341394003 ], [ -121.401985727595999, 36.904731125781304 ], [ -121.401946227940002, 36.9048083688727 ], [ -121.401905054986003, 36.904885047018603 ], [ -121.401862221431003, 36.9049611356238 ], [ -121.401836979193007, 36.905003969848899 ], [ -121.399247903984005, 36.905819469655697 ], [ -121.399252946963003, 36.9050449947893 ], [ -121.398968176940997, 36.904216924200703 ], [ -121.398605697213995, 36.903591987682901 ], [ -121.398521809331001, 36.903099614277203 ], [ -121.398010238398001, 36.902466085349701 ], [ -121.397834353299004, 36.901989836894899 ], [ -121.397733268308002, 36.901716124806299 ], [ -121.397525397753995, 36.901153255239699 ], [ -121.397092778355002, 36.900546132871398 ], [ -121.397010285066003, 36.899876027687597 ], [ -121.397034437784001, 36.8992452486969 ], [ -121.396996180122002, 36.898776823012398 ], [ -121.396805370878994, 36.898412838627301 ], [ -121.396639204669995, 36.8982843557839 ] ] ] } },
{ "type": "Feature", "properties": { "OBJECTID": 6, "Id": 0, "Name": "JEFFERSON ELEMENTARY", "Address": "211 OLD HERNANDEZ RD, PAICINES, CA 95043", "Phone": "831-389-4593", "Fax": "831-389-4593", "Webpage": "http://www.sbcoe.k12.ca.us/District/1246-Untitled.html", "GlobalID": "dd9572b5-7167-4932-ac40-739f866c7985", "Shape__Area": 4962736541.3095703, "Shape__Length": 385142.59015722299 }, "geometry": { "type": "Polygon", "coordinates": [ [ [ -121.326290762198994, 36.575623067228797 ], [ -121.325329689163993, 36.5756228457874 ], [ -121.321643015736996, 36.575622118027098 ], [ -121.312612021589999, 36.575619855350197 ], [ -121.303708604701995, 36.575622224984699 ], [ -121.294620733613002, 36.5756226299182 ], [ -121.285707039832999, 36.575471437137601 ], [ -121.276753965837003, 36.5753833649974 ], [ -121.275706457102004, 36.575431536673399 ], [ -121.274938210832005, 36.575466861099898 ], [ -121.262310514578004, 36.576046766751197 ], [ -121.257480070232006, 36.576268241417203 ], [ -121.253522895098001, 36.576449529010603 ], [ -121.253847285161996, 36.582663801520802 ], [ -121.253910702823006, 36.583878555832598 ], [ -121.254070432926, 36.586937988594997 ], [ -121.254091060475005, 36.587333077156202 ], [ -121.254242632521994, 36.590236009414198 ], [ -121.254282096395997, 36.590991793793599 ], [ -121.254465399809007, 36.594628775763802 ], [ -121.254481119160999, 36.594940660500299 ], [ -121.254699300088006, 36.599269175239101 ], [ -121.254709749461, 36.599476466606099 ], [ -121.250433001130006, 36.599741058334999 ], [ -121.250357240306997, 36.599745744188297 ], [ -121.236968188581002, 36.6005730779613 ], [ -121.232636731476006, 36.600701218311897 ], [ -121.228290401576999, 36.600890140600598 ], [ -121.219000773578003, 36.601154621261003 ], [ -121.215212583832994, 36.601444466677599 ], [ -121.210822901976996, 36.601667330439597 ], [ -121.209184025244994, 36.601724072307199 ], [ -121.20656636903, 36.601811663363897 ], [ -121.201107917662, 36.601875619898898 ], [ -121.201123383345006, 36.601144981285898 ], [ -121.196274736853994, 36.6011374752309 ], [ -121.195084353037998, 36.601118590047001 ], [ -121.194783037348998, 36.601113808569799 ], [ -121.194123480063993, 36.601103337833599 ], [ -121.192056114409993, 36.601049753846198 ], [ -121.180033658341998, 36.6008074069942 ], [ -121.177707250053999, 36.600765995184901 ], [ -121.175785232186996, 36.600736016485797 ], [ -121.175704125619006, 36.5970877155249 ], [ -121.171025960955006, 36.596998281057303 ], [ -121.171119779936006, 36.600671785034997 ], [ -121.166863920159997, 36.600768242414603 ], [ -121.159661020488002, 36.601063351736002 ], [ -121.158681281146002, 36.601103459148398 ], [ -121.156280523945, 36.608334979663702 ], [ -121.155246564492998, 36.6083532651488 ], [ -121.149993204495999, 36.608506254168702 ], [ -121.149810366899004, 36.608419781973197 ], [ -121.149405632870995, 36.608228363006702 ], [ -121.137691234824004, 36.606353541161702 ], [ -121.128216810425997, 36.605506951775702 ], [ -121.118825844241996, 36.605752445637897 ], [ -121.118563227403001, 36.604999054356803 ], [ -121.117910599477, 36.604870377159699 ], [ -121.117418385075993, 36.604761118551899 ], [ -121.116091237077001, 36.6044628010022 ], [ -121.116061624745001, 36.603944808160797 ], [ -121.118007043283995, 36.602785377161403 ], [ -121.117019654146006, 36.595901236174498 ], [ -121.116996807353004, 36.591285907958202 ], [ -121.108174035671993, 36.591373530295499 ], [ -121.099314743953002, 36.591583630140804 ], [ -121.099180211464002, 36.585950654336798 ], [ -121.099169724462001, 36.580563604764997 ], [ -121.099179733756003, 36.576970244497403 ], [ -121.099172141164004, 36.576901567946102 ], [ -121.094409131668996, 36.576861240177699 ], [ -121.093722619342003, 36.576855690762301 ], [ -121.093050851754995, 36.5768502576679 ], [ -121.089601125090994, 36.576822293272301 ], [ -121.081079119877003, 36.5767510600935 ], [ -121.070500842949002, 36.5765621274506 ], [ -121.066186657629004, 36.576786192811902 ], [ -121.061757622559, 36.5770160592838 ], [ -121.061582053224001, 36.5770008136179 ], [ -121.049183856669003, 36.575953761949698 ], [ -121.037068894743001, 36.574929356288202 ], [ -121.036786513595999, 36.574925630617599 ], [ -121.033284653497006, 36.5748856013603 ], [ -121.032932031152001, 36.563928073352201 ], [ -121.029021694953997, 36.564196704743203 ], [ -121.029275371270003, 36.567746295026801 ], [ -121.024652713793003, 36.567731155551897 ], [ -121.020899166766, 36.567718729592201 ], [ -121.020029021016995, 36.567715832561703 ], [ -121.019638341331998, 36.564202893168101 ], [ -121.019250401397002, 36.5607142669433 ], [ -121.019156457845995, 36.557066202408301 ], [ -121.019106049257005, 36.555108589041197 ], [ -121.019092271641, 36.554573521600901 ], [ -121.019063137876998, 36.553442066652202 ], [ -121.018969826627995, 36.549817885636202 ], [ -121.018876178081996, 36.546180251465799 ], [ -121.014445652592997, 36.546215480098901 ], [ -121.010609576692005, 36.546245849412003 ], [ -121.009681116826997, 36.546248567706797 ], [ -121.005635462341999, 36.5462245366868 ], [ -121.001256025743004, 36.546198368293098 ], [ -121.001205916516, 36.542636886967301 ], [ -120.996810913765998, 36.542629877583501 ], [ -120.992411696844997, 36.542622699858597 ], [ -120.992331072415993, 36.539036899920099 ], [ -120.996744625597998, 36.539040494272001 ], [ -121.001155368620999, 36.5390439226395 ], [ -121.001104825390001, 36.535450955559398 ], [ -121.001054287984999, 36.531857987524099 ], [ -121.001050682867003, 36.5316329411814 ], [ -121.001035168780007, 36.531632562091403 ], [ -120.996609948303998, 36.531748812150902 ], [ -120.992718883063006, 36.531850893429699 ], [ -120.992169846869004, 36.531865287198599 ], [ -120.991935198594007, 36.520967608452999 ], [ -120.991856995280003, 36.5173350442832 ], [ -120.991849369695998, 36.517247373661299 ], [ -120.991817539051993, 36.5136691384999 ], [ -120.991719726721001, 36.502671409013303 ], [ -120.982861955104994, 36.5024276004836 ], [ -120.978433090192993, 36.502305448432601 ], [ -120.974004238153, 36.502183132411702 ], [ -120.973988989175993, 36.500077421551801 ], [ -120.974116778490995, 36.495401867338401 ], [ -120.974301848242007, 36.488629480312099 ], [ -120.975324116633004, 36.488644774595002 ], [ -120.975140692397005, 36.483070806521198 ], [ -120.975084449104003, 36.4811984086884 ], [ -120.975043771987004, 36.477415659803299 ], [ -120.975045764673993, 36.475096803795999 ], [ -120.975047213246, 36.473410949473298 ], [ -120.975200386140997, 36.458775403918501 ], [ -120.975186062413997, 36.455378732337998 ], [ -120.975201060987999, 36.450009618451901 ], [ -120.975255781890993, 36.4480376364791 ], [ -120.975223811719005, 36.446518022233299 ], [ -120.975162975789999, 36.445154696415401 ], [ -120.975108603997995, 36.444635871671601 ], [ -120.975498065392003, 36.444326625542999 ], [ -120.976314461022, 36.443285787580898 ], [ -120.975902109282998, 36.442084275642799 ], [ -120.975736441737993, 36.441493516602797 ], [ -120.976135777701003, 36.439888716318499 ], [ -120.977315608503005, 36.437988830846599 ], [ -120.978880864969, 36.435005748928198 ], [ -120.981465891300999, 36.430030533494403 ], [ -120.983687078157004, 36.425783201646702 ], [ -120.989346987440996, 36.415536113997803 ], [ -120.992526362652001, 36.409174684397499 ], [ -120.993210866677003, 36.407745676962598 ], [ -120.993569483908004, 36.408008743889198 ], [ -120.994142599753005, 36.408187228155001 ], [ -120.994696002010997, 36.408373736074701 ], [ -120.995470379430003, 36.409051497933 ], [ -120.996367004622002, 36.410025025966299 ], [ -120.997256266329998, 36.411116213869498 ], [ -120.997172531521997, 36.411690589924604 ], [ -120.997238043676006, 36.412244329477602 ], [ -120.997345342813006, 36.412415943158997 ], [ -120.998213423780996, 36.413564869821897 ], [ -120.998767019344996, 36.414335652694902 ], [ -120.999473281473001, 36.414856475352302 ], [ -121.001428251616005, 36.416283909215501 ], [ -121.002089499773007, 36.416806116005098 ], [ -121.002605744663995, 36.417121546969497 ], [ -121.003059922668996, 36.417470634442303 ], [ -121.005910225207998, 36.419108987877699 ], [ -121.009776749140002, 36.421366271526502 ], [ -121.015020814036006, 36.424469167108597 ], [ -121.018276788169004, 36.426425424550402 ], [ -121.019324111131994, 36.4270215756897 ], [ -121.020441091278002, 36.427619349472899 ], [ -121.021897036913998, 36.428276661602503 ], [ -121.021961658733005, 36.428339155182698 ], [ -121.022375807317999, 36.428943701672701 ], [ -121.022594244930005, 36.429295545068797 ], [ -121.022760046133001, 36.429623426619102 ], [ -121.022795959931003, 36.429697875371403 ], [ -121.023130320491006, 36.429951131461998 ], [ -121.023379867312002, 36.430140144574999 ], [ -121.023466311659007, 36.430205619958102 ], [ -121.023959933979, 36.430431057253202 ], [ -121.025092057923004, 36.430912131483304 ], [ -121.025684762911993, 36.4311597823678 ], [ -121.025895337988999, 36.4312615250048 ], [ -121.026546718958997, 36.431607559828002 ], [ -121.027490278811001, 36.432421993189401 ], [ -121.028094919688996, 36.432943875266602 ], [ -121.028501152416993, 36.433218429109203 ], [ -121.030204025391996, 36.434138539482397 ], [ -121.030401676297004, 36.434229657388101 ], [ -121.031178785861997, 36.434526008201303 ], [ -121.032190592627998, 36.434888764087198 ], [ -121.032320574191004, 36.434974158215098 ], [ -121.032559392626993, 36.435199794852899 ], [ -121.032827967130004, 36.435453544769302 ], [ -121.033331265447998, 36.4359290537896 ], [ -121.033403150520002, 36.436067730281302 ], [ -121.033454899407005, 36.436291276399999 ], [ -121.033528618483999, 36.436609729196 ], [ -121.033671984929995, 36.437229037424899 ], [ -121.033894729042004, 36.437643694602002 ], [ -121.033937132787997, 36.437722631739099 ], [ -121.034315042893994, 36.438056621877202 ], [ -121.034612756084002, 36.438199333602498 ], [ -121.035063539842, 36.438415417602101 ], [ -121.035629452761995, 36.438686685121397 ], [ -121.035820744497997, 36.438778379150399 ], [ -121.036105339466005, 36.439059009971103 ], [ -121.036422884576993, 36.439372127854398 ], [ -121.036624973399, 36.439664752977002 ], [ -121.036761235982993, 36.439862060416601 ], [ -121.036899979927995, 36.440062960601402 ], [ -121.036941905172, 36.440104806127202 ], [ -121.037224629283003, 36.440380890842498 ], [ -121.037484137386002, 36.440602115047 ], [ -121.037825682120996, 36.440919952365299 ], [ -121.038091915622005, 36.441188150999899 ], [ -121.038367037610996, 36.4414788727101 ], [ -121.038722427894001, 36.4416071134888 ], [ -121.039076137283004, 36.4417273008401 ], [ -121.039230520836, 36.4417803930193 ], [ -121.039307689070995, 36.441806931776803 ], [ -121.039441231701005, 36.441883722643702 ], [ -121.039760314237995, 36.442099679441803 ], [ -121.040125622343993, 36.442326900203597 ], [ -121.040323567678001, 36.442461306621198 ], [ -121.040601715834995, 36.4427161742232 ], [ -121.040677427183994, 36.442785549136701 ], [ -121.040911688725004, 36.442935601657297 ], [ -121.041363549939007, 36.443225032982497 ], [ -121.041641122057996, 36.443443995579102 ], [ -121.041747364941997, 36.443634925488801 ], [ -121.041920655113998, 36.444055505557998 ], [ -121.042040922832001, 36.444377632036101 ], [ -121.042140662384995, 36.444552160246602 ], [ -121.042254805834006, 36.444636060953897 ], [ -121.042324484470001, 36.444673558863698 ], [ -121.042515536742997, 36.444757404211501 ], [ -121.042664562113004, 36.4448431199746 ], [ -121.042811443356996, 36.444961035959203 ], [ -121.043008290030997, 36.445266143440897 ], [ -121.043202261687995, 36.445345439450897 ], [ -121.043464945175998, 36.445441052149803 ], [ -121.043613124573, 36.445492994291897 ], [ -121.043922947295997, 36.4456396928882 ], [ -121.043981512138004, 36.4456674220907 ], [ -121.044389695920003, 36.445966800527401 ], [ -121.044746105274001, 36.446228201818798 ], [ -121.044869547657001, 36.4463024355423 ], [ -121.045324472706994, 36.446531597351303 ], [ -121.045626038771005, 36.446655787330897 ], [ -121.045835766988006, 36.446712597861399 ], [ -121.046048277081994, 36.446717924211299 ], [ -121.046835793528999, 36.446643411627797 ], [ -121.047107005258994, 36.4467322792662 ], [ -121.047750139822, 36.446943010237398 ], [ -121.048181792109006, 36.447084443918101 ], [ -121.048279269454994, 36.447116382568701 ], [ -121.048373892819001, 36.447169322942898 ], [ -121.048506507298995, 36.447243518388298 ], [ -121.048583941586998, 36.447314490303803 ], [ -121.048625920698996, 36.447366139277399 ], [ -121.048927094701995, 36.447736697712202 ], [ -121.049411818172004, 36.448047814090401 ], [ -121.051442962516006, 36.446000900802602 ], [ -121.053100006139005, 36.444330887923698 ], [ -121.053844845125994, 36.443582560455198 ], [ -121.057833136333002, 36.439568689252802 ], [ -121.059128784896004, 36.439074949023997 ], [ -121.062682233244999, 36.439272015964299 ], [ -121.065327521697, 36.439436408755199 ], [ -121.067221992154998, 36.439554104859397 ], [ -121.068120347847, 36.438661429748301 ], [ -121.069620293482998, 36.4371632771444 ], [ -121.068512571818005, 36.436001201765301 ], [ -121.068289012012997, 36.435766666713803 ], [ -121.066265089739005, 36.434256155562601 ], [ -121.064069221660006, 36.432217717942599 ], [ -121.062886835826006, 36.431119098195602 ], [ -121.062848575024006, 36.429909915735202 ], [ -121.062840901466004, 36.429246046607602 ], [ -121.062611973790993, 36.426743630340297 ], [ -121.062978241704997, 36.425206278250798 ], [ -121.064255473529997, 36.423570715910898 ], [ -121.065545399033994, 36.421680133390701 ], [ -121.065473661718002, 36.419940310420202 ], [ -121.065366291925002, 36.419835269527503 ], [ -121.066663317483005, 36.4182292657581 ], [ -121.069651413507998, 36.417336736834798 ], [ -121.070982020703994, 36.4162422328464 ], [ -121.071876010965994, 36.415463435516898 ], [ -121.072482038141004, 36.414952007417703 ], [ -121.072901754797996, 36.414646556433198 ], [ -121.073174949112001, 36.414379434948003 ], [ -121.073444003036997, 36.413957359147503 ], [ -121.073981050179995, 36.413626004554303 ], [ -121.075756945465997, 36.4131974154174 ], [ -121.078969426434995, 36.407208577865902 ], [ -121.079157715820998, 36.406929195078803 ], [ -121.081657996884005, 36.404387300546098 ], [ -121.082354520503003, 36.404022843858002 ], [ -121.083959381982993, 36.402872096311597 ], [ -121.084820884113, 36.402477005766599 ], [ -121.086249876742997, 36.401855655313199 ], [ -121.088544297032001, 36.401052121211301 ], [ -121.089378659114004, 36.400778712231002 ], [ -121.093473766760994, 36.400047101164802 ], [ -121.096255723908996, 36.397875290723398 ], [ -121.096246068151999, 36.3972792503099 ], [ -121.096919717996997, 36.396551843613999 ], [ -121.097381215460999, 36.396162087117901 ], [ -121.098270351013994, 36.396313337110698 ], [ -121.100122933191003, 36.394853064464897 ], [ -121.101854485884004, 36.393508771902702 ], [ -121.102372686815997, 36.3931044475815 ], [ -121.103376401202993, 36.392585814851103 ], [ -121.105233908350002, 36.392583537212502 ], [ -121.106388758625002, 36.391077544026203 ], [ -121.109035676027005, 36.389694936711201 ], [ -121.112352857302, 36.388014142112702 ], [ -121.113143705604003, 36.386724064361097 ], [ -121.116530670873004, 36.385002615969803 ], [ -121.119012698290007, 36.387161633405597 ], [ -121.131011197993004, 36.396177560604997 ], [ -121.137596579977995, 36.401513172644201 ], [ -121.139958896549999, 36.403367714470399 ], [ -121.139967887218006, 36.4050534885898 ], [ -121.141746954113003, 36.405028149431701 ], [ -121.153187501481, 36.414000285572897 ], [ -121.153172917988002, 36.415772589941497 ], [ -121.153157693999006, 36.416184535052103 ], [ -121.155864245618005, 36.416099035836801 ], [ -121.157626887880994, 36.417480973448001 ], [ -121.157607097137003, 36.419649850620601 ], [ -121.160301551659003, 36.419577803642298 ], [ -121.170928535715007, 36.427907220671102 ], [ -121.170880831082002, 36.430272235632899 ], [ -121.173149776268005, 36.430238015126299 ], [ -121.188969458724003, 36.442368102921598 ], [ -121.18888709686, 36.444378957130397 ], [ -121.193349421722004, 36.444350617092901 ], [ -121.193238810658002, 36.448062561872298 ], [ -121.197702009943995, 36.448027608935099 ], [ -121.197807116318998, 36.451663676155299 ], [ -121.201519565008994, 36.451623796934399 ], [ -121.201664763441997, 36.4587667479733 ], [ -121.206155975022995, 36.458772064677497 ], [ -121.206186619937, 36.4626781005406 ], [ -121.210705051689004, 36.462669759914 ], [ -121.210590841081995, 36.466312798518899 ], [ -121.212523207296002, 36.466309181410402 ], [ -121.215052105943997, 36.468911984878297 ], [ -121.215024465759001, 36.473263247305603 ], [ -121.215146590961993, 36.473260304922398 ], [ -121.228551617142998, 36.473284445094301 ], [ -121.230117646135, 36.488236898387001 ], [ -121.230957047846005, 36.488240998084898 ], [ -121.231072071398003, 36.488709429812602 ], [ -121.231180947151003, 36.489012007354503 ], [ -121.232912183644999, 36.492138059577101 ], [ -121.235438224901998, 36.495322223626502 ], [ -121.239991367539005, 36.502019957029397 ], [ -121.240919702496001, 36.502806212970498 ], [ -121.244274083750994, 36.502714458776403 ], [ -121.257320351996, 36.502702120831103 ], [ -121.275411334929004, 36.502837848404397 ], [ -121.293369170903006, 36.502946381856603 ], [ -121.310892998517005, 36.503110438691103 ], [ -121.311207338673, 36.517621160234 ], [ -121.306774623723001, 36.517572709545597 ], [ -121.306736779629006, 36.521134240094199 ], [ -121.302324592391997, 36.521084007495702 ], [ -121.302306485472997, 36.524717030949603 ], [ -121.297846523618006, 36.524673697338301 ], [ -121.297848735269994, 36.528400079508401 ], [ -121.297867122648, 36.531707380497402 ], [ -121.296864356710998, 36.531734867348199 ], [ -121.296902162411001, 36.531984384705403 ], [ -121.297161889432999, 36.532215691874299 ], [ -121.297742550956002, 36.532440799389697 ], [ -121.298388722881, 36.532573996507303 ], [ -121.298730881701005, 36.532742198421502 ], [ -121.298774664394003, 36.533000334984699 ], [ -121.298599822064006, 36.533330676428101 ], [ -121.298457617620002, 36.533666713572998 ], [ -121.298555468046004, 36.534538657089797 ], [ -121.299270433893, 36.534689942813003 ], [ -121.299931137143005, 36.534771055717897 ], [ -121.300073462482999, 36.535373673600297 ], [ -121.300146828197001, 36.535760065111504 ], [ -121.299934681714007, 36.536352622467597 ], [ -121.299924200630997, 36.536649512959798 ], [ -121.300123915216005, 36.537021415035497 ], [ -121.300475562757001, 36.537562271514403 ], [ -121.301047588252004, 36.538541210168503 ], [ -121.301303531336998, 36.538779054430499 ], [ -121.301372746151003, 36.539082019278297 ], [ -121.301610574755003, 36.539247066691203 ], [ -121.306352200635999, 36.539320221505498 ], [ -121.306252062287996, 36.542911575672399 ], [ -121.310856867539002, 36.542983109822202 ], [ -121.310775420645001, 36.546507841141903 ], [ -121.310762045399002, 36.550207292134303 ], [ -121.319724611539996, 36.550257702430898 ], [ -121.319772288143, 36.553881147282503 ], [ -121.328937577917998, 36.553935146642701 ], [ -121.328969581264005, 36.5552686468247 ], [ -121.329667525917998, 36.555726818208797 ], [ -121.330389284887005, 36.556364062017401 ], [ -121.330708472566002, 36.5571515319212 ], [ -121.330713233945005, 36.5577902467558 ], [ -121.330346031824007, 36.558843339461397 ], [ -121.330120632859007, 36.559987043130597 ], [ -121.329732612442001, 36.561190920833504 ], [ -121.329761627478007, 36.562183270228303 ], [ -121.329921929958999, 36.5629702511945 ], [ -121.330436896874005, 36.563870297362598 ], [ -121.331227224887002, 36.565020994311503 ], [ -121.331710399423002, 36.565944841820397 ], [ -121.332218564844993, 36.567026206055203 ], [ -121.332528061331999, 36.568191232987203 ], [ -121.332415535425, 36.568988012299499 ], [ -121.332338379711004, 36.570329975119499 ], [ -121.332415308121, 36.571624135644797 ], [ -121.332786700624993, 36.572543919155599 ], [ -121.333262759323006, 36.573520568206199 ], [ -121.334083399546003, 36.574738987016403 ], [ -121.333302730192997, 36.5748504994326 ], [ -121.332650947055996, 36.574868954322802 ], [ -121.332344163067006, 36.575022817233297 ], [ -121.332045243717005, 36.575399561415701 ], [ -121.331732917248999, 36.575605727007499 ], [ -121.330736677960999, 36.575624221316303 ], [ -121.326290762198994, 36.575623067228797 ] ] ] } },
{ "type": "Feature", "properties": { "OBJECTID": 7, "Id": 0, "Name": "NORTH JOINT UNION ELEMENTARY", "Address": "500 SPRING GROVE RD, HOLLISTER, CA 95023", "Phone": "831-637-5574", "Fax": "831-637-0682", "Webpage": "http://www.ncjusd.k12.ca.us/", "GlobalID": "32068a98-8135-45f3-a7ac-49f502a543e1", "Shape__Area": 4683121227.3769503, "Shape__Length": 484122.88182977599 }, "geometry": { "type": "Polygon", "coordinates": [ [ [ -121.278658667545002, 37.181069303647199 ], [ -121.278472924252995, 37.180797379850603 ], [ -121.277958253085998, 37.179918600596302 ], [ -121.277772251789003, 37.179637795394697 ], [ -121.277414730898997, 37.179564611299497 ], [ -121.276542996320003, 37.179376785660601 ], [ -121.276114151526997, 37.179145011585199 ], [ -121.275380655169002, 37.178750189433202 ], [ -121.274884285983006, 37.177737767611099 ], [ -121.273902420499994, 37.175703826263998 ], [ -121.273805753556999, 37.175439093437198 ], [ -121.273647351418006, 37.174589086086698 ], [ -121.273552324506994, 37.174004443209498 ], [ -121.273134153778003, 37.173381494252801 ], [ -121.272510128334005, 37.172931268146399 ], [ -121.271876062214005, 37.172516770755401 ], [ -121.271762724553994, 37.172438946890097 ], [ -121.271134441059004, 37.172219816438101 ], [ -121.270594153759006, 37.1719723619767 ], [ -121.269516292145994, 37.171193058557101 ], [ -121.268770667539997, 37.170007615693201 ], [ -121.268213102488005, 37.169174032994697 ], [ -121.267694957502997, 37.1681708789149 ], [ -121.267118197949003, 37.167062203742503 ], [ -121.266379983874998, 37.166125400315103 ], [ -121.265377144249996, 37.164873710071198 ], [ -121.26467409208, 37.163998430765503 ], [ -121.264545491312006, 37.1637787201443 ], [ -121.263798706182996, 37.162548841101803 ], [ -121.263518538113004, 37.162083194514601 ], [ -121.263306517277996, 37.161669574909602 ], [ -121.262635352033996, 37.160367177331402 ], [ -121.262553237337002, 37.160217671516499 ], [ -121.262507807806998, 37.160182986408699 ], [ -121.262456366378004, 37.1599440469938 ], [ -121.262332861364001, 37.159519871071801 ], [ -121.262206364907001, 37.159371202815898 ], [ -121.262048935687005, 37.1593030866158 ], [ -121.261892029492998, 37.159252731729602 ], [ -121.261527703401001, 37.159321798492897 ], [ -121.260962088737003, 37.159341345432502 ], [ -121.260758448784003, 37.159211899978303 ], [ -121.259881501880997, 37.158837459150298 ], [ -121.259759712559998, 37.158848638459503 ], [ -121.258850138661998, 37.158874653792502 ], [ -121.258263117902999, 37.158921246794399 ], [ -121.257731573613995, 37.158966792913397 ], [ -121.255653052621994, 37.158881493746101 ], [ -121.254953401842002, 37.158494797665398 ], [ -121.254470930590998, 37.158699346421201 ], [ -121.253545573107004, 37.158565678746101 ], [ -121.252409665654994, 37.158444842411598 ], [ -121.251328197980001, 37.1582874311216 ], [ -121.250861147459005, 37.158260652991999 ], [ -121.250727741351, 37.158254270646999 ], [ -121.249519290346001, 37.157930400905798 ], [ -121.248745649449006, 37.157669454111897 ], [ -121.247870930535001, 37.157748046158403 ], [ -121.247571354835003, 37.1577536589486 ], [ -121.247134548377005, 37.158001749409799 ], [ -121.245742684842, 37.157858987768897 ], [ -121.244926350027995, 37.158416281691999 ], [ -121.244263471159002, 37.158526423794598 ], [ -121.243854232223001, 37.1585785064443 ], [ -121.243179686212002, 37.158289014102301 ], [ -121.242512825605999, 37.157501786923604 ], [ -121.242411930418001, 37.157468131151802 ], [ -121.240351515035996, 37.1572400609775 ], [ -121.239333618003997, 37.157738882070497 ], [ -121.238789941947999, 37.157749029020302 ], [ -121.238513073068006, 37.157771965824999 ], [ -121.237753927672998, 37.157626190390701 ], [ -121.237448921256004, 37.157445283897196 ], [ -121.237142624903001, 37.157219973845201 ], [ -121.236984445725, 37.157125182723597 ], [ -121.236638404896993, 37.156678475519897 ], [ -121.236389381663002, 37.156132218078 ], [ -121.236416448444004, 37.155536386643597 ], [ -121.236481452627999, 37.155099785851903 ], [ -121.236610182340996, 37.154564257000402 ], [ -121.236561650159004, 37.154040918024798 ], [ -121.235992436106002, 37.153553941595703 ], [ -121.235484632107003, 37.152888108770298 ], [ -121.235575173192998, 37.152184468102597 ], [ -121.235653081753995, 37.151809825953301 ], [ -121.236001089458995, 37.150417202554202 ], [ -121.236167778601001, 37.1508050571315 ], [ -121.236195894554996, 37.150626822553299 ], [ -121.236139616816004, 37.149837062816701 ], [ -121.236024008634004, 37.149297202868603 ], [ -121.235835637283003, 37.148545446675499 ], [ -121.235536342238007, 37.1481778332926 ], [ -121.234991690506007, 37.147770363970501 ], [ -121.234585578155006, 37.1467827544977 ], [ -121.234187731348001, 37.145697247670299 ], [ -121.233554605476002, 37.144154075718603 ], [ -121.233326025861999, 37.14354523179 ], [ -121.233333247001994, 37.143029737277601 ], [ -121.233126085421006, 37.142393837464901 ], [ -121.233072425398007, 37.142074958457798 ], [ -121.232942918606994, 37.141819688917302 ], [ -121.232468762093006, 37.1403979475391 ], [ -121.232298502671, 37.139885756886301 ], [ -121.231768113176003, 37.139584634164599 ], [ -121.231349188709004, 37.138535051741997 ], [ -121.229495491460995, 37.136996786470597 ], [ -121.226845603008002, 37.134789094340597 ], [ -121.226255179914006, 37.134329122843504 ], [ -121.224890716469005, 37.133199325907 ], [ -121.224764079829001, 37.1330417355205 ], [ -121.224357104779003, 37.1324006415838 ], [ -121.223956816873994, 37.131990445594496 ], [ -121.223821146667007, 37.131904106330197 ], [ -121.223460560244007, 37.131715310627598 ], [ -121.223181726110994, 37.131667166660101 ], [ -121.222906795189004, 37.131370155020498 ], [ -121.222703858049002, 37.1308763269708 ], [ -121.222695128704999, 37.130574380806202 ], [ -121.222785453054996, 37.1302439430128 ], [ -121.222811538477004, 37.129994664738199 ], [ -121.222949565066003, 37.1297788533874 ], [ -121.223235167286006, 37.1292937407446 ], [ -121.223274653171003, 37.129124183716797 ], [ -121.223255601242002, 37.128849085385902 ], [ -121.223135957433996, 37.128549195213203 ], [ -121.222601831118993, 37.128114819089198 ], [ -121.222385449594, 37.127923347570302 ], [ -121.222200547059003, 37.127669093843899 ], [ -121.222008972712004, 37.127183938980401 ], [ -121.221900683692994, 37.126892723306199 ], [ -121.221860737982993, 37.126662438912398 ], [ -121.221941767220002, 37.1263943720718 ], [ -121.221761031607997, 37.1259001306261 ], [ -121.221428876, 37.125541977192597 ], [ -121.221189810599, 37.125333152354798 ], [ -121.220957477129005, 37.1249731486323 ], [ -121.220716106333001, 37.124684396519598 ], [ -121.219969503151006, 37.124191744983698 ], [ -121.219341248850995, 37.123954578941103 ], [ -121.218881151464004, 37.123776496792203 ], [ -121.218422593575994, 37.123651697714898 ], [ -121.217835637551005, 37.1233071333209 ], [ -121.217317789663994, 37.123050144339999 ], [ -121.217827335135993, 37.122249908930101 ], [ -121.218145187906003, 37.121728668011599 ], [ -121.218356744993997, 37.121369332577899 ], [ -121.218673821818996, 37.120821448564797 ], [ -121.218929221547995, 37.120443529289403 ], [ -121.219297827172994, 37.120143485147103 ], [ -121.219471679500003, 37.1200158701063 ], [ -121.219632647069005, 37.119826293777002 ], [ -121.219757011015005, 37.119521882808002 ], [ -121.219871631527994, 37.118880001208403 ], [ -121.220484583312, 37.117820156207401 ], [ -121.220919768540995, 37.117136794240501 ], [ -121.221174376581004, 37.116732228153701 ], [ -121.221354689503002, 37.1164445500239 ], [ -121.221709611525, 37.116055894695897 ], [ -121.222150881114004, 37.115967747312901 ], [ -121.222678554417996, 37.115798026409401 ], [ -121.223029051675994, 37.115640474343301 ], [ -121.223291860044, 37.115520089250602 ], [ -121.223442745765993, 37.115366236158401 ], [ -121.223811566262995, 37.115075058179002 ], [ -121.224721951830006, 37.112410268044997 ], [ -121.225003406924003, 37.1114009744838 ], [ -121.225155606084996, 37.110909443227598 ], [ -121.225525940729995, 37.110671543643797 ], [ -121.225687130861999, 37.110490840055697 ], [ -121.225988102369001, 37.110156485546597 ], [ -121.226149546277, 37.109984661858299 ], [ -121.226297331479003, 37.109724235819201 ], [ -121.226216403519999, 37.109228145282898 ], [ -121.226200687992005, 37.109068496194404 ], [ -121.226004214867004, 37.108796690745102 ], [ -121.225828671892998, 37.108097988158299 ], [ -121.225816041754001, 37.108044908996099 ], [ -121.225548235092006, 37.106841439925603 ], [ -121.226716152061002, 37.106179990285 ], [ -121.227381462070994, 37.105785550128502 ], [ -121.227632627907994, 37.105647600066597 ], [ -121.228978151896001, 37.105373793961903 ], [ -121.229827286003001, 37.105198062202 ], [ -121.230068644436997, 37.105104716834298 ], [ -121.230265651148997, 37.105012196064401 ], [ -121.230428621113006, 37.104893650426703 ], [ -121.230567096434996, 37.104695590555998 ], [ -121.230583347278994, 37.104490919354902 ], [ -121.230329128864, 37.103758143431001 ], [ -121.230069249061998, 37.102829987713299 ], [ -121.230157964083006, 37.102446256395297 ], [ -121.230140696701994, 37.102233322425 ], [ -121.230147435597999, 37.101317977887099 ], [ -121.229978065590998, 37.100450337691697 ], [ -121.229790404926007, 37.099334239681603 ], [ -121.229748390295001, 37.099032909682002 ], [ -121.230155820522995, 37.097781341914697 ], [ -121.230349988846996, 37.097209049201602 ], [ -121.230430441297003, 37.096923212131003 ], [ -121.230791666537996, 37.096756548680503 ], [ -121.230938626482001, 37.096851555253998 ], [ -121.231197484015993, 37.0969800221458 ], [ -121.231466399325996, 37.097072758959698 ], [ -121.231945705295999, 37.097152691788999 ], [ -121.232162542558996, 37.096979827147202 ], [ -121.232737505833001, 37.096533722538403 ], [ -121.232919790663999, 37.096317072321703 ], [ -121.233283584765999, 37.095857126628403 ], [ -121.233530581520995, 37.095577069509901 ], [ -121.234745958353997, 37.095030164752202 ], [ -121.236936379537994, 37.094065199278802 ], [ -121.238173881048994, 37.093517845726602 ], [ -121.238326761265, 37.093435019946199 ], [ -121.238503622983998, 37.093413945542999 ], [ -121.238937276605, 37.093450274986402 ], [ -121.239058189866, 37.093412473131501 ], [ -121.239422482568997, 37.093352354579601 ], [ -121.239874946014993, 37.093272814785799 ], [ -121.240137909111994, 37.093161272497802 ], [ -121.240810024002002, 37.093006539087 ], [ -121.241022212290005, 37.093055886283899 ], [ -121.241357123873001, 37.093129595438803 ], [ -121.241546364927999, 37.093152713753398 ], [ -121.241890293637994, 37.093155167038503 ], [ -121.242079533791994, 37.0931782845322 ], [ -121.242630474028999, 37.0930524644006 ], [ -121.242772003859997, 37.092960959806099 ], [ -121.243051954891001, 37.0926713800093 ], [ -121.243191103174993, 37.092117863925402 ], [ -121.243388527270994, 37.091660999767903 ], [ -121.243506794313006, 37.091152301746 ], [ -121.243660907435995, 37.090731790059003 ], [ -121.244199650189003, 37.0901885634267 ], [ -121.244382146812995, 37.089980775902703 ], [ -121.244636079981007, 37.089940478276702 ], [ -121.244779674948006, 37.089920017390902 ], [ -121.245398855443, 37.089473020606299 ], [ -121.245512241330005, 37.089177669164997 ], [ -121.245203859184002, 37.088872447162899 ], [ -121.244856840674998, 37.088763433178002 ], [ -121.244475472120996, 37.088237434027803 ], [ -121.243952018792001, 37.087403093912698 ], [ -121.243603659848006, 37.0868675885933 ], [ -121.243159374423001, 37.086085077255298 ], [ -121.242568710911996, 37.085607417830303 ], [ -121.242396740079002, 37.085415150186698 ], [ -121.241989138188998, 37.0851295471955 ], [ -121.241311144549002, 37.085080028254303 ], [ -121.240705868594006, 37.085242402913202 ], [ -121.240189083415004, 37.086158402959697 ], [ -121.236508820837997, 37.086227133502398 ], [ -121.235510899798001, 37.086236865240103 ], [ -121.235258769200001, 37.085957226200499 ], [ -121.235053044527007, 37.0857478061858 ], [ -121.234736471879003, 37.085540452687702 ], [ -121.234623814738995, 37.085480353653502 ], [ -121.234463723673002, 37.0853145105728 ], [ -121.234278883621997, 37.085060272052502 ], [ -121.233851465507001, 37.084854982573198 ], [ -121.233152340421995, 37.084841353928802 ], [ -121.231666977673996, 37.083722768867702 ], [ -121.230895956664995, 37.083141783190001 ], [ -121.230548738934004, 37.082641761593898 ], [ -121.230129339178006, 37.0823296825357 ], [ -121.229813307555006, 37.082140077936202 ], [ -121.229607607907994, 37.081930648330101 ], [ -121.229469188639996, 37.081746624785303 ], [ -121.229273289519995, 37.081492583558301 ], [ -121.228845904604, 37.081287276906799 ], [ -121.228239628042999, 37.081031979879199 ], [ -121.228083931289007, 37.0810171037716 ], [ -121.227604986977994, 37.0809460357112 ], [ -121.226043732392, 37.079882107249297 ], [ -121.224630467172005, 37.078948696294503 ], [ -121.224011007355998, 37.0770853166023 ], [ -121.223474553136001, 37.075406991801302 ], [ -121.223306856286996, 37.074592620803003 ], [ -121.223265137165995, 37.074300166860702 ], [ -121.222940944740998, 37.073826354341698 ], [ -121.222499970957003, 37.073532420197701 ], [ -121.222124986389005, 37.073219490041303 ], [ -121.221887365073002, 37.073055068154197 ], [ -121.221239662894007, 37.072898247735999 ], [ -121.220814910453001, 37.072781720140703 ], [ -121.219967971838003, 37.072637471385796 ], [ -121.219544247502995, 37.072556462763501 ], [ -121.218977792833996, 37.072140440915803 ], [ -121.216837530204998, 37.0705984028532 ], [ -121.216554398287002, 37.070008300222099 ], [ -121.215777490961003, 37.069214071771498 ], [ -121.214606901824993, 37.0689957980236 ], [ -121.213871609815001, 37.068876100625502 ], [ -121.213270845167003, 37.068807227286698 ], [ -121.212830857412001, 37.068930866872698 ], [ -121.209628694163001, 37.0682435610697 ], [ -121.210007149068005, 37.0679078117006 ], [ -121.210125740663997, 37.067790110808303 ], [ -121.210263946381005, 37.067583191437798 ], [ -121.210370179370003, 37.067421289504097 ], [ -121.210483668313998, 37.067125969195203 ], [ -121.210189260769994, 37.066527173760001 ], [ -121.210331913326996, 37.066089143928103 ], [ -121.210306178048, 37.065965219589799 ], [ -121.209353317161003, 37.064445570571699 ], [ -121.209310754257004, 37.063735500507399 ], [ -121.208892683030001, 37.063076782252899 ], [ -121.208334247554006, 37.062162965057503 ], [ -121.208207252026, 37.061987592295402 ], [ -121.208178717161999, 37.061765976063299 ], [ -121.208181643616996, 37.061481580409698 ], [ -121.208188138908, 37.061321518136701 ], [ -121.208270929780994, 37.061115621816498 ], [ -121.208462242931006, 37.060827752960797 ], [ -121.208644001736005, 37.060593374981003 ], [ -121.208749974715005, 37.060422593417798 ], [ -121.208841040191999, 37.0601188010302 ], [ -121.208966219263999, 37.058685897094101 ], [ -121.209595162317996, 37.058194472262301 ], [ -121.209877406887003, 37.057984895040398 ], [ -121.210082592530995, 37.057794511229403 ], [ -121.210416924084001, 37.057468457852302 ], [ -121.210567466675002, 37.057305738393502 ], [ -121.210926983266006, 37.056312790933703 ], [ -121.210979580507001, 37.056214078002697 ], [ -121.211659704404994, 37.055961610382198 ], [ -121.211732420681997, 37.055791439621899 ], [ -121.211892252018998, 37.055566346175503 ], [ -121.212054124559003, 37.055412300875801 ], [ -121.212127860533002, 37.055277653585797 ], [ -121.212532486572002, 37.055083581608201 ], [ -121.213009722661994, 37.055101424422901 ], [ -121.213759539728997, 37.055345257229298 ], [ -121.214430517503999, 37.055546114618402 ], [ -121.214647696908997, 37.0557731285272 ], [ -121.214806150322005, 37.055885713547099 ], [ -121.214930595973001, 37.055972270802897 ], [ -121.215151701042998, 37.055950411182003 ], [ -121.215577630387003, 37.0561113638393 ], [ -121.216934275602995, 37.056637182680099 ], [ -121.217293214913994, 37.056781597146397 ], [ -121.218756084828996, 37.057145486589803 ], [ -121.220967609042006, 37.057326653908099 ], [ -121.221777549517, 37.057347179557297 ], [ -121.221977263433999, 37.057352362186002 ], [ -121.223379115786997, 37.057521841352397 ], [ -121.224506429078005, 37.056248027588097 ], [ -121.223690131496994, 37.055623408451098 ], [ -121.223168871192001, 37.055233224570003 ], [ -121.223833503536994, 37.054829917215201 ], [ -121.224499454584006, 37.0540889226329 ], [ -121.225256385156996, 37.053044119583603 ], [ -121.22579451611, 37.052101120014001 ], [ -121.225609713303996, 37.049927544701298 ], [ -121.225414610887995, 37.0477808165396 ], [ -121.225120950711002, 37.044525196942999 ], [ -121.225027262636004, 37.043585045697903 ], [ -121.224755627573003, 37.041857365953703 ], [ -121.224505691012993, 37.039729421426898 ], [ -121.226201758361995, 37.039351366023404 ], [ -121.228336830133998, 37.0388229475057 ], [ -121.230604553328007, 37.038283133652399 ], [ -121.230781290465998, 37.038262070289598 ], [ -121.230947207027995, 37.0382500946127 ], [ -121.231342162876999, 37.038109450559901 ], [ -121.232366512998993, 37.037885990621298 ], [ -121.234655563516, 37.037319043948102 ], [ -121.236163201641006, 37.036944359774601 ], [ -121.237492995425995, 37.035408937610399 ], [ -121.238448447837996, 37.034342558876197 ], [ -121.238769958015993, 37.034345435226101 ], [ -121.238860358739004, 37.034023855349197 ], [ -121.238627157221003, 37.033246261856 ], [ -121.238705963635994, 37.032907127611203 ], [ -121.238985195005995, 37.032599789736402 ], [ -121.239365928975005, 37.032352754850002 ], [ -121.239430068188, 37.032271583025398 ], [ -121.240317254998999, 37.031908444207502 ], [ -121.240678411182003, 37.031750628424497 ], [ -121.241120468600002, 37.031706814323499 ], [ -121.241655797849006, 37.031821197250601 ], [ -121.242034495065994, 37.031885195828899 ], [ -121.242459053979005, 37.032001648744 ], [ -121.242726979728999, 37.032067719105903 ], [ -121.243006500415007, 37.032151342828399 ], [ -121.243432822168003, 37.0319478695884 ], [ -121.243553637790001, 37.031910063377602 ], [ -121.244264655541002, 37.031967828423198 ], [ -121.244598010941999, 37.031997125454403 ], [ -121.244788914338997, 37.0320824058036 ], [ -121.245293869980003, 37.032295086590899 ], [ -121.245992065226005, 37.032672972646999 ], [ -121.246971093114993, 37.033178874285703 ], [ -121.247387182170996, 37.033384327126697 ], [ -121.248659874213999, 37.033698101529097 ], [ -121.248465849797995, 37.033506255526703 ], [ -121.248105773215002, 37.032562229332001 ], [ -121.247730812143004, 37.0318672851187 ], [ -121.247646270510998, 37.031628953457698 ], [ -121.247519682323002, 37.031089292658301 ], [ -121.247801058812996, 37.030097682944699 ], [ -121.247791983154997, 37.029786847665903 ], [ -121.247244993173993, 37.029272847913802 ], [ -121.246944811275995, 37.0288608449913 ], [ -121.246814152997999, 37.028561177080199 ], [ -121.247158950107007, 37.027843839091801 ], [ -121.247052001713996, 37.027597041706699 ], [ -121.246615989559004, 37.026707750230699 ], [ -121.246078487074996, 37.025758159809698 ], [ -121.246006069627995, 37.0255551434932 ], [ -121.245215123286002, 37.024654730936703 ], [ -121.244601154384995, 37.0237421107053 ], [ -121.244346347659004, 37.023364793992101 ], [ -121.243591828053994, 37.022952411099503 ], [ -121.243382834627994, 37.022245456957698 ], [ -121.242988919042006, 37.021657483166202 ], [ -121.242394399138007, 37.021410926476499 ], [ -121.241745797839002, 37.021209809883601 ], [ -121.241611078543997, 37.021150130920297 ], [ -121.240808636623001, 37.020232133060198 ], [ -121.240781277118003, 37.019672835688098 ], [ -121.240230752344999, 37.018652375706601 ], [ -121.239947149906996, 37.018426648746399 ], [ -121.239135548920999, 37.018335196969701 ], [ -121.237771895579996, 37.0167878905688 ], [ -121.237553703030002, 37.0161432990799 ], [ -121.237490070262993, 37.015860140567597 ], [ -121.237328826370003, 37.015649892299599 ], [ -121.236705238100001, 37.0147818417529 ], [ -121.236406716698994, 37.014423097076602 ], [ -121.235743232811004, 37.013706846121501 ], [ -121.235388574018003, 37.013322489483002 ], [ -121.234575484770005, 37.013177720277 ], [ -121.233370147616, 37.011734039893 ], [ -121.234122172458001, 37.0113023745673 ], [ -121.234623602851997, 37.011017556203903 ], [ -121.235375613673, 37.010585882918697 ], [ -121.235837638641996, 37.010470625627903 ], [ -121.236103936440998, 37.0104834238631 ], [ -121.236702976768001, 37.010507779163497 ], [ -121.237817321069997, 37.009962690270498 ], [ -121.238062993434994, 37.009647092634502 ], [ -121.238165474314997, 37.009360827984601 ], [ -121.238172418031994, 37.009218524113798 ], [ -121.238179103606996, 37.0090673394634 ], [ -121.237620498929999, 37.008908948495503 ], [ -121.237185258994003, 37.008801565341898 ], [ -121.236650870199, 37.008713804009098 ], [ -121.236329450574004, 37.008328829021103 ], [ -121.236998432749999, 37.006565811986903 ], [ -121.23654491053, 37.006209963319598 ], [ -121.235513245964995, 37.005784936159401 ], [ -121.235076192578006, 37.004469098884798 ], [ -121.234811445212998, 37.003745398061803 ], [ -121.235157005606993, 37.002672640154202 ], [ -121.235131765939997, 37.0025664804608 ], [ -121.234905913541994, 37.002037543127699 ], [ -121.234627018221005, 37.001589567714902 ], [ -121.233935343105003, 37.001424758497201 ], [ -121.233698428639002, 37.000896025346201 ], [ -121.233121608892006, 36.999342868272201 ], [ -121.234765496847999, 36.998725723388901 ], [ -121.235762270577993, 36.998333903596603 ], [ -121.236613304193, 36.998264692336399 ], [ -121.237595917053994, 36.998148584895297 ], [ -121.238490205063997, 36.9980430074353 ], [ -121.239528689086001, 36.997943611457799 ], [ -121.240069430138007, 36.997871293261703 ], [ -121.241278349609999, 36.997537659060498 ], [ -121.241518064475997, 36.997399881865597 ], [ -121.241590142543004, 36.997211927603502 ], [ -121.241957509852995, 36.996511945982697 ], [ -121.242049402942001, 36.996243647712802 ], [ -121.242136642814003, 36.995815488661101 ], [ -121.242154346890999, 36.995282001484298 ], [ -121.242923343200999, 36.9942990299499 ], [ -121.244372410455995, 36.993845345148898 ], [ -121.244652514050998, 36.993573515598797 ], [ -121.244791788027996, 36.993410956834197 ], [ -121.245133399243997, 36.992969138908599 ], [ -121.245132762276995, 36.992187187989401 ], [ -121.245144748526002, 36.991458315890704 ], [ -121.245476054720996, 36.991043347704199 ], [ -121.245848213580004, 36.990129999633197 ], [ -121.246026584248995, 36.989788986894297 ], [ -121.246104018764001, 36.989405437736501 ], [ -121.246279731970006, 36.988593518708001 ], [ -121.246516167807002, 36.987584968483297 ], [ -121.246645065924, 36.987067164077999 ], [ -121.246623307874998, 36.986321151617901 ], [ -121.246570862282994, 36.985282478677199 ], [ -121.246249877371994, 36.984151099296398 ], [ -121.245895692171004, 36.983020341855401 ], [ -121.245332799801005, 36.982328911474902 ], [ -121.244813678767997, 36.981618885298701 ], [ -121.244034730783, 36.980353912717902 ], [ -121.243894131358999, 36.980089970172202 ], [ -121.243023909963995, 36.979493150144798 ], [ -121.242537569714997, 36.979146824660297 ], [ -121.242025215968994, 36.9786676948154 ], [ -121.241304573638004, 36.977881455723697 ], [ -121.240846034941995, 36.977347997249502 ], [ -121.239582469281004, 36.976172042914897 ], [ -121.239223544975999, 36.975254618097402 ], [ -121.238409765564995, 36.974310156832999 ], [ -121.237367149087007, 36.9731122746458 ], [ -121.236416740045996, 36.972419160829297 ], [ -121.235253466854999, 36.9716411570624 ], [ -121.234181083845002, 36.970941418412004 ], [ -121.233841817743993, 36.970698944493897 ], [ -121.233578744526, 36.970410618252501 ], [ -121.232878601055006, 36.969561744602402 ], [ -121.232150927587, 36.968908871848001 ], [ -121.231219659005006, 36.968490826014701 ], [ -121.230261365809, 36.968286540338298 ], [ -121.229312365026004, 36.967637775465597 ], [ -121.227368257986996, 36.967425169959199 ], [ -121.224844222620007, 36.967454352153403 ], [ -121.224638587312, 36.967236026122798 ], [ -121.224298597274, 36.966966881310199 ], [ -121.224022454064993, 36.966607689523698 ], [ -121.223759176338007, 36.966310459547799 ], [ -121.223500257566997, 36.966164209866903 ], [ -121.222691378305996, 36.965379500346401 ], [ -121.222161715116002, 36.965060556717603 ], [ -121.221484591613006, 36.964619945411897 ], [ -121.220757891049004, 36.963611548475697 ], [ -121.219821887034001, 36.963024670390197 ], [ -121.219485002184001, 36.962862086324897 ], [ -121.218691286064995, 36.962601341893198 ], [ -121.217975814648, 36.962365798983299 ], [ -121.216605841375994, 36.962089062129799 ], [ -121.215966319507004, 36.961798784619603 ], [ -121.215407679655002, 36.961240428154198 ], [ -121.215190189024995, 36.961020823074499 ], [ -121.214020366333997, 36.961073362158501 ], [ -121.213948312691002, 36.960922926965303 ], [ -121.213869760321003, 36.960774600380098 ], [ -121.213739959742995, 36.9605564610562 ], [ -121.213645597788002, 36.960414193753799 ], [ -121.213545106569995, 36.9602746546283 ], [ -121.213438610104006, 36.960138015334202 ], [ -121.213267885993005, 36.959938855437699 ], [ -121.213146954823003, 36.959810185061698 ], [ -121.213020501922003, 36.959684978786797 ], [ -121.212888681107998, 36.959563390588997 ], [ -121.212751653873994, 36.959445567992603 ], [ -121.212609586119001, 36.959331655736598 ], [ -121.212387414991994, 36.9591684180496 ], [ -121.212233516615001, 36.9590648743876 ], [ -121.212085463129, 36.958971912676397 ], [ -121.211975320464006, 36.958922481784697 ], [ -121.211884136435998, 36.958868126798897 ], [ -121.211801888069004, 36.9588052608213 ], [ -121.211720394580993, 36.9587241966777 ], [ -121.211668944354997, 36.9586578508099 ], [ -121.211626417926993, 36.958587552436001 ], [ -121.211593282162994, 36.958514071716003 ], [ -121.211566968428002, 36.958425397659198 ], [ -121.211555278012, 36.958347818635801 ], [ -121.211554495046997, 36.958256667142102 ], [ -121.211564851426999, 36.958178966352598 ], [ -121.211585271508, 36.9581025586903 ], [ -121.211621509173, 36.958016168968499 ], [ -121.211712883543996, 36.957851438170401 ], [ -121.211834902174999, 36.957614472278998 ], [ -121.211946540114994, 36.957374232385398 ], [ -121.212047662109001, 36.957131012161298 ], [ -121.212148007047006, 36.956856245742898 ], [ -121.212293326948, 36.956530228794797 ], [ -121.212445400895007, 36.956224068227201 ], [ -121.212610696032996, 36.955922352737602 ], [ -121.212698238395006, 36.955773276507102 ], [ -121.212789009402996, 36.955625450175503 ], [ -121.212980123280005, 36.955333722351497 ], [ -121.213080408067, 36.955189911153298 ], [ -121.213290282228996, 36.954906609662402 ], [ -121.213512346136994, 36.954629359360702 ], [ -121.213627865762007, 36.954493108586497 ], [ -121.213867704364006, 36.954225564516598 ], [ -121.213991949271005, 36.954094351894199 ], [ -121.214248902910995, 36.9538372481002 ], [ -121.214516371521995, 36.953693950480101 ], [ -121.214770733256003, 36.953536026799597 ], [ -121.214952154187998, 36.953408447215203 ], [ -121.215180637000998, 36.9532268216063 ], [ -121.215341330902007, 36.953082447776701 ], [ -121.215492389412006, 36.952931521620997 ], [ -121.215633398801998, 36.952774457353897 ], [ -121.215805113512999, 36.9525562360637 ], [ -121.215957443166005, 36.952328932603699 ], [ -121.216077502215001, 36.952117215513098 ], [ -121.217275253957993, 36.949607055268999 ], [ -121.217342228763002, 36.949431723505697 ], [ -121.217423289582001, 36.949262867451303 ], [ -121.217518829325002, 36.949098961887401 ], [ -121.217599707757998, 36.948979761011003 ], [ -121.217719422266995, 36.948826421891901 ], [ -121.217817796546996, 36.9487160210913 ], [ -121.217959900641006, 36.948575533007499 ], [ -121.218113867666005, 36.9484433445447 ], [ -121.218236680543001, 36.948350037231897 ], [ -121.218488123770001, 36.948175201595298 ], [ -121.218697656060996, 36.9480105700938 ], [ -121.218845132544999, 36.9478796150891 ], [ -121.218938617597004, 36.947788946625202 ], [ -121.219128206701001, 36.947582791223901 ], [ -121.219312546593002, 36.9474223710533 ], [ -121.219577762048999, 36.947211557086398 ], [ -121.219856356963007, 36.947012171489 ], [ -121.220147571100995, 36.9468247609882 ], [ -121.220348331650001, 36.946706729612103 ], [ -121.220554100336003, 36.946594392628903 ], [ -121.220871596123999, 36.946436863251598 ], [ -121.221088779119995, 36.946339347384502 ], [ -121.221310069149993, 36.946247974312897 ], [ -121.221535196543996, 36.946162854483198 ], [ -121.221763888118005, 36.946084093000501 ], [ -121.221995864790003, 36.946011785166398 ], [ -121.222230842759998, 36.945946018259697 ], [ -121.222588313011997, 36.945859807183901 ], [ -121.222829536834993, 36.945810728212599 ], [ -121.223072748383998, 36.9457684342931 ], [ -121.223440642583, 36.945717831215497 ], [ -121.22368752042, 36.9456927120359 ], [ -121.223935340373004, 36.945674522603703 ], [ -121.224308175296997, 36.945660279174298 ], [ -121.228109208636994, 36.941549136626399 ], [ -121.229853197373998, 36.939545150507399 ], [ -121.229952071406004, 36.9394147145765 ], [ -121.230042304939005, 36.939280302323603 ], [ -121.230123651579007, 36.939142284320297 ], [ -121.230238885066001, 36.938905270141198 ], [ -121.230295509659996, 36.9387595076984 ], [ -121.230342553259007, 36.938611564960297 ], [ -121.230379887333001, 36.938461849052601 ], [ -121.230407407027002, 36.938310770263101 ], [ -121.230431276565, 36.938057068569499 ], [ -121.230427510371996, 36.9378026616887 ], [ -121.230415411582001, 36.937676982308197 ], [ -121.230262652191996, 36.936656998657803 ], [ -121.230251740572996, 36.9364615369539 ], [ -121.230253889387001, 36.936278932319901 ], [ -121.230267940304998, 36.936096669121198 ], [ -121.230283901994994, 36.935975596214099 ], [ -121.230331561, 36.9357351598346 ], [ -121.230380957177005, 36.9355569048696 ], [ -121.230420315551001, 36.9354393274606 ], [ -121.230488876722006, 36.935265205720398 ], [ -121.230540850560999, 36.935150829959099 ], [ -121.230659551342001, 36.934926790537403 ], [ -121.230761197421003, 36.9347634233619 ], [ -121.230834820552005, 36.934656980517602 ], [ -121.230913024510002, 36.934552665964198 ], [ -121.231038713697998, 36.934400460713903 ], [ -121.231174153644005, 36.934253743991398 ], [ -121.231269680259999, 36.934159180735101 ], [ -121.231472771116998, 36.933978369943503 ], [ -121.231691078227996, 36.933809370452003 ], [ -121.231923537509005, 36.933653008766299 ], [ -121.232079048719996, 36.933567842776299 ], [ -121.232228793334002, 36.933476260029998 ], [ -121.232464447243004, 36.933310051376097 ], [ -121.232681159292, 36.933127987246799 ], [ -121.232877279749999, 36.932931452407402 ], [ -121.233051314877002, 36.932721943187701 ], [ -121.233144576927003, 36.932590669656499 ], [ -121.233229153215007, 36.9324556579543 ], [ -121.233350192570001, 36.9322233395417 ], [ -121.233445548492, 36.931983435939401 ], [ -121.233502846354, 36.931787277358303 ], [ -121.233536519679006, 36.9316272147679 ], [ -121.233527540915006, 36.930904433668999 ], [ -121.233517237520005, 36.930809042208601 ], [ -121.233522512646005, 36.930745615629903 ], [ -121.233537376930997, 36.930683178169403 ], [ -121.233570206517001, 36.9306058488771 ], [ -121.233611731105, 36.930541315401797 ], [ -121.233671287308994, 36.9304750705709 ], [ -121.233734500880004, 36.930423104630698 ], [ -121.233845167138, 36.930282048113 ], [ -121.233913769341996, 36.930185511062497 ], [ -121.234038178971005, 36.929986965582103 ], [ -121.234119994527006, 36.9298337481356 ], [ -121.234213336047006, 36.929624511018702 ], [ -121.234288269534005, 36.929410555540002 ], [ -121.234344430156, 36.9291929251361 ], [ -121.234381543416006, 36.928972680477102 ], [ -121.234396766946006, 36.928806425340802 ], [ -121.234400169889994, 36.928584190996702 ], [ -121.234384254803999, 36.9283623067127 ], [ -121.234349100369997, 36.9281418544712 ], [ -121.234294875976005, 36.927923908241098 ], [ -121.234221848313993, 36.927709529348498 ], [ -121.234130371147003, 36.927499762161297 ], [ -121.234049921557997, 36.927346079095699 ], [ -121.233959563823007, 36.927195987351098 ], [ -121.233859546762005, 36.927049896893102 ], [ -121.233787635729001, 36.9269549258997 ], [ -121.233598587141998, 36.926724598462997 ], [ -121.233449216070994, 36.926556717327699 ], [ -121.233292638449001, 36.926393122326303 ], [ -121.233044681414, 36.9261562043487 ], [ -121.232781621035002, 36.925930028327002 ], [ -121.232598211422001, 36.925785519777101 ], [ -121.232408633044997, 36.925646239616597 ], [ -121.232151298784004, 36.925471945967303 ], [ -121.231937334525995, 36.925354418870498 ], [ -121.231764706855998, 36.925247446773902 ], [ -121.231599290524997, 36.925133367717201 ], [ -121.231493242647005, 36.925053520189401 ], [ -121.231340840097999, 36.924928299406503 ], [ -121.231196808166004, 36.9247968469857 ], [ -121.231061544574999, 36.924659522398102 ], [ -121.230935418334994, 36.924516701875 ], [ -121.230782057382996, 36.9243184055086 ], [ -121.230678550338993, 36.924164308420998 ], [ -121.230585231367002, 36.924006073193603 ], [ -121.230502355479999, 36.923844134064097 ], [ -121.230430148747999, 36.923678933920201 ], [ -121.230368809492006, 36.923510926981699 ], [ -121.230318508083997, 36.923340571592099 ], [ -121.230252588864005, 36.923069452076099 ], [ -121.230186201687999, 36.922874234609601 ], [ -121.230079638247005, 36.922636217966598 ], [ -121.229976033089997, 36.922451742939003 ], [ -121.229824409906996, 36.922230041112698 ], [ -121.229722079574003, 36.922102414583001 ], [ -121.229611571299998, 36.921979261639301 ], [ -121.229493186815006, 36.921860921862901 ], [ -121.229367252059006, 36.9217477181585 ], [ -121.229141523850004, 36.9215712958068 ], [ -121.228997191844002, 36.921473265015301 ], [ -121.228846669532999, 36.921381433727298 ], [ -121.228690367216998, 36.921296053870599 ], [ -121.228528712593999, 36.921217358120998 ], [ -121.228362153082998, 36.921145562563098 ], [ -121.228191140039996, 36.921080864281102 ], [ -121.228016145585002, 36.921023441045499 ], [ -121.227814938793003, 36.920967686658003 ], [ -121.225279453875999, 36.921088535933897 ], [ -121.223225495191997, 36.917140060974504 ], [ -121.223283180707, 36.912887475570102 ], [ -121.220962868851004, 36.910958896772101 ], [ -121.218246951574997, 36.912651854962803 ], [ -121.218254722756996, 36.911877653898003 ], [ -121.218278114539004, 36.904950916864202 ], [ -121.218296765326997, 36.897937018027797 ], [ -121.218338533940994, 36.8898528871078 ], [ -121.227585801581, 36.889780794195602 ], [ -121.231470484672002, 36.889825753631399 ], [ -121.231195718967996, 36.887925983877402 ], [ -121.230913503994998, 36.885087842822202 ], [ -121.231661099022006, 36.882791441780803 ], [ -121.232469819995003, 36.880678127113796 ], [ -121.233011589512998, 36.880559836893497 ], [ -121.234461142447003, 36.880300355362699 ], [ -121.235491071755007, 36.880132602583501 ], [ -121.235948812884999, 36.880498796135598 ], [ -121.236551520727005, 36.881059531120499 ], [ -121.236604974227006, 36.881112957723197 ], [ -121.237467038822999, 36.8814753715031 ], [ -121.238954825125006, 36.882291728182302 ], [ -121.240442471075994, 36.8830355480818 ], [ -121.241716592496999, 36.884427887003 ], [ -121.242822855740002, 36.884534687508697 ], [ -121.244653867739999, 36.884546133383999 ], [ -121.245191298525, 36.884811360917901 ], [ -121.245267676289004, 36.8848473114898 ], [ -121.245900689571997, 36.885419346894302 ], [ -121.247124491901005, 36.886200103891802 ], [ -121.248028269672005, 36.886291618458699 ], [ -121.249104723144001, 36.886565893919403 ], [ -121.250092179559999, 36.886878004271601 ], [ -121.250351004653993, 36.886924803439499 ], [ -121.250589480824004, 36.886827957272601 ], [ -121.252190179555996, 36.886177887487598 ], [ -121.254616391468005, 36.885887941196302 ], [ -121.254859628765999, 36.8858658048838 ], [ -121.256704798971001, 36.8857663169372 ], [ -121.258498813859006, 36.885928924903197 ], [ -121.259178306791995, 36.886129989059299 ], [ -121.259517833296002, 36.8862304544609 ], [ -121.260358180102003, 36.8864791062854 ], [ -121.262819306029002, 36.886988942987003 ], [ -121.263135452721997, 36.887044067136401 ], [ -121.265614987074997, 36.8868190097199 ], [ -121.26769780859, 36.887082311437503 ], [ -121.269841674789006, 36.887662087753597 ], [ -121.270902172687002, 36.888070267594998 ], [ -121.272496735361003, 36.888241910173498 ], [ -121.272870554869002, 36.888200011996297 ], [ -121.273101015858998, 36.8881730364322 ], [ -121.273946384406997, 36.888074081388197 ], [ -121.276372462346004, 36.888264883954903 ], [ -121.279645583827005, 36.887875766040104 ], [ -121.280042191286995, 36.887299768050802 ], [ -121.280667841989001, 36.886746575990003 ], [ -121.281400301532003, 36.885964583530701 ], [ -121.281409121245005, 36.885964495427302 ], [ -121.282170879383997, 36.885956870033702 ], [ -121.282628644880006, 36.8865749088935 ], [ -121.283330543795998, 36.888333450088801 ], [ -121.285070062813006, 36.888642455788101 ], [ -121.287549564521996, 36.888329662379 ], [ -121.289095850376995, 36.887598903239201 ], [ -121.289220440364005, 36.887540022132498 ], [ -121.290929444479005, 36.886880137136302 ], [ -121.291278818406994, 36.886741871626803 ], [ -121.291440527082003, 36.8866778742047 ], [ -121.294599113437002, 36.886017950408103 ], [ -121.297246564603, 36.885861564951703 ], [ -121.299245440030006, 36.885987476571998 ], [ -121.300206692860996, 36.885132943221599 ], [ -121.302327676519994, 36.883469804314799 ], [ -121.307400812973995, 36.883469853056503 ], [ -121.309318788300004, 36.8834362932459 ], [ -121.309226370410002, 36.880211469116603 ], [ -121.309233768840997, 36.8758266625183 ], [ -121.319078953768994, 36.875784227814002 ], [ -121.319805936384, 36.875781062840502 ], [ -121.322698267779003, 36.8757684238998 ], [ -121.336218813404003, 36.8757096785098 ], [ -121.339532597992005, 36.875694531976102 ], [ -121.342260049469999, 36.875682336621999 ], [ -121.344722317332, 36.875682736382998 ], [ -121.345218653356994, 36.875705000279197 ], [ -121.345217212112999, 36.875521961090598 ], [ -121.345359337557994, 36.8755222586434 ], [ -121.345360982418995, 36.875091177781997 ], [ -121.345362113245002, 36.874794535013599 ], [ -121.345358883873004, 36.871982812076602 ], [ -121.345357398949005, 36.871919981885704 ], [ -121.345386858503005, 36.8683042036293 ], [ -121.347775410110998, 36.868307220221098 ], [ -121.350031415927006, 36.868312538679803 ], [ -121.352277438426, 36.868317234045897 ], [ -121.353697197322006, 36.8683171007929 ], [ -121.354440964556005, 36.868317025012303 ], [ -121.354554128499998, 36.868316111560503 ], [ -121.359064817532996, 36.868316858011198 ], [ -121.363289517894003, 36.868312503816298 ], [ -121.364100588621994, 36.868356557817897 ], [ -121.365031149141004, 36.8683191906782 ], [ -121.366319942027005, 36.868267425658097 ], [ -121.367994703452993, 36.868200136368202 ], [ -121.367932905857003, 36.869619138529302 ], [ -121.367889297629006, 36.870620453242701 ], [ -121.367778864094007, 36.873156056126298 ], [ -121.367742167192006, 36.873998586516699 ], [ -121.367710044031, 36.874736094459003 ], [ -121.373128061027998, 36.876337747580898 ], [ -121.376628591165002, 36.8773723953204 ], [ -121.379068154029, 36.878093376091499 ], [ -121.384831048302004, 36.879796273198899 ], [ -121.385295820325993, 36.879933595550398 ], [ -121.387220061213995, 36.880502107571701 ], [ -121.389139596034994, 36.883108093685898 ], [ -121.389468637945996, 36.883403538365599 ], [ -121.390060683588004, 36.883935124832803 ], [ -121.390358518750006, 36.88420254028 ], [ -121.390479110480996, 36.884617797838402 ], [ -121.390669445084995, 36.8852683940299 ], [ -121.39080931, 36.88575000713 ], [ -121.390939464322003, 36.886198174964299 ], [ -121.391068061989998, 36.886645853654002 ], [ -121.391231671379998, 36.887209180287101 ], [ -121.391383127238001, 36.887730695715199 ], [ -121.391476632587, 36.888052665780798 ], [ -121.391570163474, 36.888374637956503 ], [ -121.391794009758001, 36.889145355018996 ], [ -121.391814437121994, 36.889215688153499 ], [ -121.392226701740995, 36.889774127967797 ], [ -121.392284491750004, 36.889843034549202 ], [ -121.392327380726002, 36.889894173901403 ], [ -121.392359105671005, 36.8900104697478 ], [ -121.392546600798994, 36.890588015918397 ], [ -121.392542030095996, 36.891153065870199 ], [ -121.392253134700994, 36.891913761679596 ], [ -121.392363248120006, 36.892430335592202 ], [ -121.393258328008002, 36.893200565572798 ], [ -121.39404879736, 36.893880759591099 ], [ -121.394183639662003, 36.893753932409503 ], [ -121.394310343483994, 36.893634758882797 ], [ -121.394652171432995, 36.893615805159698 ], [ -121.394658440686001, 36.893663954355702 ], [ -121.394721306733999, 36.894177766901599 ], [ -121.394433720261006, 36.894882482006999 ], [ -121.394371355333007, 36.895534702913103 ], [ -121.395133966795996, 36.896424971782899 ], [ -121.395325384824005, 36.896821980068403 ], [ -121.395453354105001, 36.897406293906599 ], [ -121.395976847829999, 36.897945715973599 ], [ -121.396221212320995, 36.897921407174302 ], [ -121.396639204669995, 36.8982843557839 ], [ -121.396805370878994, 36.898412838627301 ], [ -121.396996180122002, 36.898776823012398 ], [ -121.397034437784001, 36.8992452486969 ], [ -121.397010285066003, 36.899876027687597 ], [ -121.397092778355002, 36.900546132871398 ], [ -121.397525397753995, 36.901153255239699 ], [ -121.397733268308002, 36.901716124806299 ], [ -121.397834353299004, 36.901989836894899 ], [ -121.398010238398001, 36.902466085349701 ], [ -121.398521809331001, 36.903099614277203 ], [ -121.398605697213995, 36.903591987682901 ], [ -121.398968176940997, 36.904216924200703 ], [ -121.399252946963003, 36.9050449947893 ], [ -121.399247903984005, 36.905819469655697 ], [ -121.401836979193007, 36.905003969848899 ], [ -121.401862221431003, 36.9049611356238 ], [ -121.401905054986003, 36.904885047018603 ], [ -121.401946227940002, 36.9048083688727 ], [ -121.401985727595999, 36.904731125781304 ], [ -121.402023543468999, 36.904653341394003 ], [ -121.402059662775002, 36.904575037603102 ], [ -121.402094075117006, 36.904496240760402 ], [ -121.402126769953, 36.904416972713399 ], [ -121.402157736858001, 36.904337258912797 ], [ -121.402186966469998, 36.904257122985001 ], [ -121.402214450578001, 36.904176589434897 ], [ -121.402247892374007, 36.904070215905101 ], [ -121.402279503426996, 36.9039675912001 ], [ -121.402308877552002, 36.903864539984397 ], [ -121.402336008980996, 36.903761093023803 ], [ -121.402360888554, 36.903657280250997 ], [ -121.402383507221003, 36.903553135202102 ], [ -121.402403860365993, 36.9034486895209 ], [ -121.402421939977998, 36.903343974018199 ], [ -121.402437741466997, 36.903239021238498 ], [ -121.402451259095002, 36.903133862848101 ], [ -121.402462489393997, 36.903028531368498 ], [ -121.402471428870001, 36.902923058420797 ], [ -121.402478076269006, 36.902817475580598 ], [ -121.402482425909994, 36.902711816315197 ], [ -121.402484481000997, 36.902606111208897 ], [ -121.402484237007002, 36.902500394607301 ], [ -121.402481697137006, 36.902394697094302 ], [ -121.402477328551996, 36.902299293609701 ], [ -121.403037198245002, 36.902202666566701 ], [ -121.402559972155998, 36.8994717721014 ], [ -121.40248975275, 36.899069926212299 ], [ -121.402475055690005, 36.898985815905498 ], [ -121.402231319522997, 36.897590962082397 ], [ -121.401559906011997, 36.893403488161503 ], [ -121.401524769738998, 36.893184332161397 ], [ -121.401492934832007, 36.892985773169698 ], [ -121.401483123760997, 36.892924571554602 ], [ -121.401362601816004, 36.892172840345602 ], [ -121.401250878675995, 36.891475975862399 ], [ -121.400271739941999, 36.8853681426287 ], [ -121.400271488401003, 36.885366334011501 ], [ -121.400271384611003, 36.8853653787816 ], [ -121.400271303222993, 36.885364422200603 ], [ -121.400271241992996, 36.885363464313201 ], [ -121.400271200950002, 36.885362506020499 ], [ -121.400271182335999, 36.885361547277498 ], [ -121.400271183936994, 36.885360589029901 ], [ -121.400271205725005, 36.885359630377003 ], [ -121.400271247725996, 36.885358672219603 ], [ -121.400271312184998, 36.885357714512701 ], [ -121.400354944238003, 36.884278250845703 ], [ -121.400498403046996, 36.882426518842998 ], [ -121.400532879520995, 36.881981480940397 ], [ -121.400629932599998, 36.881253121690001 ], [ -121.400622935121007, 36.881182742725798 ], [ -121.400695772936004, 36.880081202031 ], [ -121.400763789389998, 36.879052561556001 ], [ -121.400862744505005, 36.877555957838098 ], [ -121.401545734672993, 36.877582694269897 ], [ -121.402967825055995, 36.877638352744299 ], [ -121.403949779605995, 36.877676774780802 ], [ -121.404393225956994, 36.877694122453399 ], [ -121.404629404993997, 36.877703362097897 ], [ -121.406740885453004, 36.8778146961427 ], [ -121.408807338960997, 36.877923620184099 ], [ -121.408807521867004, 36.8779206021185 ], [ -121.409247802221003, 36.877785181726402 ], [ -121.409272127272999, 36.8778047554068 ], [ -121.409727227282005, 36.877883367376903 ], [ -121.410794669148999, 36.877921216749201 ], [ -121.412070992037997, 36.877966459876397 ], [ -121.412641667708002, 36.877998095817603 ], [ -121.413079962249, 36.878060938405902 ], [ -121.413064962104997, 36.878203938554698 ], [ -121.415293271910002, 36.878288787033497 ], [ -121.416383470572995, 36.878330153488498 ], [ -121.417412654214004, 36.878349096867197 ], [ -121.418413110353995, 36.878757941788301 ], [ -121.419519628000998, 36.8792399407346 ], [ -121.421244964560003, 36.879975938148199 ], [ -121.422710608100004, 36.880629171208803 ], [ -121.424834965071994, 36.881575938512498 ], [ -121.426195531717994, 36.879989325414897 ], [ -121.426449599418007, 36.879776058552601 ], [ -121.427549418702, 36.880655209756398 ], [ -121.430645801424006, 36.883090281754903 ], [ -121.430902438158995, 36.883292963891499 ], [ -121.432850290920996, 36.884589243248399 ], [ -121.436313081801998, 36.887413090519097 ], [ -121.441741613928997, 36.881770629189397 ], [ -121.443150487872003, 36.880306057551202 ], [ -121.446625512335999, 36.8820693989014 ], [ -121.452011813507994, 36.876589622042196 ], [ -121.454690771166, 36.8786767992056 ], [ -121.455142583611007, 36.879252622283197 ], [ -121.458926410196995, 36.879261157892898 ], [ -121.462881263585999, 36.879269951134802 ], [ -121.465372380112996, 36.878270813694897 ], [ -121.465571660197, 36.878313450862301 ], [ -121.463626527344999, 36.875956563061401 ], [ -121.463619530971997, 36.874679210368797 ], [ -121.462783530191999, 36.8720776056646 ], [ -121.462731716619999, 36.871190845307702 ], [ -121.468842790546006, 36.868286443901702 ], [ -121.468855485681999, 36.8696244406418 ], [ -121.469231697956999, 36.870448092725397 ], [ -121.470347178241994, 36.870964927344197 ], [ -121.472464540654002, 36.873796237045802 ], [ -121.472890341031004, 36.876516902406998 ], [ -121.472967782390995, 36.877011698695 ], [ -121.473177040964003, 36.878348674221002 ], [ -121.475205776524007, 36.879598365006203 ], [ -121.481761192307999, 36.883635949585504 ], [ -121.486115349144001, 36.880013183569602 ], [ -121.495182762927996, 36.884474648313997 ], [ -121.491247886850005, 36.8904137496964 ], [ -121.490370420049999, 36.891738010132698 ], [ -121.487355865287995, 36.896287134443703 ], [ -121.486783989201001, 36.897159282992298 ], [ -121.486092822006995, 36.898213326935497 ], [ -121.485295044243003, 36.8994299140059 ], [ -121.484863676133998, 36.900071222677099 ], [ -121.484709165173001, 36.900300928603201 ], [ -121.484156934322996, 36.901121902093301 ], [ -121.482423550318003, 36.903698698670702 ], [ -121.481437066934006, 36.905165085875097 ], [ -121.481177249897996, 36.905551287785997 ], [ -121.479980944119006, 36.907329465691099 ], [ -121.479942316411993, 36.907372159484503 ], [ -121.479833495072, 36.907492431181304 ], [ -121.479757363307996, 36.907576573894097 ], [ -121.477597935367001, 36.908420250064097 ], [ -121.470879701922996, 36.911044655304899 ], [ -121.470420100485001, 36.911224172599297 ], [ -121.467495102621001, 36.912366601263599 ], [ -121.467100131151994, 36.912520858442903 ], [ -121.466864260215004, 36.912611426020497 ], [ -121.473907877640997, 36.918354205634699 ], [ -121.474484586087996, 36.918824348699999 ], [ -121.478055175902995, 36.921734969333698 ], [ -121.485979863525998, 36.928193724957602 ], [ -121.489969621979995, 36.931444833186099 ], [ -121.492362686453006, 36.933394658416901 ], [ -121.493831990410996, 36.934591746735101 ], [ -121.493965000325005, 36.9347001115514 ], [ -121.499832605416998, 36.939480060723199 ], [ -121.500156210617007, 36.9397436554449 ], [ -121.500576394267, 36.940085913527298 ], [ -121.500972637450005, 36.940408666039801 ], [ -121.501908834906004, 36.941171214922697 ], [ -121.502349058161002, 36.941529776705302 ], [ -121.504096128496997, 36.942952714043699 ], [ -121.508074624304996, 36.946205079875902 ], [ -121.508403797157996, 36.946513584704 ], [ -121.509056695422004, 36.946819488319903 ], [ -121.509682249830007, 36.947103133199803 ], [ -121.510027754793995, 36.947263243470502 ], [ -121.510378915752995, 36.947427550161102 ], [ -121.510719502114, 36.947564353162498 ], [ -121.510931464709003, 36.947645434623603 ], [ -121.511242912233996, 36.947769986051803 ], [ -121.511543547738995, 36.947889411841501 ], [ -121.511823745941001, 36.947984379110999 ], [ -121.512106259457994, 36.9480605985907 ], [ -121.512266583173997, 36.948110580751496 ], [ -121.512020883521004, 36.9486294687757 ], [ -121.511815654505995, 36.949372427720199 ], [ -121.511808018300997, 36.949948474976402 ], [ -121.511846248980007, 36.9507380831567 ], [ -121.511823245057997, 36.951321794166802 ], [ -121.511899629045999, 36.951661295986 ], [ -121.512097977774005, 36.9521838769315 ], [ -121.512189540570006, 36.952500510367003 ], [ -121.512113156949994, 36.952702675858603 ], [ -121.511609648342002, 36.9530078260129 ], [ -121.511395991371998, 36.953122304502003 ], [ -121.511203962744005, 36.9531929641145 ], [ -121.510797539514002, 36.953373654161297 ], [ -121.510587367206, 36.953484698365003 ], [ -121.510411843187995, 36.953633510084501 ], [ -121.510228730886993, 36.954022569217798 ], [ -121.510251608575999, 36.954346827911998 ], [ -121.510297436301002, 36.954552832442999 ], [ -121.510266900204002, 36.954770248644003 ], [ -121.510213488472004, 36.954957184068199 ], [ -121.510114377492002, 36.955453054649503 ], [ -121.510015194963998, 36.955815489762003 ], [ -121.510022777646995, 36.955998588014097 ], [ -121.510160093764995, 36.956387701758501 ], [ -121.510274557781003, 36.956555491215497 ], [ -121.510442380906994, 36.956742485626798 ], [ -121.510655985754994, 36.956952289970303 ], [ -121.510861994419997, 36.957074373321198 ], [ -121.511304558244007, 36.957276488588803 ], [ -121.511708868808995, 36.957562588884599 ], [ -121.511907207163006, 36.957722829719899 ], [ -121.512105552015001, 36.958035671415701 ], [ -121.512395470407995, 36.958546733831596 ], [ -121.512433627140993, 36.958897790780298 ], [ -121.512303985651997, 36.959187643593999 ], [ -121.512158974672005, 36.959355503186799 ], [ -121.511762325039996, 36.959561483850898 ], [ -121.511312131088005, 36.959626341475499 ], [ -121.510953532459993, 36.959546245432598 ], [ -121.510724603336996, 36.959550064282297 ], [ -121.510457667035993, 36.959588197311597 ], [ -121.510167678572003, 36.959649299652703 ], [ -121.509839623689999, 36.959820927816203 ], [ -121.509419986845003, 36.960194822329598 ], [ -121.509320781962003, 36.9603587653651 ], [ -121.509198779005004, 36.960660125074398 ], [ -121.509114880292003, 36.961316320209399 ], [ -121.508954594632996, 36.9619381280597 ], [ -121.508924142839007, 36.962380576384199 ], [ -121.508855489512996, 36.962678196348897 ], [ -121.508741023639004, 36.963013830207601 ], [ -121.508557940562994, 36.963338101232999 ], [ -121.508458698929999, 36.963528767952297 ], [ -121.508306168925003, 36.963669993874497 ], [ -121.507802554245004, 36.963895047809402 ], [ -121.507360102332001, 36.963994252508201 ], [ -121.507230407521007, 36.963994192858799 ], [ -121.505934039986997, 36.963913209257399 ], [ -121.505769403572998, 36.964008724023699 ], [ -121.500983367922004, 36.971260567956399 ], [ -121.500762618376996, 36.971585664720003 ], [ -121.499798373922999, 36.9730056637299 ], [ -121.488387615695004, 36.983362767478603 ], [ -121.472475665749997, 36.978226680539699 ], [ -121.471191056037, 36.978113044558697 ], [ -121.469945870347004, 36.977370828455904 ], [ -121.469746840265003, 36.977491184025702 ], [ -121.469692542212996, 36.977362042985703 ], [ -121.469583573441994, 36.977172132246402 ], [ -121.469000888142006, 36.977351603501504 ], [ -121.468555175149007, 36.977621125367897 ], [ -121.464355483682994, 36.979978460229802 ], [ -121.465746332272005, 36.982947998665303 ], [ -121.463166868301002, 36.9851533485594 ], [ -121.460465541380998, 36.985923411416202 ], [ -121.459218623525999, 36.986312074607198 ], [ -121.457057144283993, 36.987747883210503 ], [ -121.456524235150994, 36.986816638417203 ], [ -121.455524764247002, 36.987181976830698 ], [ -121.452716898413996, 36.988193730161697 ], [ -121.452248371026997, 36.9881179120827 ], [ -121.451715365146995, 36.988873217973897 ], [ -121.449912254956999, 36.988977909933197 ], [ -121.448561461115005, 36.988367783535303 ], [ -121.449510772023004, 36.986831336947503 ], [ -121.448220257372, 36.984514221999099 ], [ -121.438832167567, 36.981068941505903 ], [ -121.439216801152995, 36.979344271229898 ], [ -121.438787794852004, 36.978890483003902 ], [ -121.437393222731004, 36.9777226986198 ], [ -121.435901901468995, 36.9770353663259 ], [ -121.435499500700004, 36.975326931300103 ], [ -121.434395688582995, 36.973330818501204 ], [ -121.432954181078998, 36.972568648830404 ], [ -121.431390428778002, 36.971243004855303 ], [ -121.430637989515006, 36.970589662084301 ], [ -121.423755181074, 36.964337256822503 ], [ -121.422784825576997, 36.963455662388803 ], [ -121.418883057214003, 36.959910516054897 ], [ -121.418521944218, 36.9598876915354 ], [ -121.418516675942001, 36.959871331020302 ], [ -121.417837060322995, 36.959521212948403 ], [ -121.399605705164007, 36.959666991952197 ], [ -121.399607073233994, 36.959842793175198 ], [ -121.399733172324005, 36.976041926520601 ], [ -121.399897211850003, 36.997104826644097 ], [ -121.331044917520003, 36.997463663283099 ], [ -121.331427802489003, 37.027792179845797 ], [ -121.333568197708004, 37.0277504926718 ], [ -121.333248482409005, 37.046645030738901 ], [ -121.324863197073, 37.046808063676899 ], [ -121.323094919604998, 37.071024910743603 ], [ -121.317156762676007, 37.087309152789203 ], [ -121.312685369278, 37.098985811910701 ], [ -121.309131894893994, 37.099626673512098 ], [ -121.309112216599999, 37.104921366315999 ], [ -121.308891006604995, 37.133257206130502 ], [ -121.308674713835003, 37.149859547055101 ], [ -121.308322596438003, 37.167895274323399 ], [ -121.308316142006007, 37.168000488208797 ], [ -121.308226300588998, 37.167966673524496 ], [ -121.306450261769001, 37.166872356601402 ], [ -121.306065782450005, 37.166639835332198 ], [ -121.305565638933004, 37.166622790226 ], [ -121.304527712839004, 37.167184752279901 ], [ -121.302898798330006, 37.168033501958597 ], [ -121.302613742348996, 37.168154485302502 ], [ -121.301195988844995, 37.166786647630403 ], [ -121.300703415716001, 37.166280730135497 ], [ -121.30050314655, 37.166266798706999 ], [ -121.300380818589005, 37.166260258828302 ], [ -121.300010913277006, 37.166142951626803 ], [ -121.299662935577999, 37.166016337720698 ], [ -121.299448116708007, 37.1658871718016 ], [ -121.299179144372005, 37.165803469756803 ], [ -121.299045986850999, 37.165806021357803 ], [ -121.298562258974002, 37.1659663449325 ], [ -121.297710541635993, 37.166444708632703 ], [ -121.297004928785, 37.166982468764303 ], [ -121.296645640457001, 37.167220372270798 ], [ -121.296376450793005, 37.16750097672 ], [ -121.296627163579998, 37.167345123616897 ], [ -121.296943392418001, 37.167152472782298 ], [ -121.297075225054002, 37.167105521564203 ], [ -121.296228576722996, 37.168125797703098 ], [ -121.295971274875001, 37.168432831224699 ], [ -121.295671971485007, 37.168820637099898 ], [ -121.295586114119004, 37.168920021488297 ], [ -121.294668029912998, 37.169408518032697 ], [ -121.292534850937002, 37.170480019698402 ], [ -121.291776803077994, 37.170378988621401 ], [ -121.291542703760001, 37.170347916792799 ], [ -121.291432817716, 37.170758751263499 ], [ -121.291173104761, 37.170985849625303 ], [ -121.290979709089001, 37.1712027959287 ], [ -121.290812478543003, 37.171552524937397 ], [ -121.290742475298003, 37.171811542177402 ], [ -121.290654247470997, 37.172204190709401 ], [ -121.290639200119998, 37.1724443881632 ], [ -121.290629713214997, 37.172871075337802 ], [ -121.29061148884, 37.173004706650701 ], [ -121.290748387955006, 37.173499684010601 ], [ -121.290818127940994, 37.173231785807303 ], [ -121.290845882306002, 37.173417852707701 ], [ -121.291098574171997, 37.174816944053099 ], [ -121.290962269036001, 37.175459305547001 ], [ -121.290374896936001, 37.175870367989098 ], [ -121.290212133620997, 37.175997871634699 ], [ -121.289009085377998, 37.176616156810802 ], [ -121.287732826243996, 37.177386879688001 ], [ -121.287626881904998, 37.178304108806898 ], [ -121.287463857288003, 37.179169112350699 ], [ -121.287287344781006, 37.179581210240499 ], [ -121.286853453519996, 37.180300321439503 ], [ -121.286379915512001, 37.180806933438497 ], [ -121.286068360239994, 37.181159403525903 ], [ -121.285575526499002, 37.181017737470398 ], [ -121.285419351914001, 37.180994055221298 ], [ -121.284840372736994, 37.180942881673197 ], [ -121.284305787522001, 37.180890859414603 ], [ -121.284286740088007, 37.181744231191999 ], [ -121.284301534991002, 37.181868346263002 ], [ -121.284120238358994, 37.182493783085398 ], [ -121.283429439581994, 37.183164455738499 ], [ -121.282279082406006, 37.183692812321901 ], [ -121.281388518724995, 37.1836208895146 ], [ -121.281110514711997, 37.183608403625897 ], [ -121.280568269932004, 37.183298830937801 ], [ -121.280206775866006, 37.183092448667601 ], [ -121.279640263665001, 37.182339058156501 ], [ -121.278658667545002, 37.181069303647199 ] ] ] } },
{ "type": "Feature", "properties": { "OBJECTID": 8, "Id": 0, "Name": "PANOCHE ELEMENTARY", "Address": "31441 PANOCHE RD, PAICINES, CA 95043", "Phone": "831-628-3438", "Fax": "831-628-3438", "Webpage": "http://www.sbcoe.k12.ca.us/District/1248-Panoche.html", "GlobalID": "1fbf22a3-9382-4e18-88a0-f863cd4a0888", "Shape__Area": 9444204363.7206993, "Shape__Length": 546996.78503925703 }, "geometry": { "type": "Polygon", "coordinates": [ [ [ -121.036786513595999, 36.574925630617599 ], [ -121.036810222737998, 36.575929302870897 ], [ -121.036866628252, 36.578316884062602 ], [ -121.037026878112997, 36.585099366554303 ], [ -121.037107015456996, 36.588490634300797 ], [ -121.037106953784999, 36.588601313868701 ], [ -121.037227739523004, 36.5957363152461 ], [ -121.037262207376997, 36.597772131036898 ], [ -121.037288920590001, 36.599349935394798 ], [ -121.037351209264997, 36.603028496587399 ], [ -121.037351163517997, 36.603123878893797 ], [ -121.037411980070004, 36.6063493887183 ], [ -121.037417910469003, 36.606663908665702 ], [ -121.037484662430003, 36.610203937285597 ], [ -121.037522029038001, 36.612185403199902 ], [ -121.037543122608994, 36.613303896625297 ], [ -121.037617605386004, 36.6172531460534 ], [ -121.037489363199995, 36.624479356661404 ], [ -121.037450278511997, 36.631890461549403 ], [ -121.037274847494004, 36.646401630637598 ], [ -121.040150517691998, 36.6467807250908 ], [ -121.053379094524999, 36.648714983522801 ], [ -121.062680752991994, 36.6501246787358 ], [ -121.060394375512004, 36.656999529783199 ], [ -121.057930809149994, 36.6644057355443 ], [ -121.050137792989005, 36.6628901322104 ], [ -121.049334108660005, 36.662733796577697 ], [ -121.048496499034002, 36.665445679485998 ], [ -121.039410980434994, 36.6654450030587 ], [ -121.038665351456999, 36.675502009589202 ], [ -121.047630979564005, 36.673819328032302 ], [ -121.047115638362001, 36.675214420824503 ], [ -121.045814806034997, 36.6824702708033 ], [ -121.045016704171005, 36.687221180769903 ], [ -121.043688906496996, 36.694248211941897 ], [ -121.043260600183004, 36.696675795464799 ], [ -121.043117334425006, 36.6974877716574 ], [ -121.041109908473004, 36.7088632908847 ], [ -121.039797743912999, 36.7163282879051 ], [ -121.039785079283007, 36.723271606190401 ], [ -121.039763973495994, 36.7309117239285 ], [ -121.039721904060997, 36.738132204218701 ], [ -121.039698489542999, 36.752235356411603 ], [ -121.031643397623, 36.752149396692801 ], [ -121.028379533717995, 36.752093824419099 ], [ -121.023113317273001, 36.752144534499898 ], [ -121.022277293521, 36.7521518919025 ], [ -121.020233697061002, 36.752163355128701 ], [ -121.016096536804, 36.752122135665203 ], [ -121.011626798931005, 36.752166305067497 ], [ -121.011621263891996, 36.737619987958197 ], [ -121.008460693434998, 36.737570980372702 ], [ -121.004997249086998, 36.737613794874697 ], [ -121.001062165690001, 36.7376616727528 ], [ -121.000154040743993, 36.737689533213697 ], [ -120.986577572512005, 36.738072620021299 ], [ -120.982146721874997, 36.738063264135697 ], [ -120.973327134127999, 36.738044152800803 ], [ -120.968938302932997, 36.738034399312703 ], [ -120.968854372120006, 36.738030588915102 ], [ -120.964396920774007, 36.738152912056201 ], [ -120.959939455330002, 36.738275068684999 ], [ -120.951024481104, 36.738518882420699 ], [ -120.950940616509996, 36.738511279845902 ], [ -120.942128571349997, 36.737824400066899 ], [ -120.933551315304996, 36.737139979664803 ], [ -120.933523589391996, 36.7409326662723 ], [ -120.933498315674996, 36.7457717376926 ], [ -120.933491553568004, 36.752027576382197 ], [ -120.931192015036999, 36.752074687045997 ], [ -120.930856316410001, 36.752081560554799 ], [ -120.926320916351003, 36.748158333934597 ], [ -120.924567748924005, 36.746603736779797 ], [ -120.911673796263997, 36.734924716383901 ], [ -120.907206167368997, 36.731327560757002 ], [ -120.903453487478998, 36.728370454056098 ], [ -120.903453692727993, 36.727545011710397 ], [ -120.902416003957001, 36.727544839905697 ], [ -120.898663910104005, 36.724555156985502 ], [ -120.894537089381004, 36.7212810693158 ], [ -120.894513569219001, 36.717217570729403 ], [ -120.889292227615002, 36.717221606811897 ], [ -120.880465913326006, 36.7100254255975 ], [ -120.858245265961997, 36.692531132689098 ], [ -120.858220618402996, 36.688138207348103 ], [ -120.858090843868993, 36.688138160276999 ], [ -120.853271010832998, 36.688513914396701 ], [ -120.841261988924003, 36.679067301848001 ], [ -120.834487007275001, 36.673603953853601 ], [ -120.823122796974999, 36.664463329600501 ], [ -120.823148144295004, 36.6612063921147 ], [ -120.822674655079993, 36.657112047620103 ], [ -120.807775815149, 36.656984008744899 ], [ -120.807746301305997, 36.649920468945297 ], [ -120.798903247585997, 36.649769839345403 ], [ -120.798711277886994, 36.646229920863199 ], [ -120.798700515335995, 36.642857478364299 ], [ -120.795825147870005, 36.642779710739902 ], [ -120.794934873821006, 36.642092832909199 ], [ -120.789489483020006, 36.637953307639101 ], [ -120.789448141836999, 36.635787431707698 ], [ -120.785469332234001, 36.6358016428876 ], [ -120.785410934875003, 36.634847372246597 ], [ -120.785108003130006, 36.631619011023098 ], [ -120.780583791268995, 36.6314975217919 ], [ -120.780395928269002, 36.627870718421498 ], [ -120.775862128355996, 36.627884816700501 ], [ -120.775674240873997, 36.6242661168897 ], [ -120.771142394395, 36.624288141551297 ], [ -120.770955478657001, 36.620677542216697 ], [ -120.766424585096999, 36.620707498409097 ], [ -120.766238809430007, 36.617108264522102 ], [ -120.761868950902993, 36.6171467105885 ], [ -120.761708696113999, 36.617142886634703 ], [ -120.761701053134999, 36.6170055372422 ], [ -120.762037505511998, 36.612852244808302 ], [ -120.757604454497994, 36.612859131574297 ], [ -120.757863678026993, 36.6092342249909 ], [ -120.753367740301996, 36.609237160371698 ], [ -120.753453516536993, 36.607711086074403 ], [ -120.752069815880006, 36.606616644991199 ], [ -120.746832158730996, 36.602590268416002 ], [ -120.744656971694994, 36.6027194435121 ], [ -120.744641726287, 36.601262318234198 ], [ -120.744553498369001, 36.595410498506801 ], [ -120.736194068562, 36.595441079165298 ], [ -120.735577860358006, 36.5949127084412 ], [ -120.735536745255004, 36.591785948166503 ], [ -120.731945313343999, 36.591797746909499 ], [ -120.731045364321005, 36.5910259723113 ], [ -120.731009134185001, 36.588142972890097 ], [ -120.726529581994996, 36.588154990819397 ], [ -120.726489955153994, 36.584565367569702 ], [ -120.723481349576005, 36.584538371650297 ], [ -120.721939462343002, 36.583215712901001 ], [ -120.721920453346002, 36.5809597715972 ], [ -120.719298918990006, 36.580950453692402 ], [ -120.717382179333995, 36.579306009551701 ], [ -120.717371417910996, 36.5774035976942 ], [ -120.715169751136003, 36.577407755931098 ], [ -120.697408437191001, 36.562163751234799 ], [ -120.657979420876003, 36.5309001755965 ], [ -120.651287151559004, 36.5256720036069 ], [ -120.639775697681003, 36.516690439010901 ], [ -120.632726293695995, 36.5106693092672 ], [ -120.627186669481006, 36.506337693926803 ], [ -120.622212826072001, 36.502503613647796 ], [ -120.622197622204993, 36.502064849607898 ], [ -120.621647475651002, 36.502083003220598 ], [ -120.619494335824001, 36.500481037018503 ], [ -120.611377750299994, 36.494413365047599 ], [ -120.603940349089996, 36.488778295699703 ], [ -120.603673429235997, 36.488763016792902 ], [ -120.597684305355003, 36.488484564962597 ], [ -120.597699532706002, 36.4784824262181 ], [ -120.597714853816996, 36.471818183280099 ], [ -120.597722489714002, 36.4705669240631 ], [ -120.597565562325997, 36.466168653479301 ], [ -120.597524181018002, 36.459144740814097 ], [ -120.597529858848006, 36.456052535418998 ], [ -120.597844556889001, 36.446484708421799 ], [ -120.597859796772994, 36.438485362420799 ], [ -120.597875043997007, 36.434525683504802 ], [ -120.597890289293005, 36.427155652901597 ], [ -120.597928466515, 36.414483262620998 ], [ -120.597943691601998, 36.4064838954043 ], [ -120.597966587233998, 36.3996364650855 ], [ -120.597943647695999, 36.384591280347202 ], [ -120.597867395642993, 36.374486121402001 ], [ -120.597836900480999, 36.371457302778197 ], [ -120.597715359993003, 36.355508052191098 ], [ -120.602552004971002, 36.355506790815603 ], [ -120.606828320429003, 36.355505511106699 ], [ -120.608662961787999, 36.3555049150484 ], [ -120.620503870101999, 36.355500384392798 ], [ -120.638165918834005, 36.355492757273701 ], [ -120.638165842907995, 36.355122726044499 ], [ -120.642098274233007, 36.355118806442 ], [ -120.642671022642006, 36.355118224528198 ], [ -120.647176201844005, 36.355113552066001 ], [ -120.650525693646003, 36.355109967628799 ], [ -120.652337958858993, 36.355107988220198 ], [ -120.656186558572003, 36.3551036943037 ], [ -120.665208333680994, 36.354463154314303 ], [ -120.674229961050003, 36.353821928761903 ], [ -120.674329118361996, 36.363767979353099 ], [ -120.674343767585995, 36.365237225590398 ], [ -120.674374980056996, 36.3683673448093 ], [ -120.674390954738996, 36.374815509221698 ], [ -120.674394046730995, 36.376063525197502 ], [ -120.674413119411994, 36.383759700093897 ], [ -120.681135872103994, 36.384137441147601 ], [ -120.685501504222998, 36.384382533300901 ], [ -120.689221726273004, 36.3845912634497 ], [ -120.690847699163996, 36.384481318316801 ], [ -120.698197952211999, 36.383984023866901 ], [ -120.707143186243997, 36.383378196167698 ], [ -120.718489223747994, 36.383524975411603 ], [ -120.722005721318993, 36.383570246241703 ], [ -120.725469077621, 36.3836147321027 ], [ -120.727747374922998, 36.383620377328398 ], [ -120.728775965303001, 36.383622911800401 ], [ -120.730476175885002, 36.383627081611799 ], [ -120.737199973448, 36.388994609573302 ], [ -120.739263922693993, 36.3867673159533 ], [ -120.737300224039998, 36.385194376002403 ], [ -120.735358600481007, 36.3836390245975 ], [ -120.744321324891999, 36.383660427660899 ], [ -120.743360003137994, 36.397702412219601 ], [ -120.743413367803996, 36.397702434813901 ], [ -120.748259952523, 36.397718840181497 ], [ -120.753159899330001, 36.397735304969501 ], [ -120.758033174735999, 36.397751361214503 ], [ -120.762906447667007, 36.397767216713703 ], [ -120.762898860174005, 36.397946521168102 ], [ -120.762803998622005, 36.401510399973603 ], [ -120.762704018159994, 36.4052661867022 ], [ -120.762606157875993, 36.408942022974003 ], [ -120.762509812176006, 36.412560617978102 ], [ -120.767352632523995, 36.412575463182499 ], [ -120.776507007760998, 36.412602987287102 ], [ -120.781545043315006, 36.412617833151302 ], [ -120.781537449639998, 36.412694192432198 ], [ -120.781598651335003, 36.420099708499798 ], [ -120.781629349764003, 36.423813763022103 ], [ -120.781659528019006, 36.427464610657601 ], [ -120.785750250598994, 36.4274393261528 ], [ -120.790349092862996, 36.427410733308697 ], [ -120.800588124168002, 36.427346433801603 ], [ -120.800610144388003, 36.430811457652702 ], [ -120.800633242987004, 36.4344458791386 ], [ -120.800648474436002, 36.436842243094901 ], [ -120.800657510313997, 36.43826391316 ], [ -120.800665370755993, 36.439500564834603 ], [ -120.800679650286995, 36.4417469486919 ], [ -120.800664318193, 36.441914696902202 ], [ -120.804038151523997, 36.441889646440103 ], [ -120.808571891672997, 36.441855833133602 ], [ -120.817478033735, 36.441788906458797 ], [ -120.822061088862995, 36.441754206513302 ], [ -120.826039752184997, 36.441723939131698 ], [ -120.826039784228001, 36.441788818989302 ], [ -120.826075316748998, 36.445390492391503 ], [ -120.826147722217002, 36.452728612644499 ], [ -120.826184695967001, 36.456475397506601 ], [ -120.826218353442997, 36.460107380065402 ], [ -120.826240493957997, 36.462496324146798 ], [ -120.826264671863996, 36.465105112644899 ], [ -120.826280129056997, 36.4667727775687 ], [ -120.826285780356002, 36.467382424031697 ], [ -120.826322017280006, 36.471291695892198 ], [ -120.826361562781003, 36.475306944815202 ], [ -120.826402102176999, 36.4794227483602 ], [ -120.826482201657001, 36.487553793538602 ], [ -120.828572787338999, 36.487586956640797 ], [ -120.828573236256005, 36.487586964160101 ], [ -120.835596419221005, 36.487698107013301 ], [ -120.839505579546994, 36.4877597904879 ], [ -120.844739318538004, 36.487839883229199 ], [ -120.852809382648999, 36.487968015113502 ], [ -120.857243991222006, 36.488038190636999 ], [ -120.857419381303998, 36.488049692277997 ], [ -120.862744770158997, 36.488145054880398 ], [ -120.866349638496999, 36.488215058342298 ], [ -120.871479691866995, 36.488314490035897 ], [ -120.875142516248005, 36.488385349591503 ], [ -120.875279885192001, 36.488385317979699 ], [ -120.880727224653, 36.488389156807997 ], [ -120.884183353837997, 36.488391439568197 ], [ -120.893086823982003, 36.488396855892702 ], [ -120.898335886349003, 36.4884006638611 ], [ -120.906465022372004, 36.488405717893897 ], [ -120.910924423029002, 36.488408253957402 ], [ -120.910842126362994, 36.493753216080101 ], [ -120.910797557055005, 36.496647505713298 ], [ -120.910756932417996, 36.499285449074002 ], [ -120.910683378249999, 36.501224466063299 ], [ -120.910619226275998, 36.502915552596001 ], [ -120.919771810851998, 36.502881325858297 ], [ -120.924575133966002, 36.502863081584302 ], [ -120.938588608819003, 36.502808746865497 ], [ -120.938672519822006, 36.502804928333703 ], [ -120.938745004029002, 36.5063297040506 ], [ -120.938817494828001, 36.509854478086098 ], [ -120.938890006886993, 36.513380015469103 ], [ -120.938962495107006, 36.516904021978299 ], [ -120.943351302292001, 36.516842277326496 ], [ -120.947740103591997, 36.516780370768103 ], [ -120.956517682886002, 36.516656072024396 ], [ -120.965325799102999, 36.516531985504898 ], [ -120.969729894081993, 36.516469697836698 ], [ -120.974072902821007, 36.516408113776897 ], [ -120.974206520302005, 36.519986985220797 ], [ -120.974339973672997, 36.5235611641262 ], [ -120.974473438640004, 36.5271353131998 ], [ -120.974606916298001, 36.5307094315081 ], [ -120.983388316662996, 36.5312876833666 ], [ -120.992169846869004, 36.531865287198599 ], [ -120.992718883063006, 36.531850893429699 ], [ -120.996609948303998, 36.531748812150902 ], [ -121.001035168780007, 36.531632562091403 ], [ -121.001050682867003, 36.5316329411814 ], [ -121.001054287984999, 36.531857987524099 ], [ -121.001104825390001, 36.535450955559398 ], [ -121.001155368620999, 36.5390439226395 ], [ -120.996744625597998, 36.539040494272001 ], [ -120.992331072415993, 36.539036899920099 ], [ -120.992411696844997, 36.542622699858597 ], [ -120.996810913765998, 36.542629877583501 ], [ -121.001205916516, 36.542636886967301 ], [ -121.001256025743004, 36.546198368293098 ], [ -121.005635462341999, 36.5462245366868 ], [ -121.009681116826997, 36.546248567706797 ], [ -121.010609576692005, 36.546245849412003 ], [ -121.014445652592997, 36.546215480098901 ], [ -121.018876178081996, 36.546180251465799 ], [ -121.018969826627995, 36.549817885636202 ], [ -121.019063137876998, 36.553442066652202 ], [ -121.019092271641, 36.554573521600901 ], [ -121.019106049257005, 36.555108589041197 ], [ -121.019156457845995, 36.557066202408301 ], [ -121.019250401397002, 36.5607142669433 ], [ -121.019638341331998, 36.564202893168101 ], [ -121.020029021016995, 36.567715832561703 ], [ -121.020899166766, 36.567718729592201 ], [ -121.024652713793003, 36.567731155551897 ], [ -121.029275371270003, 36.567746295026801 ], [ -121.029021694953997, 36.564196704743203 ], [ -121.032932031152001, 36.563928073352201 ], [ -121.033284653497006, 36.5748856013603 ], [ -121.036786513595999, 36.574925630617599 ] ] ] } },
{ "type": "Feature", "properties": { "OBJECTID": 9, "Id": 0, "Name": "SOUTHSIDE ELEMENTARY", "Address": "4991 SOUTHSIDE RD, HOLLISTER, CA 95023", "Phone": "831-637-4439", "Fax": "831-634-0156", "Webpage": "http://www.sbcoe.k12.ca.us/District/1250-Untitled.html", "GlobalID": "9829e026-4c3f-458d-9bb8-0a3e5353ac20", "Shape__Area": 325941976.32519501, "Shape__Length": 114219.382013561 }, "geometry": { "type": "Polygon", "coordinates": [ [ [ -121.336169631923994, 36.810249361372499 ], [ -121.336071987753002, 36.8101881996446 ], [ -121.336119314499996, 36.809057739084402 ], [ -121.336170276692997, 36.806839196013598 ], [ -121.336182701430999, 36.8062873550316 ], [ -121.336186797807997, 36.806108559663002 ], [ -121.336234722159006, 36.804016517771302 ], [ -121.336249649685996, 36.803364923186898 ], [ -121.336254923734003, 36.803134661947702 ], [ -121.336276865949003, 36.802176791384099 ], [ -121.336304749822006, 36.800959477754397 ], [ -121.336301238800999, 36.8009562454221 ], [ -121.336358745294007, 36.800264448210797 ], [ -121.336417075499, 36.800313791344799 ], [ -121.336418630867001, 36.7961892256101 ], [ -121.345641120766999, 36.796280207644202 ], [ -121.345644021599, 36.794016206157998 ], [ -121.345648098008994, 36.790832936341197 ], [ -121.345650028180998, 36.789326622913002 ], [ -121.344077437585, 36.789335644901598 ], [ -121.338616307327001, 36.789378089920497 ], [ -121.337823082691003, 36.7894003685782 ], [ -121.337730620621997, 36.7894039063221 ], [ -121.337660169501007, 36.789405456225403 ], [ -121.337589697396993, 36.789406016726502 ], [ -121.337519223382003, 36.789405588353397 ], [ -121.337448768740998, 36.789404170689302 ], [ -121.336379034475002, 36.789408078057001 ], [ -121.333512307893002, 36.789431088396803 ], [ -121.329304739067993, 36.789459716428802 ], [ -121.328566226426005, 36.7894647259319 ], [ -121.328332354089, 36.789466311742302 ], [ -121.327379916590999, 36.789472763561697 ], [ -121.327371654944997, 36.789210293310198 ], [ -121.327359072171006, 36.788810492547 ], [ -121.327319975037994, 36.787568238066001 ], [ -121.327222062282004, 36.787000150563003 ], [ -121.326512808055995, 36.784674305835402 ], [ -121.326032042638005, 36.7846636140548 ], [ -121.325821568961004, 36.783033008352298 ], [ -121.326424372489996, 36.782413590993002 ], [ -121.326581967598997, 36.782279014425598 ], [ -121.326555072288002, 36.782279287116303 ], [ -121.326891384296005, 36.781933698645403 ], [ -121.327351881671007, 36.781803176108298 ], [ -121.327267555218995, 36.774543758718998 ], [ -121.327222745144994, 36.771480566629101 ], [ -121.327219585156001, 36.7712645810482 ], [ -121.327216346062002, 36.771043142432298 ], [ -121.327164958476004, 36.767548794752699 ], [ -121.323106247965001, 36.767488661025403 ], [ -121.322553651180996, 36.767452242176802 ], [ -121.320265610172001, 36.767363035615702 ], [ -121.320238753205004, 36.767410557477902 ], [ -121.319449870987, 36.7673490515281 ], [ -121.318530631811001, 36.767263154298398 ], [ -121.316647401943001, 36.767187814936101 ], [ -121.313274937429, 36.767097554035402 ], [ -121.313287599638002, 36.7674850515047 ], [ -121.308773718767995, 36.767450398278697 ], [ -121.308777373089001, 36.764329262294801 ], [ -121.308808142792003, 36.763601119599301 ], [ -121.309112049402998, 36.756408486688997 ], [ -121.309135019143994, 36.755702383869703 ], [ -121.309144706574997, 36.755404589781101 ], [ -121.309171828844995, 36.754570829552598 ], [ -121.309201577918998, 36.7529939790087 ], [ -121.309251903472997, 36.749984573904698 ], [ -121.309306161929001, 36.7456608599718 ], [ -121.318205385419006, 36.745688782639803 ], [ -121.318272589738001, 36.741939786713097 ], [ -121.318338334529003, 36.738253611994097 ], [ -121.318467141759001, 36.738254700229596 ], [ -121.318470821499005, 36.736145895895199 ], [ -121.318425234558006, 36.735989791164599 ], [ -121.318471090033, 36.735991625063498 ], [ -121.318568551384999, 36.736006095649898 ], [ -121.318694414307004, 36.736024782754399 ], [ -121.319503298176002, 36.736144877317798 ], [ -121.320809152595999, 36.736579430419297 ], [ -121.321644919676999, 36.7370897815617 ], [ -121.322284574823996, 36.737881639640399 ], [ -121.324277697094004, 36.736300776320498 ], [ -121.326419991617001, 36.735471500153601 ], [ -121.326367949479007, 36.737433443438 ], [ -121.335580576634001, 36.737351530359803 ], [ -121.336017463781005, 36.737863538740797 ], [ -121.343687347821003, 36.747448149234302 ], [ -121.343999975816004, 36.747838760921603 ], [ -121.344184351633999, 36.748069126569 ], [ -121.349175015431001, 36.754098845265197 ], [ -121.363198556686996, 36.750745178940498 ], [ -121.364701497903994, 36.750393973411903 ], [ -121.365342531145998, 36.752019758378403 ], [ -121.370100545252001, 36.765353440029102 ], [ -121.362979561863995, 36.767095028882899 ], [ -121.359997745211004, 36.767799306227801 ], [ -121.363181533540001, 36.771496667703602 ], [ -121.370931230869004, 36.781469909078901 ], [ -121.372135577313998, 36.782973040643903 ], [ -121.372399042295996, 36.782875356723103 ], [ -121.372671628122006, 36.782774290803701 ], [ -121.372606313993998, 36.784420185003803 ], [ -121.372622945923993, 36.784683933159599 ], [ -121.372604841124996, 36.785100884556698 ], [ -121.372387946931994, 36.790198933628197 ], [ -121.372359946966995, 36.791426933482903 ], [ -121.372323090714005, 36.791928361012303 ], [ -121.372298615789006, 36.792063655704403 ], [ -121.372216947279995, 36.792994933894398 ], [ -121.372320947084006, 36.793104934232097 ], [ -121.372702947354995, 36.7933379342902 ], [ -121.373166947810006, 36.793781933652703 ], [ -121.373373701714002, 36.794270751052203 ], [ -121.373597948173995, 36.794802933782201 ], [ -121.373767947377004, 36.795763934358199 ], [ -121.373767948139999, 36.796245934276698 ], [ -121.373506948274994, 36.7968819342084 ], [ -121.373298947677, 36.797076934048299 ], [ -121.373024948354001, 36.797206934598499 ], [ -121.372721948137993, 36.797672934000701 ], [ -121.372130947452007, 36.798275934705202 ], [ -121.372051947653006, 36.798317934588702 ], [ -121.371871947418995, 36.798539934188298 ], [ -121.371734423638003, 36.801038210645899 ], [ -121.374332882027005, 36.801288586041302 ], [ -121.375075170488998, 36.801216248274201 ], [ -121.375290620922996, 36.801195251585099 ], [ -121.375512264925007, 36.801173650816402 ], [ -121.375578360090003, 36.801309664433298 ], [ -121.375806266208002, 36.801215389928899 ], [ -121.376051174975004, 36.801205654205098 ], [ -121.376675903164994, 36.801361934655397 ], [ -121.377560555138004, 36.801704588456502 ], [ -121.377835948696998, 36.801783934259902 ], [ -121.378786374290996, 36.802036538918102 ], [ -121.378969949742, 36.802092934421097 ], [ -121.379179845671004, 36.801979073378099 ], [ -121.379460949754005, 36.801827934608099 ], [ -121.379712949679998, 36.801928934234198 ], [ -121.380093096064996, 36.802226109245098 ], [ -121.380752949175005, 36.802741934732097 ], [ -121.381343660781994, 36.803526410359702 ], [ -121.382258949957006, 36.804732934729998 ], [ -121.382295950168, 36.805274934592298 ], [ -121.382636950629006, 36.805929934425102 ], [ -121.382295949859994, 36.806231934834102 ], [ -121.383564263446999, 36.8077649677832 ], [ -121.383576289866994, 36.807779417560099 ], [ -121.383780556637006, 36.8095939128225 ], [ -121.383645640843, 36.810149020560502 ], [ -121.383628302793994, 36.810447816433403 ], [ -121.383647325102999, 36.810572435483103 ], [ -121.383681266015998, 36.810671028804798 ], [ -121.383848129401997, 36.811155736217103 ], [ -121.385129394065004, 36.812192865232703 ], [ -121.387149970498001, 36.813970310341297 ], [ -121.387489726439, 36.814269172472002 ], [ -121.387765868534004, 36.8145120751227 ], [ -121.388032878372002, 36.814749828667303 ], [ -121.389245241549006, 36.8158431732003 ], [ -121.389333721767002, 36.815811641121101 ], [ -121.390911952791001, 36.816752934575703 ], [ -121.390956526853998, 36.816810916911102 ], [ -121.391019230553994, 36.816879765472102 ], [ -121.391140953182997, 36.817038934611801 ], [ -121.391000952783997, 36.817121934951501 ], [ -121.390918219184996, 36.817192647775101 ], [ -121.390883952579998, 36.817221934614402 ], [ -121.390851671044004, 36.817262500157803 ], [ -121.390825952588997, 36.8173019346088 ], [ -121.390810695165996, 36.817376898942101 ], [ -121.390802952445, 36.817410935389603 ], [ -121.390799405026996, 36.817449962945901 ], [ -121.390789953288007, 36.817553934703497 ], [ -121.390795952226995, 36.817718934589102 ], [ -121.390824952618004, 36.817901935448504 ], [ -121.390862859237004, 36.818085965024302 ], [ -121.390891952941999, 36.8181899349416 ], [ -121.390907144707, 36.818369194503298 ], [ -121.390912765788997, 36.818456023836703 ], [ -121.390915953394995, 36.818573934779998 ], [ -121.390910952604997, 36.818624935474602 ], [ -121.390895952624007, 36.818681935296098 ], [ -121.390874953380006, 36.818732935355698 ], [ -121.390846952342002, 36.8187809349714 ], [ -121.390801952431005, 36.818834935002201 ], [ -121.390754953110999, 36.818878934826998 ], [ -121.390696952930995, 36.818921935200002 ], [ -121.390648952941007, 36.818945934984498 ], [ -121.390597967157007, 36.818964503859497 ], [ -121.390486952960998, 36.819004935203601 ], [ -121.390130359343004, 36.8191133198942 ], [ -121.390012952278994, 36.819149934938899 ], [ -121.389810704783002, 36.819206334916601 ], [ -121.389555952451005, 36.819280934923597 ], [ -121.389404014758995, 36.819328988982697 ], [ -121.388816856472005, 36.819492396091 ], [ -121.388306952058997, 36.819639935167302 ], [ -121.388304816025993, 36.819372469273397 ], [ -121.388295952945001, 36.8188839351659 ], [ -121.38823595206, 36.818880935233899 ], [ -121.388269952238005, 36.8188079348324 ], [ -121.388153952300001, 36.818566934994699 ], [ -121.386369670223004, 36.818366732159099 ], [ -121.383914991119994, 36.818057746542898 ], [ -121.381842400216001, 36.817790153574698 ], [ -121.381303279424003, 36.817712683729702 ], [ -121.380377083140999, 36.817579585996 ], [ -121.380145875815003, 36.8175463599786 ], [ -121.379651289367004, 36.817475282376598 ], [ -121.378706490682006, 36.817355019222603 ], [ -121.377957284014002, 36.8172596470136 ], [ -121.377958116651996, 36.817217083606501 ], [ -121.377966714728998, 36.816777049085502 ], [ -121.377973960980995, 36.816775415629401 ], [ -121.377979734801002, 36.816774026033201 ], [ -121.378054336855996, 36.816568653960204 ], [ -121.378054844811999, 36.816568401359497 ], [ -121.378055345850001, 36.816568142586497 ], [ -121.378055842183997, 36.8165678766957 ], [ -121.378056331573006, 36.816567603731698 ], [ -121.378056816259004, 36.816567323649799 ], [ -121.378057294, 36.816567036494803 ], [ -121.378057765970993, 36.816566744046099 ], [ -121.378058230969998, 36.816566443623202 ], [ -121.378058690200007, 36.816566137906598 ], [ -121.378059141365, 36.816565825139101 ], [ -121.378059586733002, 36.816565506177 ], [ -121.378060025183999, 36.816565181042698 ], [ -121.378060456718003, 36.816564849735897 ], [ -121.378060880215003, 36.816564512279299 ], [ -121.378061295701002, 36.816564169573397 ], [ -121.378061705391005, 36.816563820672897 ], [ -121.378062107042993, 36.816563465622501 ], [ -121.378062499593, 36.8165631062462 ], [ -121.378062885198005, 36.816562739796602 ], [ -121.378063262820007, 36.816562368998902 ], [ -121.378038972048003, 36.816480486758998 ], [ -121.37800717719, 36.816421565653798 ], [ -121.377965170547, 36.8163390851442 ], [ -121.377924961391003, 36.8162560279685 ], [ -121.377921213068007, 36.816247865288801 ], [ -121.377886561701004, 36.816172419129799 ], [ -121.377849983478995, 36.816088284532498 ], [ -121.377815236434998, 36.816003648323502 ], [ -121.377808917617003, 36.8159873049146 ], [ -121.377782331505998, 36.815918538231102 ], [ -121.377751279547994, 36.8158329792806 ], [ -121.377722089203999, 36.815746997442901 ], [ -121.377721932588003, 36.815746535420601 ], [ -121.377721765914998, 36.815746074499899 ], [ -121.377721589269996, 36.815745617383499 ], [ -121.377658920067006, 36.815534400434302 ], [ -121.377621512031993, 36.815388282472703 ], [ -121.377607622045005, 36.815325846159901 ], [ -121.377601993940004, 36.815300546750201 ], [ -121.377584385079004, 36.815212552161299 ], [ -121.377568687313001, 36.815124323008398 ], [ -121.377557756098994, 36.815054168286402 ], [ -121.377554908218002, 36.815035887085699 ], [ -121.377543050862002, 36.8149472713758 ], [ -121.377533118282003, 36.814858501960202 ], [ -121.377525113602005, 36.814769607622999 ], [ -121.377525070858994, 36.8147691298118 ], [ -121.377525016910994, 36.814768652223599 ], [ -121.377524952935005, 36.814768176637997 ], [ -121.377524878846998, 36.814767700352199 ], [ -121.377516698950998, 36.814534154363002 ], [ -121.377515942263997, 36.8144215170447 ], [ -121.377517727249995, 36.814333237290001 ], [ -121.377515666799994, 36.814278962318099 ], [ -121.377496621256995, 36.813777256339399 ], [ -121.377713074678994, 36.813771397300997 ], [ -121.377724722344993, 36.813771406975803 ], [ -121.377155532223, 36.812782415410403 ], [ -121.375584550206, 36.811334304211002 ], [ -121.375067949889996, 36.810273934955198 ], [ -121.375094952509002, 36.810177703281902 ], [ -121.375141949626993, 36.810089935027598 ], [ -121.374786073736004, 36.809968386938202 ], [ -121.374334482500004, 36.809814145666799 ], [ -121.373581589566996, 36.809535712118503 ], [ -121.373278679737993, 36.809432392119497 ], [ -121.373182026457002, 36.8093994238452 ], [ -121.373044664597998, 36.809352571081597 ], [ -121.372875512714003, 36.809294873693197 ], [ -121.372725384985998, 36.809246099075303 ], [ -121.372605250659007, 36.809210581601903 ], [ -121.372548948610998, 36.809193935655301 ], [ -121.372401142121007, 36.809162644729902 ], [ -121.372229975728004, 36.809126409074103 ], [ -121.372093361948004, 36.809101461475798 ], [ -121.371929969518007, 36.809073591334403 ], [ -121.371827964622, 36.809056983862703 ], [ -121.371621359659997, 36.809028146189199 ], [ -121.371318949194006, 36.8089859358928 ], [ -121.370809949267993, 36.808931935204399 ], [ -121.370815506151004, 36.809407457102999 ], [ -121.370803948884003, 36.809885935594401 ], [ -121.367341352024994, 36.809881423669097 ], [ -121.363537857910003, 36.809883002926497 ], [ -121.363529040836994, 36.809883006166999 ], [ -121.363582575799995, 36.8101154619008 ], [ -121.363584953810005, 36.810116091809199 ], [ -121.363587138810004, 36.810116715622001 ], [ -121.363589311275007, 36.810117369430202 ], [ -121.363591467844998, 36.810118053300201 ], [ -121.363593609667006, 36.810118768110797 ], [ -121.363595736712995, 36.810119512961201 ], [ -121.363597845596004, 36.810120287016801 ], [ -121.363599938556007, 36.810121090233501 ], [ -121.363602013377999, 36.810121923556402 ], [ -121.363602774271001, 36.810122242927598 ], [ -121.363610121874004, 36.810125542772703 ], [ -121.363612097922996, 36.810126518673997 ], [ -121.363614053513004, 36.810127522023201 ], [ -121.363615986374995, 36.8101285519638 ], [ -121.363617897628004, 36.810129608473702 ], [ -121.363619783939996, 36.810130692520197 ], [ -121.363621647496004, 36.810131802257203 ], [ -121.363623486083, 36.810132938629998 ], [ -121.363625300793998, 36.810134100715501 ], [ -121.363627088239994, 36.810135287679202 ], [ -121.363628850661001, 36.810136499476897 ], [ -121.363630586911, 36.810137735230001 ], [ -121.363632295895002, 36.810138995861301 ], [ -121.363633977586005, 36.8101402804702 ], [ -121.363635630836995, 36.8101415881777 ], [ -121.363637254527006, 36.810142919006203 ], [ -121.363638849748995, 36.810144272032502 ], [ -121.363640415410003, 36.810145648179798 ], [ -121.363641951427994, 36.8101470447453 ], [ -121.363643455615005, 36.810148463575104 ], [ -121.363644930186993, 36.810149903724202 ], [ -121.363646371727, 36.810151363457102 ], [ -121.363647783622, 36.8101528436084 ], [ -121.363649161365004, 36.810154343365603 ], [ -121.363650507168003, 36.810155861783699 ], [ -121.363651818817999, 36.810157399807899 ], [ -121.363653098474003, 36.810158954691197 ], [ -121.363654342827999, 36.8101605283019 ], [ -121.363655552948003, 36.810162118816002 ], [ -121.363656728831003, 36.810163726233498 ], [ -121.363657870450993, 36.810165349653602 ], [ -121.363658975540005, 36.810166988219599 ], [ -121.363660045244998, 36.810168642810403 ], [ -121.363661078419, 36.8101703125472 ], [ -121.363662075033005, 36.8101719965291 ], [ -121.363663035033994, 36.8101736929544 ], [ -121.363663958475001, 36.810175403624797 ], [ -121.363664845301997, 36.810177126738601 ], [ -121.363665694394001, 36.810178862317798 ], [ -121.363666504603003, 36.810180609483901 ], [ -121.363667278142998, 36.810182367291603 ], [ -121.363670863199005, 36.810283871610302 ], [ -121.363670186161002, 36.810285558972502 ], [ -121.363669471874005, 36.810287238057697 ], [ -121.363668721376001, 36.810288906140997 ], [ -121.363667934667006, 36.810290563222402 ], [ -121.363667112838996, 36.810292208378897 ], [ -121.363666254799995, 36.810293842533397 ], [ -121.363665360523001, 36.810295464785199 ], [ -121.363664433313005, 36.8102970732659 ], [ -121.363663468716993, 36.810298668965103 ], [ -121.363662471186998, 36.810300250893199 ], [ -121.363661439577001, 36.810301818171602 ], [ -121.363660373914001, 36.810303371701004 ], [ -121.363659274143004, 36.8103049096798 ], [ -121.363658142503994, 36.810306432063499 ], [ -121.363656976729999, 36.810307937995603 ], [ -121.363655779059997, 36.810309427431903 ], [ -121.363654548347995, 36.810310899493402 ], [ -121.363653286832999, 36.810312354136002 ], [ -121.363540233739997, 36.810440313756601 ], [ -121.363492500681005, 36.8104406788826 ], [ -121.363071212679003, 36.810443896177397 ], [ -121.363062354925006, 36.810443964188998 ], [ -121.362659590532004, 36.810447038833502 ], [ -121.362318005562003, 36.810449645549298 ], [ -121.361976421690002, 36.810452251266 ], [ -121.361634836674, 36.810454856028002 ], [ -121.361293251635999, 36.810457459813101 ], [ -121.360951666602006, 36.8104600635221 ], [ -121.360610081516995, 36.810462665353498 ], [ -121.360268496409006, 36.8104652662078 ], [ -121.359926911279004, 36.810467866085403 ], [ -121.359585327245, 36.810470464963799 ], [ -121.359243742847994, 36.810473125070899 ], [ -121.358902158399005, 36.810475783300298 ], [ -121.358560573955003, 36.810478441453597 ], [ -121.358218989459004, 36.810481097729202 ], [ -121.357877406114994, 36.8104837548075 ], [ -121.357535820452, 36.810486409151302 ], [ -121.357194237033994, 36.810489063375002 ], [ -121.356852652444005, 36.810491715742998 ], [ -121.356511067859003, 36.810494368034902 ], [ -121.35616948325, 36.810497019350002 ], [ -121.356162184560006, 36.8104970759195 ], [ -121.355791942075996, 36.8105031094642 ], [ -121.355499035229002, 36.810507883253699 ], [ -121.352917946176007, 36.810556936830302 ], [ -121.352904946467007, 36.810617936765297 ], [ -121.352547146488007, 36.810505433881602 ], [ -121.352532946235002, 36.810581936785702 ], [ -121.352400945569002, 36.810541937362203 ], [ -121.352294945623996, 36.810601936917799 ], [ -121.351423945356004, 36.810340936613599 ], [ -121.351286361804, 36.81063471569 ], [ -121.351070946351001, 36.810558937034401 ], [ -121.351001641471001, 36.810562130491498 ], [ -121.350115945238997, 36.810602937464999 ], [ -121.350035945789003, 36.810550937147497 ], [ -121.349709946019999, 36.810602937468303 ], [ -121.347887455866001, 36.810611000106597 ], [ -121.345440944808999, 36.8106419378231 ], [ -121.345444944573003, 36.810219937390002 ], [ -121.340958225264004, 36.810233948588703 ], [ -121.336169631923994, 36.810249361372499 ] ] ] } },
{ "type": "Feature", "properties": { "OBJECTID": 10, "Id": 0, "Name": "TRES PINOS UNION ELEMENTARY", "Address": "5635 AIRLINE HWY, P.O. BOX 188", "Phone": "831-637-0503", "Fax": "831-637-9423", "Webpage": "http://www.trespinosschool.org/", "GlobalID": "d1fd83de-5eaf-42fd-bf3a-2cb06279dab6", "Shape__Area": 4664848162.4179697, "Shape__Length": 436282.48964081699 }, "geometry": { "type": "Polygon", "coordinates": [ [ [ -121.047630979564005, 36.673819328032302 ], [ -121.048857398505007, 36.673727627093498 ], [ -121.055900060965001, 36.673745136517802 ], [ -121.057452700224999, 36.673734339651602 ], [ -121.062589460519007, 36.673578891675803 ], [ -121.066370898041001, 36.673583120456797 ], [ -121.074386388145996, 36.673671353328402 ], [ -121.083417808006004, 36.6737784653589 ], [ -121.093160704129005, 36.6738835478697 ], [ -121.101292812278004, 36.673958171079803 ], [ -121.101345935999007, 36.680067359687598 ], [ -121.101337334592998, 36.685433144279003 ], [ -121.101357150753003, 36.693996191588802 ], [ -121.101358513907002, 36.6945852911823 ], [ -121.101388890647996, 36.695721452087398 ], [ -121.101556919334996, 36.702369133269997 ], [ -121.102888708738007, 36.702377811335602 ], [ -121.110367234459005, 36.702455851641297 ], [ -121.112123395121998, 36.702450810696497 ], [ -121.120486051079993, 36.702439572380896 ], [ -121.128973621582006, 36.7024435871527 ], [ -121.132614878796005, 36.702452107897201 ], [ -121.132449355549994, 36.709925033447803 ], [ -121.133491083123005, 36.709845469587997 ], [ -121.142345030317003, 36.709183329186601 ], [ -121.146771946474004, 36.7088520125141 ], [ -121.146771986789005, 36.7089588182874 ], [ -121.146916887445997, 36.7134258142801 ], [ -121.146894419421997, 36.720670502968701 ], [ -121.146887902174001, 36.7227712738826 ], [ -121.146886566437004, 36.723202104023301 ], [ -121.146886410072995, 36.723252433905003 ], [ -121.148187016112004, 36.723152291770603 ], [ -121.148722413879995, 36.7230093842998 ], [ -121.149233245421001, 36.722926868394701 ], [ -121.149915228289998, 36.722889547445597 ], [ -121.151830645749001, 36.722743778715902 ], [ -121.155462814876998, 36.7226906355232 ], [ -121.158776833190004, 36.722698369050697 ], [ -121.160664238885005, 36.722772903333301 ], [ -121.165375386695004, 36.722706766760297 ], [ -121.165239908470994, 36.730073660993398 ], [ -121.166043843150007, 36.729969935565997 ], [ -121.166619656226004, 36.729836067647398 ], [ -121.167725088289998, 36.729831734863303 ], [ -121.168752385681998, 36.729856911857098 ], [ -121.170625991438001, 36.729932458498297 ], [ -121.174496133440002, 36.729993176305598 ], [ -121.183416575343998, 36.730134889252597 ], [ -121.183561055320993, 36.7227773988593 ], [ -121.183733678916994, 36.72278716492 ], [ -121.187157971812994, 36.722980830421001 ], [ -121.192616393585993, 36.723123953983198 ], [ -121.195216987723001, 36.723171935022101 ], [ -121.195989578132, 36.723186178004802 ], [ -121.199671252979002, 36.723253984232102 ], [ -121.201356266595994, 36.723309022012103 ], [ -121.207271256214, 36.723389551085099 ], [ -121.208600861652997, 36.723390950190002 ], [ -121.210146878588006, 36.723398467573297 ], [ -121.210102187237993, 36.730311109703102 ], [ -121.210039004601995, 36.737592267577703 ], [ -121.201053180499997, 36.737528096593799 ], [ -121.200988068426, 36.751778196034202 ], [ -121.203800727526996, 36.751785078596498 ], [ -121.207993728811005, 36.751799369183303 ], [ -121.218098974238004, 36.751826467732798 ], [ -121.218853996402004, 36.751821297838603 ], [ -121.228877806713001, 36.751886552819101 ], [ -121.236954372282995, 36.7518602638917 ], [ -121.247812212165996, 36.751925472822599 ], [ -121.254192307129003, 36.752096234890999 ], [ -121.254730377284005, 36.752094234971104 ], [ -121.260002314195006, 36.7522757910153 ], [ -121.262649959799006, 36.752467639728899 ], [ -121.263547607473001, 36.752483457745797 ], [ -121.272275326938995, 36.752689247261699 ], [ -121.272755051022003, 36.752680111188397 ], [ -121.277241461323996, 36.7526388581866 ], [ -121.278085621561999, 36.752630663302902 ], [ -121.284268884520998, 36.752564585948498 ], [ -121.285335719646, 36.752559365814299 ], [ -121.283642478510004, 36.756584996724499 ], [ -121.285470734024003, 36.757199555105998 ], [ -121.288085486224006, 36.758118871453 ], [ -121.288559290148001, 36.757952755744 ], [ -121.291501611135999, 36.756970612914998 ], [ -121.292465263026003, 36.756648926533998 ], [ -121.292952097728005, 36.757752559105199 ], [ -121.295392099978002, 36.757137580852103 ], [ -121.295433937208998, 36.7571270352719 ], [ -121.295530306789999, 36.757112208170298 ], [ -121.295610029992005, 36.757099941265103 ], [ -121.298763851775007, 36.756539158518798 ], [ -121.300111277412995, 36.756290003619299 ], [ -121.304974999256999, 36.756344394278401 ], [ -121.304968902878002, 36.756429829694497 ], [ -121.309112049402998, 36.756408486688997 ], [ -121.309088747062006, 36.756960019346103 ], [ -121.309074094736005, 36.757306827347499 ], [ -121.308808142792003, 36.763601119599301 ], [ -121.308777373089001, 36.764329262294801 ], [ -121.308773718767995, 36.767450398278697 ], [ -121.313287599638002, 36.7674850515047 ], [ -121.313274937429, 36.767097554035402 ], [ -121.316647401943001, 36.767187814936101 ], [ -121.318530631811001, 36.767263154298398 ], [ -121.319449870987, 36.7673490515281 ], [ -121.320238753205004, 36.767410557477902 ], [ -121.320265610172001, 36.767363035615702 ], [ -121.322553651180996, 36.767452242176802 ], [ -121.323106247965001, 36.767488661025403 ], [ -121.327164958476004, 36.767548794752699 ], [ -121.327216346062002, 36.771043142432298 ], [ -121.327219585156001, 36.7712645810482 ], [ -121.327222745144994, 36.771480566629101 ], [ -121.327267555218995, 36.774543758718998 ], [ -121.327351881671007, 36.781803176108298 ], [ -121.326891384296005, 36.781933698645403 ], [ -121.326555072288002, 36.782279287116303 ], [ -121.326581967598997, 36.782279014425598 ], [ -121.326424372489996, 36.782413590993002 ], [ -121.325821568961004, 36.783033008352298 ], [ -121.326032042638005, 36.7846636140548 ], [ -121.326512808055995, 36.784674305835402 ], [ -121.327222062282004, 36.787000150563003 ], [ -121.327319975037994, 36.787568238066001 ], [ -121.327359072171006, 36.788810492547 ], [ -121.327371654944997, 36.789210293310198 ], [ -121.327379916590999, 36.789472763561697 ], [ -121.328332354089, 36.789466311742302 ], [ -121.328566226426005, 36.7894647259319 ], [ -121.329304739067993, 36.789459716428802 ], [ -121.333512307893002, 36.789431088396803 ], [ -121.336379034475002, 36.789408078057001 ], [ -121.337448768740998, 36.789404170689302 ], [ -121.337519223382003, 36.789405588353397 ], [ -121.337589697396993, 36.789406016726502 ], [ -121.337660169501007, 36.789405456225403 ], [ -121.337730620621997, 36.7894039063221 ], [ -121.337823082691003, 36.7894003685782 ], [ -121.338616307327001, 36.789378089920497 ], [ -121.344077437585, 36.789335644901598 ], [ -121.345650028180998, 36.789326622913002 ], [ -121.345648861187996, 36.790237210351997 ], [ -121.345645602477006, 36.7927820070379 ], [ -121.345641120766999, 36.796280207644202 ], [ -121.336418630867001, 36.7961892256101 ], [ -121.336417075499, 36.800313791344799 ], [ -121.336358745294007, 36.800264448210797 ], [ -121.336301238800999, 36.8009562454221 ], [ -121.336304749822006, 36.800959477754397 ], [ -121.336276865949003, 36.802176791384099 ], [ -121.336254923734003, 36.803134661947702 ], [ -121.336249649685996, 36.803364923186898 ], [ -121.336234722159006, 36.804016517771302 ], [ -121.336186797807997, 36.806108559663002 ], [ -121.336182701430999, 36.8062873550316 ], [ -121.336170276692997, 36.806839196013598 ], [ -121.336119314499996, 36.809057739084402 ], [ -121.336071987753002, 36.8101881996446 ], [ -121.336169631923994, 36.810249361372499 ], [ -121.336091934172003, 36.810249610356998 ], [ -121.327430998612002, 36.810276994564198 ], [ -121.326750800178004, 36.810279118032597 ], [ -121.318412839995005, 36.8103048407336 ], [ -121.318447050795001, 36.817556179313101 ], [ -121.318474241616997, 36.823318433589698 ], [ -121.318476898808996, 36.8238815549634 ], [ -121.318480456266002, 36.824635478543399 ], [ -121.318481268048004, 36.824807506859003 ], [ -121.318515092322997, 36.831974109410602 ], [ -121.318515491702001, 36.832058821453202 ], [ -121.318549008952004, 36.839158945787801 ], [ -121.318549785616995, 36.839323560060201 ], [ -121.325680063833005, 36.839312217925901 ], [ -121.326382759617999, 36.839311077262401 ], [ -121.327310811588006, 36.8393095645133 ], [ -121.327319314530996, 36.846450294104699 ], [ -121.331843565594994, 36.846447409516401 ], [ -121.336096171478999, 36.845812051980303 ], [ -121.339706086541, 36.844938145473101 ], [ -121.340958335324999, 36.845251508862802 ], [ -121.341895641796, 36.845486050910999 ], [ -121.344389827935004, 36.845167110033998 ], [ -121.344512985441995, 36.845148761517301 ], [ -121.344635725992006, 36.845128688523403 ], [ -121.344758012723005, 36.845106896283902 ], [ -121.344879808830001, 36.845083391832098 ], [ -121.345001073050994, 36.845058183190901 ], [ -121.345121771942004, 36.845031277327998 ], [ -121.345241868726006, 36.845002682178297 ], [ -121.345361325531002, 36.844972406599702 ], [ -121.345480107876, 36.844940460285201 ], [ -121.345598177889997, 36.844906852092798 ], [ -121.345715498877993, 36.844871592660603 ], [ -121.345832037535004, 36.844834693461799 ], [ -121.345977867570994, 36.844785824998702 ], [ -121.346006601778001, 36.844776000449897 ], [ -121.346035545662005, 36.844766580120599 ], [ -121.346064690364997, 36.844757567790403 ], [ -121.346094024706005, 36.844748964580198 ], [ -121.346123543217999, 36.844740775104199 ], [ -121.346153232478997, 36.844733000527299 ], [ -121.346183089207003, 36.844725643618297 ], [ -121.346213098860005, 36.844718705563899 ], [ -121.346243255969, 36.844712190978598 ], [ -121.346273548178999, 36.8447060992034 ], [ -121.346303969995006, 36.8447004339519 ], [ -121.346334509114996, 36.844695196367098 ], [ -121.346365156599006, 36.844690387525802 ], [ -121.346395905806006, 36.844686010262699 ], [ -121.346426744376998, 36.844682063919002 ], [ -121.346457663429007, 36.844678551373399 ], [ -121.346488655116005, 36.844675472779898 ], [ -121.346519708255997, 36.844672829259601 ], [ -121.346550813912003, 36.8446706218893 ], [ -121.346581963115, 36.844668850845302 ], [ -121.346613145806003, 36.844667517226398 ], [ -121.346644353017993, 36.844666621208901 ], [ -121.346675574635995, 36.844666162089801 ], [ -121.346706801777003, 36.844666142748103 ], [ -121.346738024269001, 36.844666560679201 ], [ -121.346769233147, 36.844667416059302 ], [ -121.346800419470995, 36.844668709965298 ], [ -121.346831570828996, 36.844670439936998 ], [ -121.346862681646002, 36.844672606985199 ], [ -121.346893739565004, 36.844675210451399 ], [ -121.346924736711003, 36.844678249588803 ], [ -121.346955664036997, 36.844681721870899 ], [ -121.346986510334006, 36.844685627518203 ], [ -121.347017266608006, 36.844689965805799 ], [ -121.347047924959, 36.8446947350862 ], [ -121.347078475215994, 36.844699932855001 ], [ -121.347138004423002, 36.8447113607197 ], [ -121.347180556267006, 36.844720051859603 ], [ -121.347222911977994, 36.8447293372693 ], [ -121.347265060290994, 36.844739215367802 ], [ -121.347306987674997, 36.8447496837166 ], [ -121.347348681664002, 36.844760738053999 ], [ -121.347390128724996, 36.844772375941702 ], [ -121.347431317513994, 36.844784593096001 ], [ -121.347472233377005, 36.844797387100598 ], [ -121.347512866035999, 36.844810751847902 ], [ -121.347553203077993, 36.8448246848778 ], [ -121.347593229769004, 36.844839181071698 ], [ -121.347632937060993, 36.844854237903398 ], [ -121.347672310161002, 36.844869848452497 ], [ -121.347711339968001, 36.8448860083911 ], [ -121.347750011800002, 36.844902714402302 ], [ -121.347788315350996, 36.8449199594777 ], [ -121.347826238153999, 36.844937739355601 ], [ -121.347863768837001, 36.844956048851103 ], [ -121.347900897119999, 36.844974881856999 ], [ -121.347937610480997, 36.844994232309404 ], [ -121.347973897547007, 36.845014095023899 ], [ -121.348009748039999, 36.845034463892901 ], [ -121.348045151652002, 36.8450553319081 ], [ -121.348080095889003, 36.845076693906698 ], [ -121.348114571563997, 36.845098542858402 ], [ -121.348148566128998, 36.845120871798898 ], [ -121.348182071546006, 36.845143674576597 ], [ -121.348215077480006, 36.845166943282202 ], [ -121.348247572530994, 36.845190671830302 ], [ -121.348279547510998, 36.845214853190498 ], [ -121.348310993153007, 36.845239477629697 ], [ -121.348341898081998, 36.845264539963303 ], [ -121.348372255355002, 36.845290033117003 ], [ -121.348402052311997, 36.845315946522803 ], [ -121.348431284303999, 36.845342274864002 ], [ -121.348459938728993, 36.8453690093746 ], [ -121.348488009706003, 36.845396141156399 ], [ -121.348538366891006, 36.845447354424202 ], [ -121.348561456553, 36.845475134879599 ], [ -121.348585144140998, 36.8455025871774 ], [ -121.348609424895997, 36.845529702396597 ], [ -121.348634291845997, 36.845556472560901 ], [ -121.348659734685, 36.845582890661397 ], [ -121.348685748655001, 36.845608947777002 ], [ -121.348712324513997, 36.845634635074802 ], [ -121.348739453104002, 36.845659946424497 ], [ -121.348767128546001, 36.845684872927102 ], [ -121.348795339412007, 36.8457094075955 ], [ -121.348824079877005, 36.8457335433325 ], [ -121.348853339607004, 36.845757272228099 ], [ -121.348883110507998, 36.845780586328203 ], [ -121.348913383422996, 36.845803479502599 ], [ -121.348944149163003, 36.845825944720097 ], [ -121.348975396327006, 36.845847975894699 ], [ -121.349007119038006, 36.845869564127199 ], [ -121.349039304799007, 36.845890704254401 ], [ -121.349071944452007, 36.8459113901461 ], [ -121.349105028809007, 36.845931614771203 ], [ -121.349138546470002, 36.845951372043601 ], [ -121.349172489395997, 36.845970655810802 ], [ -121.349206846239994, 36.845989461788797 ], [ -121.349241604423995, 36.846007782111499 ], [ -121.349276757086997, 36.8460256124064 ], [ -121.349312289463001, 36.846042946653697 ], [ -121.349348194689995, 36.846059780480701 ], [ -121.349384459123996, 36.846076107845597 ], [ -121.349421072512001, 36.846091923540797 ], [ -121.349458024656002, 36.846107224161301 ], [ -121.349495301884005, 36.846122002763998 ], [ -121.349540119696996, 36.8461389226755 ], [ -121.349559739824997, 36.846148249651002 ], [ -121.349579155157002, 36.846157849275002 ], [ -121.349598357792004, 36.846167719899803 ], [ -121.349617343164994, 36.846177858911197 ], [ -121.349636106654003, 36.846188261892898 ], [ -121.349654641480001, 36.846198927175699 ], [ -121.349672940806997, 36.846209851288499 ], [ -121.349691001107999, 36.846221028892003 ], [ -121.349708814509, 36.8462324592399 ], [ -121.349726378631999, 36.846244137871899 ], [ -121.349743686612996, 36.846256060416103 ], [ -121.349760730523997, 36.846268224324099 ], [ -121.349777509107994, 36.846280625113799 ], [ -121.349794016649, 36.846293259291997 ], [ -121.349810247433993, 36.846306123365402 ], [ -121.349826194599004, 36.846319212962101 ], [ -121.349841856886997, 36.846332523599699 ], [ -121.349857227518001, 36.846346053608897 ], [ -121.349872300665993, 36.846359795893001 ], [ -121.349887074009004, 36.846373747793599 ], [ -121.349901542924997, 36.846387904894499 ], [ -121.349915701672003, 36.846402262801597 ], [ -121.349929546751, 36.8464168170769 ], [ -121.349943072418995, 36.846431563326199 ], [ -121.349965990569999, 36.8464578469261 ], [ -121.345467370189994, 36.846455512257698 ], [ -121.345455564877, 36.849623335670998 ], [ -121.345453575335, 36.850157148245302 ], [ -121.345444982065999, 36.852463040137401 ], [ -121.345453007767006, 36.853729264927502 ], [ -121.349972022112993, 36.853740269347703 ], [ -121.349966162469997, 36.859563419427303 ], [ -121.349964796636996, 36.860920299780098 ], [ -121.349964901809997, 36.860947767563196 ], [ -121.350008376586999, 36.861123689928 ], [ -121.354455149855994, 36.861137144790803 ], [ -121.354440964556005, 36.868317025012303 ], [ -121.353697197322006, 36.8683171007929 ], [ -121.352277438426, 36.868317234045897 ], [ -121.350031415927006, 36.868312538679803 ], [ -121.347775410110998, 36.868307220221098 ], [ -121.345386858503005, 36.8683042036293 ], [ -121.345357398949005, 36.871919981885704 ], [ -121.345358883873004, 36.871982812076602 ], [ -121.345362113245002, 36.874794535013599 ], [ -121.345360982418995, 36.875091177781997 ], [ -121.345359337557994, 36.8755222586434 ], [ -121.345217212112999, 36.875521961090598 ], [ -121.345218653356994, 36.875705000279197 ], [ -121.344722317332, 36.875682736382998 ], [ -121.342260049469999, 36.875682336621999 ], [ -121.339532597992005, 36.875694531976102 ], [ -121.336218813404003, 36.8757096785098 ], [ -121.322698267779003, 36.8757684238998 ], [ -121.319805936384, 36.875781062840502 ], [ -121.319078953768994, 36.875784227814002 ], [ -121.309233768840997, 36.8758266625183 ], [ -121.309226370410002, 36.880211469116603 ], [ -121.309318788300004, 36.8834362932459 ], [ -121.307400812973995, 36.883469853056503 ], [ -121.302327676519994, 36.883469804314799 ], [ -121.300206692860996, 36.885132943221599 ], [ -121.299245440030006, 36.885987476571998 ], [ -121.297246564603, 36.885861564951703 ], [ -121.294599113437002, 36.886017950408103 ], [ -121.291440527082003, 36.8866778742047 ], [ -121.291278818406994, 36.886741871626803 ], [ -121.290929444479005, 36.886880137136302 ], [ -121.289220440364005, 36.887540022132498 ], [ -121.289095850376995, 36.887598903239201 ], [ -121.287549564521996, 36.888329662379 ], [ -121.285070062813006, 36.888642455788101 ], [ -121.283330543795998, 36.888333450088801 ], [ -121.282628644880006, 36.8865749088935 ], [ -121.282170879383997, 36.885956870033702 ], [ -121.281409121245005, 36.885964495427302 ], [ -121.281400301532003, 36.885964583530701 ], [ -121.280667841989001, 36.886746575990003 ], [ -121.280042191286995, 36.887299768050802 ], [ -121.279645583827005, 36.887875766040104 ], [ -121.276372462346004, 36.888264883954903 ], [ -121.273946384406997, 36.888074081388197 ], [ -121.273101015858998, 36.8881730364322 ], [ -121.272870554869002, 36.888200011996297 ], [ -121.272496735361003, 36.888241910173498 ], [ -121.270902172687002, 36.888070267594998 ], [ -121.269841674789006, 36.887662087753597 ], [ -121.26769780859, 36.887082311437503 ], [ -121.265614987074997, 36.8868190097199 ], [ -121.263135452721997, 36.887044067136401 ], [ -121.262819306029002, 36.886988942987003 ], [ -121.260358180102003, 36.8864791062854 ], [ -121.259517833296002, 36.8862304544609 ], [ -121.259178306791995, 36.886129989059299 ], [ -121.258498813859006, 36.885928924903197 ], [ -121.256704798971001, 36.8857663169372 ], [ -121.254859628765999, 36.8858658048838 ], [ -121.254616391468005, 36.885887941196302 ], [ -121.252190179555996, 36.886177887487598 ], [ -121.250589480824004, 36.886827957272601 ], [ -121.250351004653993, 36.886924803439499 ], [ -121.250092179559999, 36.886878004271601 ], [ -121.249104723144001, 36.886565893919403 ], [ -121.248028269672005, 36.886291618458699 ], [ -121.247124491901005, 36.886200103891802 ], [ -121.245900689571997, 36.885419346894302 ], [ -121.245267676289004, 36.8848473114898 ], [ -121.245191298525, 36.884811360917901 ], [ -121.244653867739999, 36.884546133383999 ], [ -121.242822855740002, 36.884534687508697 ], [ -121.241716592496999, 36.884427887003 ], [ -121.240442471075994, 36.8830355480818 ], [ -121.238954825125006, 36.882291728182302 ], [ -121.237467038822999, 36.8814753715031 ], [ -121.236604974227006, 36.881112957723197 ], [ -121.236551520727005, 36.881059531120499 ], [ -121.235948812884999, 36.880498796135598 ], [ -121.235491071755007, 36.880132602583501 ], [ -121.234461142447003, 36.880300355362699 ], [ -121.233011589512998, 36.880559836893497 ], [ -121.232469819995003, 36.880678127113796 ], [ -121.231661099022006, 36.882791441780803 ], [ -121.230913503994998, 36.885087842822202 ], [ -121.231195718967996, 36.887925983877402 ], [ -121.231470484672002, 36.889825753631399 ], [ -121.227585801581, 36.889780794195602 ], [ -121.218338533940994, 36.8898528871078 ], [ -121.218296765326997, 36.897937018027797 ], [ -121.218278114539004, 36.904950916864202 ], [ -121.218254722756996, 36.911877653898003 ], [ -121.218246951574997, 36.912651854962803 ], [ -121.216571395626005, 36.9136962389424 ], [ -121.214257595887005, 36.914094541682701 ], [ -121.212772249813, 36.912956066178701 ], [ -121.210442228222007, 36.912922069882903 ], [ -121.207798450433998, 36.911573676777799 ], [ -121.205830214691005, 36.9120147163854 ], [ -121.205013820958996, 36.913272829532097 ], [ -121.204375714069002, 36.912939925420702 ], [ -121.200461644949996, 36.913653199476698 ], [ -121.198183243447005, 36.914579288629398 ], [ -121.192494695831002, 36.912835919087399 ], [ -121.189917215235994, 36.913328873885497 ], [ -121.189366022908999, 36.912543029044002 ], [ -121.184297415011997, 36.909807487581901 ], [ -121.184298494474007, 36.909389077251902 ], [ -121.184290480056006, 36.908970715818199 ], [ -121.184273374384006, 36.908552530327199 ], [ -121.184247183444995, 36.908134647761997 ], [ -121.184211914377997, 36.9077171959837 ], [ -121.184167579928001, 36.907300302749299 ], [ -121.184114191665003, 36.906884094032399 ], [ -121.184051766769002, 36.906468695701903 ], [ -121.183924913682006, 36.905764497155801 ], [ -121.183897318019007, 36.905552143862003 ], [ -121.183860512977006, 36.905340694277598 ], [ -121.183814539555001, 36.905130404537999 ], [ -121.183728519523996, 36.904817705698399 ], [ -121.183622238835994, 36.904509050794999 ], [ -121.183540271881995, 36.904305945099601 ], [ -121.183400900658995, 36.904005903881803 ], [ -121.183297203546999, 36.9038093079362 ], [ -121.183125802522994, 36.903520162963801 ], [ -121.182949413011002, 36.903257672283502 ], [ -121.182917287422001, 36.903136662701797 ], [ -121.182879388200007, 36.902955295322997 ], [ -121.182853360514002, 36.902772583576102 ], [ -121.182839274548002, 36.902589027349102 ], [ -121.182837170298995, 36.902405130683398 ], [ -121.182847051866005, 36.902221398271998 ], [ -121.182860288263996, 36.902099249510499 ], [ -121.182890072489002, 36.901916907789797 ], [ -121.182916513294003, 36.9017961494202 ], [ -121.182965972136998, 36.901616587034198 ], [ -121.183049985124001, 36.901380870015402 ], [ -121.183769607052, 36.898028009490702 ], [ -121.178658946948005, 36.890628495310899 ], [ -121.176661842786999, 36.889691321769298 ], [ -121.174022874719995, 36.886915954433498 ], [ -121.171626572495995, 36.885090940171402 ], [ -121.167977994029002, 36.884678076002103 ], [ -121.164170773316002, 36.881184249345999 ], [ -121.166435962375004, 36.878023251269802 ], [ -121.165750594833, 36.875656262149498 ], [ -121.165193229899998, 36.874748058886297 ], [ -121.165254599213995, 36.874228429933801 ], [ -121.163587369488994, 36.869892393215999 ], [ -121.162506033046, 36.869230784257198 ], [ -121.154491539529999, 36.866283895724301 ], [ -121.152907509607004, 36.8659428487206 ], [ -121.151906326097006, 36.861244568710099 ], [ -121.151036090011004, 36.859852831207 ], [ -121.151296658906006, 36.858412310794101 ], [ -121.149106310253003, 36.856617833218998 ], [ -121.149052711105, 36.855501830789997 ], [ -121.148129709721999, 36.853830914068503 ], [ -121.146784970683001, 36.8538182317725 ], [ -121.145794652670006, 36.850217404287697 ], [ -121.145560126579994, 36.849329411553001 ], [ -121.145464452191007, 36.848205574736397 ], [ -121.143322268692003, 36.846809265559799 ], [ -121.142701114817996, 36.842432194987303 ], [ -121.142671458812998, 36.842309769024098 ], [ -121.142618523346997, 36.842166296046798 ], [ -121.142547219014006, 36.842028056865701 ], [ -121.142461104126994, 36.841900215629899 ], [ -121.142519987539998, 36.841805022458999 ], [ -121.142558648076999, 36.841731587036797 ], [ -121.142602659239998, 36.841631335193902 ], [ -121.142629897264996, 36.841554659531099 ], [ -121.142658380208005, 36.841450843577299 ], [ -121.142673789084, 36.841372072525203 ], [ -121.142689127504994, 36.841213126062598 ], [ -121.142687823642007, 36.841106821095899 ], [ -121.142679577433995, 36.841017583841598 ], [ -121.142592349270004, 36.839152545424099 ], [ -121.142580615263, 36.837066917972997 ], [ -121.098205797732007, 36.819324424406403 ], [ -121.092463170318993, 36.817026529322902 ], [ -121.003953740558003, 36.7815573427931 ], [ -120.986222143508002, 36.774434092732299 ], [ -120.935526712843, 36.754060921591098 ], [ -120.930856316410001, 36.752081560554799 ], [ -120.931192015036999, 36.752074687045997 ], [ -120.933491553568004, 36.752027576382197 ], [ -120.933498315674996, 36.7457717376926 ], [ -120.933523589391996, 36.7409326662723 ], [ -120.933551315304996, 36.737139979664803 ], [ -120.942128571349997, 36.737824400066899 ], [ -120.950940616509996, 36.738511279845902 ], [ -120.951024481104, 36.738518882420699 ], [ -120.959939455330002, 36.738275068684999 ], [ -120.964396920774007, 36.738152912056201 ], [ -120.968854372120006, 36.738030588915102 ], [ -120.968938302932997, 36.738034399312703 ], [ -120.973327134127999, 36.738044152800803 ], [ -120.982146721874997, 36.738063264135697 ], [ -120.986577572512005, 36.738072620021299 ], [ -121.000154040743993, 36.737689533213697 ], [ -121.001062165690001, 36.7376616727528 ], [ -121.004997249086998, 36.737613794874697 ], [ -121.008460693434998, 36.737570980372702 ], [ -121.011621263891996, 36.737619987958197 ], [ -121.011626798931005, 36.752166305067497 ], [ -121.016096536804, 36.752122135665203 ], [ -121.020233697061002, 36.752163355128701 ], [ -121.022277293521, 36.7521518919025 ], [ -121.023113317273001, 36.752144534499898 ], [ -121.028379533717995, 36.752093824419099 ], [ -121.031643397623, 36.752149396692801 ], [ -121.039698489542999, 36.752235356411603 ], [ -121.039721904060997, 36.738132204218701 ], [ -121.039763973495994, 36.7309117239285 ], [ -121.039785079283007, 36.723271606190401 ], [ -121.039797743912999, 36.7163282879051 ], [ -121.041109908473004, 36.7088632908847 ], [ -121.043117334425006, 36.6974877716574 ], [ -121.043260600183004, 36.696675795464799 ], [ -121.043688906496996, 36.694248211941897 ], [ -121.045016704171005, 36.687221180769903 ], [ -121.045814806034997, 36.6824702708033 ], [ -121.047115638362001, 36.675214420824503 ], [ -121.047630979564005, 36.673819328032302 ] ] ] } },
{ "type": "Feature", "properties": { "OBJECTID": 11, "Id": 0, "Name": "WILLOW GROVE UNION ELEMENTARY", "Address": "11655 AIRLINE HWY, P.O. BOX 46", "Phone": "831-628-3256", "Fax": "831-628-3458", "Webpage": "http://www.sbcoe.k12.ca.us/District/1252-Untitled.html", "GlobalID": "618e6264-21a2-47d8-a695-9c0ac37853b1", "Shape__Area": 3819494895.89746, "Shape__Length": 404679.62279617001 }, "geometry": { "type": "Polygon", "coordinates": [ [ [ -121.041927088700007, 36.575340302166502 ], [ -121.049183856669003, 36.575953761949698 ], [ -121.061582053224001, 36.5770008136179 ], [ -121.061757622559, 36.5770160592838 ], [ -121.066186657629004, 36.576786192811902 ], [ -121.070500842949002, 36.5765621274506 ], [ -121.081079119877003, 36.5767510600935 ], [ -121.089601125090994, 36.576822293272301 ], [ -121.093050851754995, 36.5768502576679 ], [ -121.093722619342003, 36.576855690762301 ], [ -121.094409131668996, 36.576861240177699 ], [ -121.099172141164004, 36.576901567946102 ], [ -121.099179733756003, 36.576970244497403 ], [ -121.099169724462001, 36.580563604764997 ], [ -121.099180211464002, 36.585950654336798 ], [ -121.099314743953002, 36.591583630140804 ], [ -121.108174035671993, 36.591373530295499 ], [ -121.116996807353004, 36.591285907958202 ], [ -121.117019654146006, 36.595901236174498 ], [ -121.118007043283995, 36.602785377161403 ], [ -121.116061624745001, 36.603944808160797 ], [ -121.116091237077001, 36.6044628010022 ], [ -121.117418385075993, 36.604761118551899 ], [ -121.117910599477, 36.604870377159699 ], [ -121.118563227403001, 36.604999054356803 ], [ -121.118825844241996, 36.605752445637897 ], [ -121.128216810425997, 36.605506951775702 ], [ -121.137691234824004, 36.606353541161702 ], [ -121.149405632870995, 36.608228363006702 ], [ -121.149810366899004, 36.608419781973197 ], [ -121.149993204495999, 36.608506254168702 ], [ -121.155246564492998, 36.6083532651488 ], [ -121.156280523945, 36.608334979663702 ], [ -121.158681281146002, 36.601103459148398 ], [ -121.159661020488002, 36.601063351736002 ], [ -121.166863920159997, 36.600768242414603 ], [ -121.171119779936006, 36.600671785034997 ], [ -121.171025960955006, 36.596998281057303 ], [ -121.175704125619006, 36.5970877155249 ], [ -121.175785232186996, 36.600736016485797 ], [ -121.177707250053999, 36.600765995184901 ], [ -121.180033658341998, 36.6008074069942 ], [ -121.192056114409993, 36.601049753846198 ], [ -121.194123480063993, 36.601103337833599 ], [ -121.194783037348998, 36.601113808569799 ], [ -121.195084353037998, 36.601118590047001 ], [ -121.196274736853994, 36.6011374752309 ], [ -121.201123383345006, 36.601144981285898 ], [ -121.201107917662, 36.601875619898898 ], [ -121.20656636903, 36.601811663363897 ], [ -121.209184025244994, 36.601724072307199 ], [ -121.210822901976996, 36.601667330439597 ], [ -121.215212583832994, 36.601444466677599 ], [ -121.219000773578003, 36.601154621261003 ], [ -121.228290401576999, 36.600890140600598 ], [ -121.232636731476006, 36.600701218311897 ], [ -121.236968188581002, 36.6005730779613 ], [ -121.250357240306997, 36.599745744188297 ], [ -121.250433001130006, 36.599741058334999 ], [ -121.254709749461, 36.599476466606099 ], [ -121.254699300088006, 36.599269175239101 ], [ -121.254481119160999, 36.594940660500299 ], [ -121.254465399809007, 36.594628775763802 ], [ -121.254282096395997, 36.590991793793599 ], [ -121.254242632521994, 36.590236009414198 ], [ -121.254091060475005, 36.587333077156202 ], [ -121.254070432926, 36.586937988594997 ], [ -121.253910702823006, 36.583878555832598 ], [ -121.253847285161996, 36.582663801520802 ], [ -121.253522895098001, 36.576449529010603 ], [ -121.257480070232006, 36.576268241417203 ], [ -121.262310514578004, 36.576046766751197 ], [ -121.274938210832005, 36.575466861099898 ], [ -121.275706457102004, 36.575431536673399 ], [ -121.276753965837003, 36.5753833649974 ], [ -121.285707039832999, 36.575471437137601 ], [ -121.294620733613002, 36.5756226299182 ], [ -121.303708604701995, 36.575622224984699 ], [ -121.312612021589999, 36.575619855350197 ], [ -121.321643015736996, 36.575622118027098 ], [ -121.325329689163993, 36.5756228457874 ], [ -121.325800068838006, 36.575622954880103 ], [ -121.325381198683004, 36.5905723644725 ], [ -121.325087151785993, 36.6024985064047 ], [ -121.319322437503999, 36.604362324788397 ], [ -121.319498653837002, 36.605360903020902 ], [ -121.320968615357998, 36.605443194140697 ], [ -121.320518076794002, 36.608669177438799 ], [ -121.325549673672995, 36.611244043644298 ], [ -121.328224607817006, 36.6150678776226 ], [ -121.329457675396, 36.615797380765201 ], [ -121.329424087103007, 36.6183794867476 ], [ -121.329418875610003, 36.618780123996899 ], [ -121.329411988459995, 36.6193095781991 ], [ -121.329387086769998, 36.620027700262597 ], [ -121.329686672359998, 36.624982023471198 ], [ -121.330151254808001, 36.635696846392101 ], [ -121.330243600052995, 36.642495361118897 ], [ -121.330297002791994, 36.646186076821998 ], [ -121.330350410624007, 36.649876790125298 ], [ -121.330397249423996, 36.655051325803903 ], [ -121.330464851467994, 36.662518609032396 ], [ -121.328231625452005, 36.662668907786397 ], [ -121.321365707382995, 36.663246869141801 ], [ -121.320449334884003, 36.663336772845902 ], [ -121.318391571977998, 36.663552173232503 ], [ -121.318468850979002, 36.667074194057903 ], [ -121.310188540487005, 36.667945663540301 ], [ -121.309178814255006, 36.668051892862401 ], [ -121.308857586307994, 36.668063193527601 ], [ -121.304381177140996, 36.668557865796402 ], [ -121.304109842076002, 36.668587844143303 ], [ -121.304124825762003, 36.671832162865002 ], [ -121.304126473260993, 36.672188976965899 ], [ -121.304126641015003, 36.672225412826002 ], [ -121.299219940903001, 36.672774709588801 ], [ -121.29912872896, 36.669205426073702 ], [ -121.299036326565002, 36.665589175495803 ], [ -121.294224728958, 36.666094946868 ], [ -121.291142739422995, 36.666418804417802 ], [ -121.290199366205002, 36.666517919233698 ], [ -121.289777382463996, 36.666562251120503 ], [ -121.281095410752997, 36.669358359322302 ], [ -121.281074410196993, 36.673518896642101 ], [ -121.281075940280004, 36.673762899624599 ], [ -121.281046815240003, 36.675726884381497 ], [ -121.284996995829005, 36.6757651820758 ], [ -121.285082485439005, 36.675764783725697 ], [ -121.286669273871993, 36.675759792629201 ], [ -121.288045321162997, 36.675752208989501 ], [ -121.288880388644998, 36.676540038433501 ], [ -121.288756240812006, 36.676626592323203 ], [ -121.289557764858003, 36.677382514716001 ], [ -121.289683049077993, 36.677452055090797 ], [ -121.289805053934998, 36.677525281218699 ], [ -121.289923611977002, 36.677602093562101 ], [ -121.290038561182996, 36.677682387070902 ], [ -121.290158869360994, 36.677773199196103 ], [ -121.290274561272994, 36.677867823744101 ], [ -121.290385451131996, 36.677966109250001 ], [ -121.290233282642006, 36.678076313237902 ], [ -121.290256158324993, 36.678097648954697 ], [ -121.290489911723, 36.678321701934898 ], [ -121.291616197554006, 36.679401225826702 ], [ -121.292736622817003, 36.680475090170397 ], [ -121.292846859419996, 36.6805898391341 ], [ -121.292953177976003, 36.680706961132003 ], [ -121.293055500945997, 36.6808263702261 ], [ -121.293482236434997, 36.681324884685701 ], [ -121.293588542509994, 36.6814476701323 ], [ -121.293701729123001, 36.681566399134198 ], [ -121.293821561608993, 36.681680819276998 ], [ -121.293947784417, 36.681790691167699 ], [ -121.294080133256003, 36.681895782793397 ], [ -121.294218330703004, 36.681995872309599 ], [ -121.294362082898004, 36.682090749907204 ], [ -121.294647664099003, 36.682281209582499 ], [ -121.294753888952002, 36.682354603837702 ], [ -121.294858003602997, 36.682429935253197 ], [ -121.294998353940997, 36.682537184063499 ], [ -121.295134428481006, 36.682647949520998 ], [ -121.295266091892003, 36.682762121565403 ], [ -121.295393213178997, 36.682879585546203 ], [ -121.295515665764, 36.6830002249242 ], [ -121.295726394002003, 36.683218101088997 ], [ -121.296130718455998, 36.683606529424601 ], [ -121.298427836629003, 36.6857523206452 ], [ -121.299217981767995, 36.686400304394802 ], [ -121.299811727778007, 36.686791706651697 ], [ -121.299150933251994, 36.687106967075898 ], [ -121.298959132793996, 36.687195197406801 ], [ -121.297359588682994, 36.687930998297702 ], [ -121.295617774373, 36.688753366599798 ], [ -121.293981869212999, 36.6895256719841 ], [ -121.293981545828004, 36.689525826042299 ], [ -121.292257613320999, 36.690558807544001 ], [ -121.290972540680997, 36.691293366477801 ], [ -121.288935256730994, 36.692553004966001 ], [ -121.288461542396007, 36.693009470812299 ], [ -121.287257721659003, 36.693406443749701 ], [ -121.286327373988001, 36.694310937830203 ], [ -121.284535768552999, 36.695598719507501 ], [ -121.283658947484, 36.696580638452502 ], [ -121.283069388984003, 36.695567805781302 ], [ -121.283046398045002, 36.695899661686298 ], [ -121.282594717663997, 36.697044328409802 ], [ -121.281407893595997, 36.698623214931601 ], [ -121.281784010596994, 36.699835970227198 ], [ -121.281251950257996, 36.700687939029002 ], [ -121.281683385221996, 36.701477764556699 ], [ -121.281839149537007, 36.701771409282202 ], [ -121.281837749695001, 36.701760353829201 ], [ -121.282129271765001, 36.701747414870098 ], [ -121.282595937018002, 36.7016502703691 ], [ -121.283090985699005, 36.7015458585918 ], [ -121.283898150918006, 36.7019488202235 ], [ -121.285034748827002, 36.701965724767 ], [ -121.285729936775994, 36.702571240584803 ], [ -121.286248688428998, 36.702972684287701 ], [ -121.287023444390996, 36.703312957705798 ], [ -121.287516900512998, 36.7032883019411 ], [ -121.288493374069006, 36.703137974961997 ], [ -121.287914576733996, 36.702635216701303 ], [ -121.291393575040004, 36.702484414252801 ], [ -121.293695600628993, 36.703103641736 ], [ -121.295027072457998, 36.703427288738503 ], [ -121.295920516836006, 36.703616473758103 ], [ -121.296869820615996, 36.70369344521 ], [ -121.297558072331, 36.703616685004398 ], [ -121.298004989595, 36.703385814015498 ], [ -121.298448130875997, 36.703028010427602 ], [ -121.298701539133006, 36.702261096683003 ], [ -121.299069850839004, 36.700714061290697 ], [ -121.299747116014998, 36.699605583570701 ], [ -121.300540888182994, 36.699098127641797 ], [ -121.301626271532996, 36.699108934750903 ], [ -121.302817798714997, 36.6993716917314 ], [ -121.303282635924006, 36.699743728240499 ], [ -121.303486558941998, 36.700628824352897 ], [ -121.304042517648995, 36.702714291571397 ], [ -121.304041691595998, 36.702738489551301 ], [ -121.303994171301994, 36.706728655058399 ], [ -121.299767382097002, 36.709152390554898 ], [ -121.299784477556997, 36.709221885336802 ], [ -121.299800063944005, 36.709291609336297 ], [ -121.299814137281999, 36.709361541897501 ], [ -121.299826691326999, 36.709431661506699 ], [ -121.299837724341003, 36.709501947464801 ], [ -121.299847232266004, 36.709572376413 ], [ -121.299855212297999, 36.7096429294755 ], [ -121.299861661495996, 36.7097135832718 ], [ -121.299866578123002, 36.709784317102603 ], [ -121.299869961528998, 36.709855109345902 ], [ -121.299871808831, 36.709925938422998 ], [ -121.299872121617994, 36.709996782668597 ], [ -121.299870898096998, 36.710067619581402 ], [ -121.299868139940003, 36.710138430198697 ], [ -121.299863846418006, 36.710209190195798 ], [ -121.299858019148004, 36.710279878807903 ], [ -121.299850661986, 36.7103504752275 ], [ -121.299841775404005, 36.710420957810598 ], [ -121.299831362110993, 36.710491304869997 ], [ -121.299819424789007, 36.7105614938176 ], [ -121.299805968466998, 36.710631505625798 ], [ -121.299790996919, 36.710701316783599 ], [ -121.299774514028996, 36.710770907384202 ], [ -121.299756524743003, 36.710840255696702 ], [ -121.299737035155999, 36.710909340870003 ], [ -121.299716051332993, 36.710978141151799 ], [ -121.299693579369006, 36.7110466356906 ], [ -121.299669626530999, 36.711114805415299 ], [ -121.299644198856996, 36.7111826276725 ], [ -121.299617304680993, 36.7112500815674 ], [ -121.299588952386998, 36.711317148007304 ], [ -121.299559150281993, 36.711383805196299 ], [ -121.299527908989006, 36.711450033998403 ], [ -121.299495236838993, 36.711515813518602 ], [ -121.299461143312001, 36.711581123741297 ], [ -121.299425637913004, 36.711645945551801 ], [ -121.299388734567998, 36.711710257947303 ], [ -121.299350440545993, 36.711774041856302 ], [ -121.299310772092994, 36.711837278935199 ], [ -121.299239050520001, 36.711945150213403 ], [ -121.299194607809994, 36.712010985284401 ], [ -121.299151599618995, 36.712077434505098 ], [ -121.299110037695996, 36.712144478720099 ], [ -121.299069935974998, 36.712212096929498 ], [ -121.299031305005002, 36.712280267296897 ], [ -121.298994157653993, 36.7123489706455 ], [ -121.298958505618998, 36.712418186018198 ], [ -121.298924359424007, 36.7124878906777 ], [ -121.298891729697999, 36.7125580654902 ], [ -121.298860624726998, 36.712628687761502 ], [ -121.298831056181996, 36.712699735633201 ], [ -121.298803032427998, 36.712771189113802 ], [ -121.298776561725006, 36.7128430246078 ], [ -121.298751651320998, 36.712915222145 ], [ -121.298728310593006, 36.712987758108397 ], [ -121.298706545618003, 36.713060610747299 ], [ -121.298686362495999, 36.713133759212099 ], [ -121.298667768342995, 36.713207179027698 ], [ -121.298650769261002, 36.713280849344301 ], [ -121.298635369031999, 36.7133547466523 ], [ -121.298621573760997, 36.713428850101799 ], [ -121.298609386083996, 36.713503135303903 ], [ -121.298598809840001, 36.713577580550499 ], [ -121.298589849959001, 36.7136521632113 ], [ -121.298582508012998, 36.713726860720698 ], [ -121.298576786667994, 36.713801649590003 ], [ -121.298572687497, 36.713876507253602 ], [ -121.298569584869, 36.713988647149399 ], [ -121.304036099890993, 36.7139968973705 ], [ -121.304043890491997, 36.7173337472043 ], [ -121.304047353071994, 36.718817070522498 ], [ -121.304059130813997, 36.723860620149203 ], [ -121.307346312264002, 36.724003619735399 ], [ -121.307318708075002, 36.724304334791398 ], [ -121.307282737506, 36.724569896973698 ], [ -121.307216289162, 36.724794845786903 ], [ -121.307031793267001, 36.724986763070397 ], [ -121.306749781665005, 36.725098163789703 ], [ -121.306466184963, 36.725156620672699 ], [ -121.306331116658995, 36.725288721789298 ], [ -121.306109178593005, 36.725451934113302 ], [ -121.305961415243999, 36.725649024053801 ], [ -121.305764395590998, 36.725911812461099 ], [ -121.305697239850005, 36.726113232936498 ], [ -121.305514311688, 36.7263580893596 ], [ -121.305336067951998, 36.726514567419898 ], [ -121.305023395865007, 36.726579469024301 ], [ -121.304738041760999, 36.726579097276698 ], [ -121.304457717126994, 36.726502110230101 ], [ -121.304116033111001, 36.726387044846099 ], [ -121.303896037550004, 36.726362690637202 ], [ -121.303465667612002, 36.726406315837998 ], [ -121.303227164207996, 36.726505096883301 ], [ -121.303122037069002, 36.726660158839103 ], [ -121.303086576840997, 36.726943367691803 ], [ -121.303042577609006, 36.727185538579398 ], [ -121.302889768751001, 36.727459241057701 ], [ -121.302719705220994, 36.727644986247 ], [ -121.302512904321006, 36.727825555723101 ], [ -121.302366879594999, 36.728081468281701 ], [ -121.302279172520002, 36.728330368736998 ], [ -121.302384928110996, 36.728687367232901 ], [ -121.302485394692994, 36.729124561083196 ], [ -121.302461384430998, 36.729583944858398 ], [ -121.302459378910001, 36.729967363657799 ], [ -121.302518675746995, 36.730155207578903 ], [ -121.302588056805007, 36.730456251861902 ], [ -121.302610962385998, 36.730774393767703 ], [ -121.302660859854001, 36.731097414232401 ], [ -121.302901656920994, 36.731519341817197 ], [ -121.303072956380007, 36.731861615894999 ], [ -121.303156084023001, 36.7321731945094 ], [ -121.303228777594995, 36.732515237458998 ], [ -121.303352478861996, 36.732836831742198 ], [ -121.303503495309997, 36.733174097236699 ], [ -121.303616834585995, 36.733598485340501 ], [ -121.303751385867997, 36.733833475351098 ], [ -121.304144251444995, 36.734176869525498 ], [ -121.304294093303, 36.734291752213998 ], [ -121.304350344146002, 36.734334879226097 ], [ -121.304637108362996, 36.734496731562203 ], [ -121.305029772737001, 36.734607937190702 ], [ -121.305797653655006, 36.734695692970497 ], [ -121.306275165623006, 36.734664845349698 ], [ -121.306514431425995, 36.734584624412498 ], [ -121.306825569886996, 36.734438215401198 ], [ -121.307168635050999, 36.7342371912627 ], [ -121.307471925018007, 36.734053136030198 ], [ -121.307661814775997, 36.733892869321203 ], [ -121.307841768478994, 36.733624803495402 ], [ -121.307963112232002, 36.733417265928999 ], [ -121.30812057915, 36.733295426466199 ], [ -121.308540817847998, 36.733206298344598 ], [ -121.308863490229001, 36.7332216530342 ], [ -121.309009223721006, 36.733355873109801 ], [ -121.309230034513007, 36.7335567891705 ], [ -121.309318117391996, 36.7338088706069 ], [ -121.309277930749005, 36.734036437020599 ], [ -121.309183902948007, 36.7342596441963 ], [ -121.308990860036005, 36.734538767310703 ], [ -121.308895869078, 36.734729595275198 ], [ -121.308781877550004, 36.734958589838797 ], [ -121.308639275288996, 36.7351287405913 ], [ -121.308404741909001, 36.735592254446303 ], [ -121.308092762285, 36.736159861092503 ], [ -121.307734397673002, 36.7367804444116 ], [ -121.307296056686994, 36.7373882900025 ], [ -121.307006549811007, 36.737809667052503 ], [ -121.306740901992995, 36.738221263867203 ], [ -121.306598095495005, 36.738519525789798 ], [ -121.306511734932997, 36.738774982400301 ], [ -121.306458873010001, 36.739027754077199 ], [ -121.306369025200993, 36.739391271507799 ], [ -121.306450395838993, 36.739643485371403 ], [ -121.306498225661002, 36.7398963467108 ], [ -121.306585823648007, 36.740132240422 ], [ -121.306676752474999, 36.740254674740299 ], [ -121.306726350920997, 36.740566900843 ], [ -121.306869243227993, 36.7408557211198 ], [ -121.306927749237005, 36.7410165819675 ], [ -121.307090123410006, 36.741283426939198 ], [ -121.307149117959995, 36.741460475188397 ], [ -121.307220724526999, 36.7416102833865 ], [ -121.307366301010006, 36.741764058815903 ], [ -121.307585194428995, 36.7419002182029 ], [ -121.307703931920003, 36.742054513231203 ], [ -121.307910703190004, 36.742234103199202 ], [ -121.308154181584996, 36.742294190890497 ], [ -121.308341890635006, 36.742285158862003 ], [ -121.308648447329006, 36.742245703066601 ], [ -121.308860662532993, 36.742228922353299 ], [ -121.309065608091004, 36.742144694256403 ], [ -121.309330356237993, 36.742037206932601 ], [ -121.309412752848004, 36.738180980325801 ], [ -121.310913198234999, 36.738190838315802 ], [ -121.310832091826001, 36.738085216998101 ], [ -121.310727620457996, 36.7379478065535 ], [ -121.310577623051998, 36.737660835476703 ], [ -121.310339271743004, 36.737318769537197 ], [ -121.310299901115002, 36.737070019282697 ], [ -121.310329469495002, 36.736838279093497 ], [ -121.310484435955999, 36.736681166855298 ], [ -121.310717341097003, 36.736537223813798 ], [ -121.310870927017007, 36.736486546791497 ], [ -121.311069881752999, 36.7364276530176 ], [ -121.311372381599, 36.736322721321898 ], [ -121.311649891635994, 36.7361448872079 ], [ -121.311920864448993, 36.735901130021098 ], [ -121.312287279499003, 36.735627831129797 ], [ -121.312427353337995, 36.735430642171799 ], [ -121.312572531878004, 36.735251700997303 ], [ -121.312643232132999, 36.735022833312399 ], [ -121.312633296184003, 36.734843230035302 ], [ -121.312551406862994, 36.734698043866601 ], [ -121.312422166188995, 36.734495068579797 ], [ -121.312287720626003, 36.7342903704373 ], [ -121.312171944192997, 36.734079793524003 ], [ -121.312059016274006, 36.733964563863601 ], [ -121.311823611649999, 36.733719613901698 ], [ -121.311655868399995, 36.733601775469403 ], [ -121.311372071036004, 36.733416470177701 ], [ -121.311066354600996, 36.733260943217097 ], [ -121.310633564387999, 36.732988977475003 ], [ -121.310335331190998, 36.732778263883802 ], [ -121.310106792892, 36.732610231497702 ], [ -121.309792469439003, 36.732319103705699 ], [ -121.309694889460005, 36.731954060916799 ], [ -121.309760771033993, 36.731559422200803 ], [ -121.309817908458996, 36.731334488465798 ], [ -121.309998904346003, 36.731132839146497 ], [ -121.310124576728995, 36.7310480773912 ], [ -121.310273108689998, 36.730828712060998 ], [ -121.310427515089003, 36.730653263392597 ], [ -121.310752017059002, 36.730522221967497 ], [ -121.310926302373005, 36.730401427437499 ], [ -121.311218997862994, 36.730274668799503 ], [ -121.311426507597005, 36.730197261356402 ], [ -121.311669939097996, 36.730100811405201 ], [ -121.311936490221996, 36.730014921215002 ], [ -121.312189473342997, 36.729932963152301 ], [ -121.312519850189005, 36.729845833589899 ], [ -121.312807154628999, 36.729843931611903 ], [ -121.313010156974002, 36.729920721094302 ], [ -121.313160920065997, 36.729928806091301 ], [ -121.313328335229002, 36.7299152021182 ], [ -121.313572647567, 36.7298953487714 ], [ -121.313953490656999, 36.729818245679397 ], [ -121.314200542316001, 36.729842805794803 ], [ -121.314351692629003, 36.730016002524501 ], [ -121.314416116526999, 36.730187210165802 ], [ -121.314439623392005, 36.730362880484002 ], [ -121.314549304297003, 36.730522204340602 ], [ -121.314616560643998, 36.7306756274523 ], [ -121.314684617642001, 36.7308859535298 ], [ -121.314694411382007, 36.731102809702698 ], [ -121.314683098878007, 36.731334197312798 ], [ -121.314632343048004, 36.731467276904802 ], [ -121.314496401487006, 36.731649710586801 ], [ -121.314267771241006, 36.731807227290702 ], [ -121.314027305463, 36.7320026964398 ], [ -121.313951722780999, 36.732220652478702 ], [ -121.313925842651003, 36.732727522056898 ], [ -121.314042447524002, 36.733117875527299 ], [ -121.314137302172, 36.7333912350893 ], [ -121.314301144203, 36.733531159765299 ], [ -121.314434947872996, 36.733703329048801 ], [ -121.314717490814999, 36.7339987313675 ], [ -121.314848438596002, 36.734410823355702 ], [ -121.314863922694002, 36.7346233439307 ], [ -121.314843162683999, 36.734843904567498 ], [ -121.314801251969001, 36.735119917288202 ], [ -121.314679966447002, 36.7353350897666 ], [ -121.314503601176995, 36.7356854184303 ], [ -121.314370946476004, 36.735977868565698 ], [ -121.314283883401004, 36.736269433201898 ], [ -121.314290033085996, 36.736474797135699 ], [ -121.314369673524993, 36.7366970796283 ], [ -121.314627127479994, 36.736915912350099 ], [ -121.314897868461998, 36.737105922014997 ], [ -121.315305773453005, 36.737321834814203 ], [ -121.315663805333998, 36.737395612226898 ], [ -121.315984268235994, 36.737433423138697 ], [ -121.316239688156003, 36.737432132405999 ], [ -121.316484452170002, 36.737379680587097 ], [ -121.316577743463, 36.737267059157297 ], [ -121.316624270427994, 36.737145068458503 ], [ -121.316597457590007, 36.736859381260203 ], [ -121.316629034456994, 36.736543207650001 ], [ -121.316703404639995, 36.736284912667003 ], [ -121.316787280271001, 36.736191550060603 ], [ -121.317035608357003, 36.736106002768302 ], [ -121.317444165916001, 36.736039356527499 ], [ -121.318012400735995, 36.735973277081101 ], [ -121.318425234558006, 36.735989791164599 ], [ -121.318470821499005, 36.736145895895199 ], [ -121.318467141759001, 36.738254700229596 ], [ -121.318338334529003, 36.738253611994097 ], [ -121.318272589738001, 36.741939786713097 ], [ -121.318205385419006, 36.745688782639803 ], [ -121.309306161929001, 36.7456608599718 ], [ -121.309251903472997, 36.749984573904698 ], [ -121.309201577918998, 36.7529939790087 ], [ -121.309171828844995, 36.754570829552598 ], [ -121.309144706574997, 36.755404589781101 ], [ -121.309135019143994, 36.755702383869703 ], [ -121.309112049402998, 36.756408486688997 ], [ -121.304968902878002, 36.756429829694497 ], [ -121.304974999256999, 36.756344394278401 ], [ -121.300111277412995, 36.756290003619299 ], [ -121.298763851775007, 36.756539158518798 ], [ -121.295610029992005, 36.757099941265103 ], [ -121.295530306789999, 36.757112208170298 ], [ -121.295433937208998, 36.7571270352719 ], [ -121.295392099978002, 36.757137580852103 ], [ -121.292952097728005, 36.757752559105199 ], [ -121.292465263026003, 36.756648926533998 ], [ -121.291501611135999, 36.756970612914998 ], [ -121.288559290148001, 36.757952755744 ], [ -121.288085486224006, 36.758118871453 ], [ -121.285470734024003, 36.757199555105998 ], [ -121.283642478510004, 36.756584996724499 ], [ -121.285335719646, 36.752559365814299 ], [ -121.284268884520998, 36.752564585948498 ], [ -121.278085621561999, 36.752630663302902 ], [ -121.277241461323996, 36.7526388581866 ], [ -121.272755051022003, 36.752680111188397 ], [ -121.272275326938995, 36.752689247261699 ], [ -121.263547607473001, 36.752483457745797 ], [ -121.262649959799006, 36.752467639728899 ], [ -121.260002314195006, 36.7522757910153 ], [ -121.254730377284005, 36.752094234971104 ], [ -121.254192307129003, 36.752096234890999 ], [ -121.247812212165996, 36.751925472822599 ], [ -121.236954372282995, 36.7518602638917 ], [ -121.228877806713001, 36.751886552819101 ], [ -121.218853996402004, 36.751821297838603 ], [ -121.218098974238004, 36.751826467732798 ], [ -121.207993728811005, 36.751799369183303 ], [ -121.203800727526996, 36.751785078596498 ], [ -121.200988068426, 36.751778196034202 ], [ -121.201053180499997, 36.737528096593799 ], [ -121.210039004601995, 36.737592267577703 ], [ -121.210102187237993, 36.730311109703102 ], [ -121.210146878588006, 36.723398467573297 ], [ -121.208600861652997, 36.723390950190002 ], [ -121.207271256214, 36.723389551085099 ], [ -121.201356266595994, 36.723309022012103 ], [ -121.199671252979002, 36.723253984232102 ], [ -121.195989578132, 36.723186178004802 ], [ -121.195216987723001, 36.723171935022101 ], [ -121.192616393585993, 36.723123953983198 ], [ -121.187157971812994, 36.722980830421001 ], [ -121.183733678916994, 36.72278716492 ], [ -121.183561055320993, 36.7227773988593 ], [ -121.183416575343998, 36.730134889252597 ], [ -121.174496133440002, 36.729993176305598 ], [ -121.170625991438001, 36.729932458498297 ], [ -121.168752385681998, 36.729856911857098 ], [ -121.167725088289998, 36.729831734863303 ], [ -121.166619656226004, 36.729836067647398 ], [ -121.166043843150007, 36.729969935565997 ], [ -121.165239908470994, 36.730073660993398 ], [ -121.165375386695004, 36.722706766760297 ], [ -121.160664238885005, 36.722772903333301 ], [ -121.158776833190004, 36.722698369050697 ], [ -121.155462814876998, 36.7226906355232 ], [ -121.151830645749001, 36.722743778715902 ], [ -121.149915228289998, 36.722889547445597 ], [ -121.149233245421001, 36.722926868394701 ], [ -121.148722413879995, 36.7230093842998 ], [ -121.148187016112004, 36.723152291770603 ], [ -121.146886410072995, 36.723252433905003 ], [ -121.146886566437004, 36.723202104023301 ], [ -121.146887902174001, 36.7227712738826 ], [ -121.146894419421997, 36.720670502968701 ], [ -121.146916887445997, 36.7134258142801 ], [ -121.146771986789005, 36.7089588182874 ], [ -121.146771946474004, 36.7088520125141 ], [ -121.142345030317003, 36.709183329186601 ], [ -121.133491083123005, 36.709845469587997 ], [ -121.132449355549994, 36.709925033447803 ], [ -121.132614878796005, 36.702452107897201 ], [ -121.128973621582006, 36.7024435871527 ], [ -121.120486051079993, 36.702439572380896 ], [ -121.112123395121998, 36.702450810696497 ], [ -121.110367234459005, 36.702455851641297 ], [ -121.102888708738007, 36.702377811335602 ], [ -121.101556919334996, 36.702369133269997 ], [ -121.101388890647996, 36.695721452087398 ], [ -121.101358513907002, 36.6945852911823 ], [ -121.101357150753003, 36.693996191588802 ], [ -121.101337334592998, 36.685433144279003 ], [ -121.101345935999007, 36.680067359687598 ], [ -121.101292812278004, 36.673958171079803 ], [ -121.093160704129005, 36.6738835478697 ], [ -121.083417808006004, 36.6737784653589 ], [ -121.074386388145996, 36.673671353328402 ], [ -121.066370898041001, 36.673583120456797 ], [ -121.062589460519007, 36.673578891675803 ], [ -121.057452700224999, 36.673734339651602 ], [ -121.055900060965001, 36.673745136517802 ], [ -121.048857398505007, 36.673727627093498 ], [ -121.047630979564005, 36.673819328032302 ], [ -121.038665351456999, 36.675502009589202 ], [ -121.039410980434994, 36.6654450030587 ], [ -121.048496499034002, 36.665445679485998 ], [ -121.049334108660005, 36.662733796577697 ], [ -121.050137792989005, 36.6628901322104 ], [ -121.057930809149994, 36.6644057355443 ], [ -121.060394375512004, 36.656999529783199 ], [ -121.062680752991994, 36.6501246787358 ], [ -121.053379094524999, 36.648714983522801 ], [ -121.040150517691998, 36.6467807250908 ], [ -121.037274847494004, 36.646401630637598 ], [ -121.037450278511997, 36.631890461549403 ], [ -121.037489363199995, 36.624479356661404 ], [ -121.037617605386004, 36.6172531460534 ], [ -121.037543122608994, 36.613303896625297 ], [ -121.037522029038001, 36.612185403199902 ], [ -121.037484662430003, 36.610203937285597 ], [ -121.037417910469003, 36.606663908665702 ], [ -121.037411980070004, 36.6063493887183 ], [ -121.037351163517997, 36.603123878893797 ], [ -121.037351209264997, 36.603028496587399 ], [ -121.037288920590001, 36.599349935394798 ], [ -121.037262207376997, 36.597772131036898 ], [ -121.037227739523004, 36.5957363152461 ], [ -121.037106953784999, 36.588601313868701 ], [ -121.037107015456996, 36.588490634300797 ], [ -121.037026878112997, 36.585099366554303 ], [ -121.036866628252, 36.578316884062602 ], [ -121.036810222737998, 36.575929302870897 ], [ -121.036786513595999, 36.574925630617599 ], [ -121.037068894743001, 36.574929356288202 ], [ -121.038260991867006, 36.5750302123868 ], [ -121.041927088700007, 36.575340302166502 ] ] ] } }
]
}
