{
"type": "FeatureCollection",
"name": "Supervisorial_Boundaries",
"crs": { "type": "name", "properties": { "name": "urn:ogc:def:crs:OGC:1.3:CRS84" } },
"features": [
{ "type": "Feature", "properties": { "FID": 1, "ID": 2, "AREA": 81.7, "DISTRICT": "1", "NAME": "District 1", "POPULATION": 12521, "HISPANIC": 6882, "WHITE": 4702, "BLACK": 113, "NATIVEAMER": 131, "ASIAN": 506, "PACIFICISL": 35, "OTHER": 105, "OTHERMULTI": 47, "VAP_TOTAL": 9437, "VAP_LATINO": 4781, "VAP_WHITE": 3939, "VAP_BLACK": 86, "VAP_NATIVE": 106, "VAP_ASIAN": 379, "VAP_PACIFI": 27, "VAP_OTHER": 79, "VAP_OTHERM": 40, "CVAP_TOTAL": 6973.7552, "CVAP_LATIN": 2889.9358, "CVAP_WHITE": 3667.862, "CVAP_BLACK": 124.6154, "CVAP_ASIAN": 242.1996, "CVAP_NATIV": 49.1425, "CVAP_OTHER": 0.0, "IDEAL_VALU": 12867, "DEVIATION": -346, "Supervisor": "Dom Zanger", "Email": "supervisorzanger@cosb.us", "Website": "https://www.cosb.us/government/county-of-san-benito-board-of-supervisors-bos", "Image": "https://www.cosb.us/home/showpublishedimage/2625", "DIST_ID": 1, "DIST_NAME": "1", "SHAPE_Leng": 0.0, "DX_DEV": -346, "SUP_NAME": "Dom Zanger", "Shape__Are": 458522903.28899997, "Shape__Len": 133169.833014, "Shape__Area": 2278353957.0869141, "Shape__Length": 215840.31234694173, "Hispanic2": 6882, "POP2": 12521, "Afr2": 113, "AMer2": 131, "Asian2": 506, "Haw2": 35, "Other2": 105, "OtherM2": 47, "Whi2": 4702 }, "geometry": { "type": "Polygon", "coordinates": [ [ [ -121.400928960192005, 36.874786939318597 ], [ -121.400765960704007, 36.8747849393961 ], [ -121.400579961145993, 36.877599940032297 ], [ -121.400739960159996, 36.877610940050801 ], [ -121.400486961360997, 36.881548940098803 ], [ -121.400342961716007, 36.883447939735802 ], [ -121.400331961652995, 36.883599940041897 ], [ -121.400306961618995, 36.884053940453398 ], [ -121.400272961431995, 36.885010940410702 ], [ -121.400290961371994, 36.885657940466402 ], [ -121.400305961477997, 36.8859189399762 ], [ -121.400346961024994, 36.886334940309801 ], [ -121.400371961573001, 36.8865389401466 ], [ -121.400414961273, 36.886880940100298 ], [ -121.400452961132004, 36.887146940300198 ], [ -121.400589961725004, 36.887941940428298 ], [ -121.400785961866006, 36.889161940967 ], [ -121.400797962172007, 36.889217940755003 ], [ -121.400886961634001, 36.8897799404156 ], [ -121.400976962106995, 36.890288940421001 ], [ -121.401199962258005, 36.891761941166202 ], [ -121.401356961969, 36.892732940522599 ], [ -121.401389962720998, 36.892935940888698 ], [ -121.401479962598998, 36.8934559412467 ], [ -121.401571962394002, 36.8940709411496 ], [ -121.401682963152993, 36.894713941425202 ], [ -121.402005962716999, 36.896780941009602 ], [ -121.402260963581995, 36.8983449410985 ], [ -121.402319963574001, 36.898729941451002 ], [ -121.402329963666006, 36.898791941404902 ], [ -121.402355963507006, 36.8990039411608 ], [ -121.402375962709002, 36.899168941398003 ], [ -121.402429962935003, 36.899523941792999 ], [ -121.402516962887006, 36.899952941156798 ], [ -121.402654963480998, 36.900591941285803 ], [ -121.403106964117995, 36.902864941560701 ], [ -121.403066963843997, 36.902933941740201 ], [ -121.403341964389995, 36.904169942074503 ], [ -121.403448963659002, 36.904765941533 ], [ -121.403960964714003, 36.907856941973101 ], [ -121.403106964852, 36.908062942126598 ], [ -121.402611964539005, 36.908199942237196 ], [ -121.402299964568002, 36.908296941841002 ], [ -121.401597963854002, 36.908541942764103 ], [ -121.401095963863, 36.908735942269097 ], [ -121.400121964030006, 36.909170942902598 ], [ -121.399838963880001, 36.909312942228901 ], [ -121.399753963503002, 36.9093559422423 ], [ -121.399292964414997, 36.909616942906098 ], [ -121.398771964226995, 36.9099199427828 ], [ -121.398351963571002, 36.910204943156202 ], [ -121.397988964302996, 36.910476942476002 ], [ -121.397495963303001, 36.910878943052303 ], [ -121.397072963194006, 36.9112499427956 ], [ -121.396758964068994, 36.911547942498203 ], [ -121.396509963509004, 36.911802942605597 ], [ -121.396279963878996, 36.912051942827802 ], [ -121.395716963840002, 36.912673943042599 ], [ -121.395400963262006, 36.913024943577298 ], [ -121.394859963699005, 36.913641942834602 ], [ -121.394437963344998, 36.914110943395002 ], [ -121.393831963752007, 36.914829943601497 ], [ -121.393795964009001, 36.914917943099198 ], [ -121.393572963253007, 36.915211943129897 ], [ -121.393343963186993, 36.915544943585999 ], [ -121.393169963198005, 36.915821943839603 ], [ -121.392969963224999, 36.916186943892001 ], [ -121.392814963893997, 36.916492944081597 ], [ -121.392738963111995, 36.916656943375799 ], [ -121.392558963415993, 36.917107944072598 ], [ -121.392480964089003, 36.9173339438059 ], [ -121.392419963641998, 36.917547943563598 ], [ -121.392278963424005, 36.918055944209897 ], [ -121.391645963938004, 36.9206139442934 ], [ -121.391177964517993, 36.922483944617298 ], [ -121.390653964351998, 36.9245269446984 ], [ -121.389738964472997, 36.928188945197498 ], [ -121.389584964307005, 36.928722944633897 ], [ -121.389561964522997, 36.928807944989899 ], [ -121.389406963954997, 36.929371945044203 ], [ -121.388814964801995, 36.931291945522297 ], [ -121.388265964951998, 36.9331199457067 ], [ -121.387831965309999, 36.934596945207403 ], [ -121.387417965053999, 36.935984946078499 ], [ -121.386887964774004, 36.9378019457424 ], [ -121.386178965444998, 36.940176946198903 ], [ -121.385871965738005, 36.9410559460852 ], [ -121.385183965755004, 36.943411946834203 ], [ -121.385011965890996, 36.9440179470541 ], [ -121.384980965457004, 36.944126946857402 ], [ -121.384942965795005, 36.944310946352402 ], [ -121.384885965189, 36.944739947006802 ], [ -121.384804966036995, 36.945286947074202 ], [ -121.384624966055995, 36.946632947074498 ], [ -121.384566966199003, 36.9473369469573 ], [ -121.384545965404001, 36.947506947356402 ], [ -121.384489965815007, 36.9478329470247 ], [ -121.384479965398995, 36.947873946754903 ], [ -121.384449966076005, 36.948001946906203 ], [ -121.384353966264996, 36.948322946753997 ], [ -121.384234965523007, 36.948635946976502 ], [ -121.384088965779995, 36.948948946938899 ], [ -121.384005965794003, 36.949106947292599 ], [ -121.383901965442007, 36.949304946820298 ], [ -121.383557965839998, 36.949903946872098 ], [ -121.383429966321003, 36.950126947714999 ], [ -121.383259965772993, 36.950440947383498 ], [ -121.383232965543002, 36.9504979475482 ], [ -121.383147965741998, 36.950712947784403 ], [ -121.382945966131999, 36.951137947095297 ], [ -121.382696965855999, 36.951702947366201 ], [ -121.382678966243006, 36.951745947757203 ], [ -121.382627966019001, 36.951874947781697 ], [ -121.382596965432001, 36.951971947095302 ], [ -121.382562965877, 36.952100947440201 ], [ -121.382538965693996, 36.952216947772698 ], [ -121.382519965490005, 36.952364947588499 ], [ -121.382511966329005, 36.9527159475563 ], [ -121.382546965957999, 36.953235947592802 ], [ -121.382565966005004, 36.953369948073501 ], [ -121.382681966307999, 36.953843947894903 ], [ -121.382889965687994, 36.954490947384997 ], [ -121.383262965835002, 36.955631948019096 ], [ -121.383363966085994, 36.955964947867898 ], [ -121.383504966112994, 36.956482947501001 ], [ -121.383564966622998, 36.956768947972101 ], [ -121.383593967113001, 36.956956947768603 ], [ -121.383624966458001, 36.957206947828297 ], [ -121.383635966824002, 36.957361947904801 ], [ -121.383641966827994, 36.957507947910401 ], [ -121.383654967186004, 36.957813947525104 ], [ -121.383648966346001, 36.958464948001897 ], [ -121.383647966237007, 36.958680948082304 ], [ -121.383644967235, 36.958806948472301 ], [ -121.383602967173999, 36.959848947876701 ], [ -121.383577966483003, 36.960643948097598 ], [ -121.383544967266005, 36.960643948340497 ], [ -121.383477967418003, 36.960577948108302 ], [ -121.383456967021999, 36.960553948298298 ], [ -121.382987967060998, 36.960553948524101 ], [ -121.381580966363998, 36.960553948105201 ], [ -121.381111966627003, 36.960553948185897 ], [ -121.381019967048999, 36.960553948211299 ], [ -121.380743966099999, 36.960553948808602 ], [ -121.380652966778996, 36.960554948136902 ], [ -121.380285966545998, 36.960553948524897 ], [ -121.379184966588994, 36.960553948200499 ], [ -121.378818966751993, 36.960553948192199 ], [ -121.378750965709997, 36.960553948901399 ], [ -121.378546965894003, 36.960553948928499 ], [ -121.378479966174993, 36.960554948164003 ], [ -121.378388965824996, 36.960553948281799 ], [ -121.378117965816998, 36.960553948881 ], [ -121.378027965696006, 36.960553948331302 ], [ -121.377968966447995, 36.960553948168098 ], [ -121.377791966485006, 36.960553948449302 ], [ -121.377733965843007, 36.960553949057797 ], [ -121.376804965768002, 36.960553948490599 ], [ -121.374017965809998, 36.960553948585201 ], [ -121.373089965229994, 36.960553948926297 ], [ -121.372977965101995, 36.960553949134699 ], [ -121.372641964720003, 36.960553949130997 ], [ -121.372530965416004, 36.960553948906103 ], [ -121.372494964973995, 36.960553948824398 ], [ -121.372059965115994, 36.960553948674203 ], [ -121.370756965248006, 36.960553948692599 ], [ -121.370404965391003, 36.960553949333097 ], [ -121.370355964379996, 36.960553949258198 ], [ -121.370322965111995, 36.960550948698703 ], [ -121.370262965433, 36.960548949022296 ], [ -121.370082964587994, 36.9605439495027 ], [ -121.370023965040005, 36.960542949380702 ], [ -121.364483964071994, 36.960357949258899 ], [ -121.363058963227004, 36.960310949977703 ], [ -121.353599962548003, 36.959996950587403 ], [ -121.353525962486998, 36.960045950371502 ], [ -121.353365962092994, 36.960115950453599 ], [ -121.353310962348004, 36.960131950319301 ], [ -121.353229962431001, 36.960156949970099 ], [ -121.353111961783, 36.960198950157803 ], [ -121.352859962554007, 36.960194950379503 ], [ -121.351407961494999, 36.960276950282598 ], [ -121.350146961451998, 36.960329950148903 ], [ -121.346363961720002, 36.960492950428097 ], [ -121.345103960607005, 36.960546950990299 ], [ -121.345055960848995, 36.960547951227603 ], [ -121.344956961416003, 36.960552950787701 ], [ -121.344912961429003, 36.9605529504529 ], [ -121.344865961273996, 36.960552951207497 ], [ -121.344815960893996, 36.9605529512462 ], [ -121.344782960898002, 36.960552950732598 ], [ -121.344686961158004, 36.960552950738602 ], [ -121.344654960889002, 36.960552951331401 ], [ -121.343481960535001, 36.960552950828699 ], [ -121.341276960185994, 36.960552950761503 ], [ -121.339963960188001, 36.960552950907903 ], [ -121.339912960191, 36.960552951320402 ], [ -121.338791959836001, 36.960552951583701 ], [ -121.338768960183003, 36.960552951346003 ], [ -121.338700959803006, 36.960552950919201 ], [ -121.338678959890998, 36.960553951501403 ], [ -121.328612958958004, 36.960610952101703 ], [ -121.324542957738004, 36.960632951934898 ], [ -121.314984956577007, 36.960686952758401 ], [ -121.310757956041996, 36.960710953168302 ], [ -121.301931954341001, 36.960760954289 ], [ -121.282670951160995, 36.960868955627603 ], [ -121.282137951406995, 36.9608719556458 ], [ -121.268002949386997, 36.960951956007499 ], [ -121.267943949244994, 36.960951956599203 ], [ -121.267767948900996, 36.960953956529202 ], [ -121.267709948649994, 36.9609549566119 ], [ -121.262044947733997, 36.960990956859298 ], [ -121.258376947482006, 36.961013957097997 ], [ -121.253210946652004, 36.961047957344803 ], [ -121.250592945958999, 36.961063957883503 ], [ -121.244208945477993, 36.961104957938403 ], [ -121.236488944108999, 36.961153958368598 ], [ -121.230380942826997, 36.961192959048098 ], [ -121.221048941386996, 36.9612529596955 ], [ -121.219922941834, 36.9612529594948 ], [ -121.216544941676005, 36.961252960254598 ], [ -121.215418941096999, 36.961252960060897 ], [ -121.214548940577004, 36.961252960028702 ], [ -121.213652940816004, 36.959268960167499 ], [ -121.213515940132993, 36.958993959482797 ], [ -121.213179940659998, 36.958772960191503 ], [ -121.212355939690994, 36.958063959872298 ], [ -121.211745940561002, 36.957384960073199 ], [ -121.211806939634997, 36.957117960059797 ], [ -121.212294940459998, 36.9567819601696 ], [ -121.212554940570001, 36.956506959783901 ], [ -121.212905940138995, 36.956293960052598 ], [ -121.213378940073, 36.955850959430599 ], [ -121.213591940680004, 36.955286959863699 ], [ -121.213729940258006, 36.9545239590854 ], [ -121.214003939688993, 36.954072959193198 ], [ -121.214965940059002, 36.953363959668202 ], [ -121.216201939737999, 36.952295959037599 ], [ -121.216475940251996, 36.9518609592863 ], [ -121.216124940555005, 36.951303959010197 ], [ -121.216201940521998, 36.951089959303097 ], [ -121.216674939908998, 36.950578959245298 ], [ -121.217360940388005, 36.949365958515997 ], [ -121.218245939629995, 36.948221958957603 ], [ -121.218520940315997, 36.947893958299098 ], [ -121.218795939738996, 36.947771958807799 ], [ -121.219832940477005, 36.947000958075201 ], [ -121.220855940329002, 36.946062958333997 ], [ -121.221877940371002, 36.945344958237001 ], [ -121.222914940595004, 36.945001958134597 ], [ -121.223938940818002, 36.945108958003999 ], [ -121.224686941138998, 36.945162957945001 ], [ -121.225509941374, 36.944834958083902 ], [ -121.225998941322004, 36.944460957520199 ], [ -121.226883941232998, 36.943400957493097 ], [ -121.227783941404994, 36.942515957303002 ], [ -121.228058941506006, 36.942233957235501 ], [ -121.228317940891998, 36.941531957502399 ], [ -121.228729941157994, 36.941195956849199 ], [ -121.229217941298003, 36.941035956795197 ], [ -121.229416941118998, 36.940745957404701 ], [ -121.229690941133001, 36.940043956662002 ], [ -121.229965940493997, 36.9395399567182 ], [ -121.230377941521994, 36.938937956877197 ], [ -121.230591941314998, 36.938494956454797 ], [ -121.230377940750998, 36.936938956743397 ], [ -121.230377941021004, 36.936495956905802 ], [ -121.230514940836002, 36.935885956389697 ], [ -121.230804940837999, 36.935282956094703 ], [ -121.231201940087004, 36.934565956801997 ], [ -121.231476940700006, 36.934115956237598 ], [ -121.232223941059999, 36.933398956192399 ], [ -121.232910940931006, 36.932673956473103 ], [ -121.233459940472997, 36.9319569556544 ], [ -121.233536940262994, 36.931353955801299 ], [ -121.233459940404003, 36.930476956325798 ], [ -121.233536940655995, 36.930178956241797 ], [ -121.234146940597, 36.9295989555863 ], [ -121.234344940837005, 36.929301955786897 ], [ -121.234421940641994, 36.928706955398802 ], [ -121.234421940076999, 36.928095955314298 ], [ -121.234558940621994, 36.927363955379398 ], [ -121.234695940454003, 36.926898955176704 ], [ -121.234344940621, 36.926151955871397 ], [ -121.233795940022006, 36.925441955227797 ], [ -121.233108939537004, 36.924732955082298 ], [ -121.232635939242002, 36.924297955093003 ], [ -121.231674939447998, 36.923504955799501 ], [ -121.231277938952999, 36.922954955079298 ], [ -121.230850939359001, 36.9223449553241 ], [ -121.230163939055998, 36.921245955340801 ], [ -121.229889939269, 36.9211319554394 ], [ -121.229278939124995, 36.921192955539702 ], [ -121.228866939270006, 36.921016955374 ], [ -121.228378939064001, 36.920803955005098 ], [ -121.227218938137, 36.920307955298 ], [ -121.226532938155003, 36.920246955729901 ], [ -121.225647938707993, 36.920353955472798 ], [ -121.224609938393996, 36.920307955555302 ], [ -121.224197937865995, 36.919925955786802 ], [ -121.223999938258004, 36.9194759556378 ], [ -121.224136937275006, 36.9185379557982 ], [ -121.223999937819002, 36.918094955087 ], [ -121.223724937084, 36.917324955728603 ], [ -121.223649937127007, 36.9170589555129 ], [ -121.223645937341004, 36.9170039556615 ], [ -121.223511937973001, 36.916439955163199 ], [ -121.223511937566997, 36.915615955342197 ], [ -121.223373937842993, 36.914989955475903 ], [ -121.223360937248998, 36.914961955187103 ], [ -121.223038937222, 36.914287954825198 ], [ -121.223099936805994, 36.913898954722399 ], [ -121.223236937096999, 36.913623955061503 ], [ -121.223450937574995, 36.9129529546261 ], [ -121.222900937071998, 36.912624955394001 ], [ -121.222626936517003, 36.912410954787099 ], [ -121.222626936490997, 36.911914955459203 ], [ -121.222549936958998, 36.911640954819802 ], [ -121.222076937210005, 36.911068954996502 ], [ -121.221725936474002, 36.910366954879102 ], [ -121.221390936768003, 36.910305954713799 ], [ -121.220839937001998, 36.910801955431403 ], [ -121.219817935926002, 36.911358955359098 ], [ -121.219750936546006, 36.911456954919103 ], [ -121.219405936738994, 36.911960954962801 ], [ -121.218917936230994, 36.912357955670203 ], [ -121.218367935811003, 36.912471955738802 ], [ -121.218032936702002, 36.912632955544801 ], [ -121.217522936555, 36.913183955863801 ], [ -121.217482935678007, 36.913227955671402 ], [ -121.217070936686994, 36.913509955484599 ], [ -121.216597936615003, 36.913562955604597 ], [ -121.214675935916006, 36.913280955793901 ], [ -121.214397936118004, 36.913019955312699 ], [ -121.213910935395006, 36.912694955525197 ], [ -121.213500935466996, 36.912573955990702 ], [ -121.212825935303997, 36.912509956094901 ], [ -121.212474935581, 36.912394956011397 ], [ -121.211518935632995, 36.912249956072401 ], [ -121.211241934666006, 36.912234955404401 ], [ -121.210826935219004, 36.912089956275501 ], [ -121.209867935160005, 36.911846955981197 ], [ -121.209054934953002, 36.911739955754697 ], [ -121.208373934262994, 36.9115339560053 ], [ -121.208021934265005, 36.911527955934098 ], [ -121.20787793449, 36.911525955596602 ], [ -121.207193934407996, 36.911525956435497 ], [ -121.206509934888004, 36.911686956235698 ], [ -121.206319934476994, 36.912060956388302 ], [ -121.205961933864003, 36.912738956321697 ], [ -121.205624933931006, 36.912853956071402 ], [ -121.204800934277998, 36.9126319565068 ], [ -121.204598934719996, 36.912695956643297 ], [ -121.204117934050004, 36.912790956181603 ], [ -121.203566933526005, 36.9130759564868 ], [ -121.203102933536996, 36.913111956375097 ], [ -121.202458933903003, 36.913170956772497 ], [ -121.202333934311994, 36.913181956328998 ], [ -121.201032933506994, 36.913181956739002 ], [ -121.200430934028006, 36.9134549570839 ], [ -121.199591933940994, 36.913794956715698 ], [ -121.198560932953001, 36.914296957260397 ], [ -121.198286933375996, 36.914342956515199 ], [ -121.197889933271, 36.914128956756898 ], [ -121.197665933175998, 36.914042956969602 ], [ -121.201264933559003, 36.9070089562682 ], [ -121.202357933296994, 36.904881955891597 ], [ -121.203566933114004, 36.902515955909401 ], [ -121.204295932535004, 36.901076955009103 ], [ -121.211186933866003, 36.895779954534099 ], [ -121.212959933757006, 36.894417954346899 ], [ -121.216051933204, 36.8920419540339 ], [ -121.218014933964, 36.8905339534438 ], [ -121.218363934094, 36.890264953343099 ], [ -121.218369933942, 36.889838953630701 ], [ -121.218916933800998, 36.889837953482498 ], [ -121.224809934145, 36.885301952759598 ], [ -121.225211934637002, 36.885004952076599 ], [ -121.230733934396, 36.876221951262302 ], [ -121.231531934645005, 36.875107950968797 ], [ -121.233907934715006, 36.8720289506469 ], [ -121.234468934755, 36.8716989510026 ], [ -121.234288934481, 36.871056950801098 ], [ -121.234695934479006, 36.870108950371403 ], [ -121.236084934608002, 36.868109950208598 ], [ -121.236783934810006, 36.867299950226602 ], [ -121.238819934722997, 36.865447949661998 ], [ -121.242664934567998, 36.8593449491093 ], [ -121.243658934929996, 36.858119948937102 ], [ -121.245121933975994, 36.856421948840598 ], [ -121.249559934844001, 36.851118948088498 ], [ -121.250331934298998, 36.8503749472086 ], [ -121.251937934400004, 36.849485947784601 ], [ -121.252495934186001, 36.848146947000203 ], [ -121.255337934443006, 36.844500946903402 ], [ -121.255845934727006, 36.843945946690503 ], [ -121.257018935092006, 36.842516946078497 ], [ -121.262833934960994, 36.835702945758101 ], [ -121.262888935264996, 36.835644945016497 ], [ -121.267190934954002, 36.831102944914697 ], [ -121.269755934689996, 36.828469943907699 ], [ -121.272888934866998, 36.825251943689302 ], [ -121.279749935601998, 36.818425942638903 ], [ -121.280187935385001, 36.8181959426527 ], [ -121.281124935611004, 36.8178589421751 ], [ -121.281139935721001, 36.818174942469803 ], [ -121.281128935839007, 36.8186819429895 ], [ -121.281120935925998, 36.818869942958599 ], [ -121.281105935761005, 36.818948942606397 ], [ -121.281102936243997, 36.818995942757198 ], [ -121.281115936220999, 36.819057942403802 ], [ -121.281140936425999, 36.8191149425692 ], [ -121.281170935923001, 36.8191689428904 ], [ -121.281360936338999, 36.819443942994702 ], [ -121.281388936227003, 36.819495942463597 ], [ -121.281433936265003, 36.819613943114597 ], [ -121.281446935638996, 36.819667942699297 ], [ -121.281463935716999, 36.819850942713003 ], [ -121.281473936341996, 36.820429942481503 ], [ -121.281520936267995, 36.821580943097999 ], [ -121.281549935986007, 36.821960942761798 ], [ -121.281556936838001, 36.822174943053 ], [ -121.281579936976996, 36.822556943027102 ], [ -121.281687936443006, 36.824316943344797 ], [ -121.285148937532995, 36.824273942867997 ], [ -121.290958937651993, 36.8242579428535 ], [ -121.291364938160001, 36.824258942559098 ], [ -121.292426938033003, 36.824249942575797 ], [ -121.292752938423007, 36.824246941924599 ], [ -121.294558938793003, 36.824252942000498 ], [ -121.294802938244004, 36.824258942317698 ], [ -121.299824939602999, 36.824292941551001 ], [ -121.301384940153, 36.824327942071001 ], [ -121.304471940282994, 36.824321941658297 ], [ -121.304904940605994, 36.824324941650303 ], [ -121.306160939932994, 36.824377941287302 ], [ -121.306739940276998, 36.824382941725197 ], [ -121.306882940451999, 36.824378941312503 ], [ -121.307225940142004, 36.824358941685297 ], [ -121.307384941097993, 36.824344941342702 ], [ -121.307996940973993, 36.824263941154499 ], [ -121.308532940457994, 36.824168941156898 ], [ -121.309224940467004, 36.824025941062501 ], [ -121.310759940978997, 36.823597941083797 ], [ -121.310903941408995, 36.823565940956698 ], [ -121.311020940963999, 36.823553940948599 ], [ -121.311146941421001, 36.823549940717399 ], [ -121.311443941345999, 36.8235759412823 ], [ -121.311981941474002, 36.823681941092303 ], [ -121.313139941615006, 36.823856940446703 ], [ -121.313429941115999, 36.823890941070196 ], [ -121.313818941836004, 36.823947941052801 ], [ -121.314244941935996, 36.823994940971097 ], [ -121.314401941381007, 36.8240059411388 ], [ -121.314592942153993, 36.824011940960403 ], [ -121.315536941684002, 36.824008940552098 ], [ -121.316012941639997, 36.823996940476697 ], [ -121.316257941472003, 36.8239809406479 ], [ -121.316717941541, 36.8239409407647 ], [ -121.317222942228994, 36.823902940677002 ], [ -121.317556942240998, 36.823855940541499 ], [ -121.317651942633006, 36.823842940257499 ], [ -121.317780942176995, 36.8238189408385 ], [ -121.317854941666994, 36.8238049408112 ], [ -121.318128942534997, 36.823730940349499 ], [ -121.318205941971001, 36.823713940543598 ], [ -121.318268942556998, 36.823682940222199 ], [ -121.318414942003002, 36.823607940423898 ], [ -121.318478942652007, 36.823557940275897 ], [ -121.318574941860007, 36.8234639407898 ], [ -121.318668941991007, 36.823358940336902 ], [ -121.319051942379005, 36.822971940710197 ], [ -121.319328942241995, 36.822675940468002 ], [ -121.319408942804998, 36.822595939898697 ], [ -121.319547942707004, 36.822475940442203 ], [ -121.319725941767004, 36.8223469398704 ], [ -121.319976941940993, 36.822184940657003 ], [ -121.320108942475002, 36.822116940604197 ], [ -121.320557942397002, 36.821852939770302 ], [ -121.320746942379998, 36.821759940241698 ], [ -121.320923942302002, 36.821678939843899 ], [ -121.321354942322003, 36.821465940125996 ], [ -121.321486942655994, 36.821414940199503 ], [ -121.321549941995997, 36.821396940192201 ], [ -121.321623942445996, 36.8213859403794 ], [ -121.322258942627002, 36.821363940080602 ], [ -121.322807942303996, 36.821362939992099 ], [ -121.322982942636997, 36.821366939748202 ], [ -121.323166942544006, 36.821379939763197 ], [ -121.323515943293003, 36.821419939860498 ], [ -121.323639942515001, 36.821438939835197 ], [ -121.323793942690003, 36.821468940135702 ], [ -121.32400594277, 36.8215249399492 ], [ -121.324229943212003, 36.821596939564898 ], [ -121.324385943180999, 36.821653940142703 ], [ -121.324620942958006, 36.821757939983101 ], [ -121.325126942734997, 36.8219579395574 ], [ -121.325367943084004, 36.822061940128499 ], [ -121.325661943346006, 36.822182940255701 ], [ -121.326016943183006, 36.822365939592103 ], [ -121.326265942899994, 36.822516939591203 ], [ -121.326536943655995, 36.822707940198796 ], [ -121.326649943890999, 36.8227959397665 ], [ -121.326754943078001, 36.822884939732901 ], [ -121.327042943156997, 36.823172940003701 ], [ -121.327248943235006, 36.823349939886697 ], [ -121.327381943389, 36.823441939906999 ], [ -121.327474943124002, 36.823497939456402 ], [ -121.327710943669999, 36.823623940111197 ], [ -121.328051943684997, 36.823789939663598 ], [ -121.329217943800998, 36.824402940055599 ], [ -121.329614943522003, 36.824637939566003 ], [ -121.330033944009998, 36.824909940163401 ], [ -121.330159943815005, 36.825009939549702 ], [ -121.330601944585993, 36.825403939610503 ], [ -121.331009944813999, 36.825824939408299 ], [ -121.331092944518005, 36.825900940135 ], [ -121.331322944120998, 36.826084939406698 ], [ -121.331474944020997, 36.826194939645703 ], [ -121.331584944686995, 36.826263939869797 ], [ -121.331780944338007, 36.826365939746097 ], [ -121.331955945081006, 36.826447940182803 ], [ -121.332235945232995, 36.826571939997699 ], [ -121.333147944510003, 36.8269439399376 ], [ -121.333877944456006, 36.827251939485301 ], [ -121.333926944799998, 36.827272939780599 ], [ -121.334370945507999, 36.827451939373198 ], [ -121.334773945270001, 36.827591940083998 ], [ -121.334908944686006, 36.827632939944202 ], [ -121.335092945474997, 36.8276829397185 ], [ -121.335206945593001, 36.8277089399513 ], [ -121.335457945529001, 36.827752940069502 ], [ -121.335664945622, 36.827776939337298 ], [ -121.335845944919001, 36.827791939414702 ], [ -121.336026945525006, 36.827797939385199 ], [ -121.336235945496995, 36.8277989393086 ], [ -121.336515945124006, 36.827784939428803 ], [ -121.336929945397998, 36.827735939904898 ], [ -121.337154945224, 36.8276919398172 ], [ -121.337620945097996, 36.827578939732703 ], [ -121.338087945731004, 36.827439939181303 ], [ -121.338628946026006, 36.827266939305197 ], [ -121.338819945325, 36.8272149390558 ], [ -121.338976945688998, 36.8271819392439 ], [ -121.339154945507005, 36.827138939526598 ], [ -121.339365945295995, 36.827098939477303 ], [ -121.339605945399001, 36.827063939101002 ], [ -121.339728945591006, 36.8270509389138 ], [ -121.339886946302997, 36.827039939185703 ], [ -121.340013946485996, 36.827035939487601 ], [ -121.340129945821005, 36.827039938982502 ], [ -121.340378945824, 36.827047938937397 ], [ -121.340533945648005, 36.827056939361398 ], [ -121.340822945986005, 36.827083939022003 ], [ -121.341074946652995, 36.827129939566497 ], [ -121.341330945877004, 36.827189939651703 ], [ -121.341594945813, 36.827264938898601 ], [ -121.341829946198004, 36.827345939032902 ], [ -121.341996946193007, 36.827409938886902 ], [ -121.342150946513996, 36.8274819393638 ], [ -121.342389946477994, 36.827606938751501 ], [ -121.342520946514, 36.827685939567601 ], [ -121.342698946284003, 36.827802939238701 ], [ -121.342849946843003, 36.827911938955303 ], [ -121.343070946352, 36.828091938958003 ], [ -121.343247946486002, 36.828262939260803 ], [ -121.343376946977997, 36.828409939502599 ], [ -121.343550946573998, 36.828631939549403 ], [ -121.343621946281004, 36.828740939461298 ], [ -121.343890947290006, 36.829217939535603 ], [ -121.344102947376996, 36.829578939166502 ], [ -121.344259946522996, 36.829860938936001 ], [ -121.344463946923, 36.8302439391626 ], [ -121.344561946726998, 36.830393939011998 ], [ -121.344642947137004, 36.830498938924997 ], [ -121.344897947364998, 36.830793939060399 ], [ -121.345047947039006, 36.830938939713597 ], [ -121.345196947323004, 36.831065939428598 ], [ -121.345348947480005, 36.831179939211097 ], [ -121.345529947285002, 36.831298939268301 ], [ -121.345649947704004, 36.8313719392428 ], [ -121.346117947815998, 36.831610939159503 ], [ -121.346488947923007, 36.8317559393331 ], [ -121.346846947689002, 36.831861939453702 ], [ -121.346998947415003, 36.831897939622699 ], [ -121.347142947283999, 36.831924939220301 ], [ -121.347502947443004, 36.831975939124597 ], [ -121.347907947286998, 36.831997938906603 ], [ -121.348265947832999, 36.832002939153902 ], [ -121.349353947962996, 36.832002938768802 ], [ -121.349887947832002, 36.832003938817003 ], [ -121.350191948320003, 36.832000938980698 ], [ -121.350650948269006, 36.831996938989597 ], [ -121.354752948547002, 36.832016938490597 ], [ -121.358732949715005, 36.832036938335797 ], [ -121.361524950299, 36.832034938443599 ], [ -121.361915950389005, 36.832044937923101 ], [ -121.362078949502006, 36.832058938375198 ], [ -121.362244949401997, 36.832082938300204 ], [ -121.362330949495004, 36.832102938514097 ], [ -121.362430950062006, 36.832132938054798 ], [ -121.362648949784997, 36.832209937891598 ], [ -121.362798949603004, 36.832268937784399 ], [ -121.363115949887003, 36.832428938076099 ], [ -121.363397949681001, 36.832592938297701 ], [ -121.363468950660007, 36.832644938610301 ], [ -121.363508949896996, 36.832674938165702 ], [ -121.363587950611006, 36.832754938042498 ], [ -121.363623949788007, 36.832803938593898 ], [ -121.363667950418005, 36.8328569381923 ], [ -121.363671949991001, 36.833377937823798 ], [ -121.363671950012005, 36.833390938222301 ], [ -121.363669950960002, 36.834877938487899 ], [ -121.363669950515998, 36.836209938765101 ], [ -121.363692950441006, 36.838151938258498 ], [ -121.363693951269994, 36.838269938725503 ], [ -121.363698951318, 36.839100938539197 ], [ -121.363694951184002, 36.839214939142103 ], [ -121.363872950917994, 36.839253939173702 ], [ -121.363924951157003, 36.839250938772103 ], [ -121.363951951062006, 36.839250939035402 ], [ -121.363941950910004, 36.839212938947398 ], [ -121.363933951017003, 36.839179939155997 ], [ -121.363967950806, 36.839181939084398 ], [ -121.364486950626002, 36.839181938542097 ], [ -121.364815950849007, 36.839165938684403 ], [ -121.365164951606005, 36.839149938564603 ], [ -121.367501951088002, 36.839146938285602 ], [ -121.367945950986993, 36.839142938286798 ], [ -121.368275951163994, 36.839143938844103 ], [ -121.368797952039998, 36.839153938044497 ], [ -121.369001951315994, 36.839145938192601 ], [ -121.369233952238005, 36.8391359385583 ], [ -121.369366951540002, 36.839123938512799 ], [ -121.369527951606997, 36.839099938386099 ], [ -121.369587951884, 36.839087938324802 ], [ -121.369614951881999, 36.8390829379831 ], [ -121.369797951980004, 36.839034938655999 ], [ -121.369934952294997, 36.8389909381157 ], [ -121.370295952259994, 36.838895937917599 ], [ -121.370649951825996, 36.838794938602597 ], [ -121.370879952218004, 36.838731938077302 ], [ -121.370881952100007, 36.838775938593997 ], [ -121.371076952207005, 36.838723938352999 ], [ -121.371179952084006, 36.838691938557098 ], [ -121.371278952397006, 36.838666938331897 ], [ -121.371374952026997, 36.838637938454397 ], [ -121.371439951479005, 36.838623937999003 ], [ -121.371576951536994, 36.838592937756403 ], [ -121.371719952364998, 36.838568938605299 ], [ -121.371905952117999, 36.838552938470698 ], [ -121.372148951805997, 36.838562938312101 ], [ -121.372507952099994, 36.838579938466502 ], [ -121.373236952295002, 36.838612938191702 ], [ -121.373376952455004, 36.838616938269297 ], [ -121.373896952633999, 36.838633938260699 ], [ -121.374207952923996, 36.838645937726298 ], [ -121.374366952637004, 36.838652937596599 ], [ -121.374597952740999, 36.838661937814798 ], [ -121.374863953089005, 36.838674938237901 ], [ -121.375071952159004, 36.838684938362 ], [ -121.375113952796994, 36.8386869383069 ], [ -121.375465952514006, 36.838695937885497 ], [ -121.375534952962994, 36.838697938040397 ], [ -121.376840952430996, 36.8387529376106 ], [ -121.376840953271, 36.838708937882799 ], [ -121.376852952331006, 36.838296937508503 ], [ -121.376874952585993, 36.837897937742902 ], [ -121.376893952497994, 36.837489937352302 ], [ -121.376908952142998, 36.837077937537998 ], [ -121.376908953045003, 36.836979937590499 ], [ -121.376929953090993, 36.8363549373476 ], [ -121.376973952727994, 36.835632937903597 ], [ -121.376995952201, 36.8349019372003 ], [ -121.377103952095993, 36.834891937517902 ], [ -121.377236952237993, 36.8348909376923 ], [ -121.378021952639003, 36.834912937786001 ], [ -121.379309952780005, 36.834968937259902 ], [ -121.380714952836996, 36.835027937535202 ], [ -121.380793953297996, 36.835013936796301 ], [ -121.381043952856999, 36.834943937210298 ], [ -121.381184952652006, 36.834919937557899 ], [ -121.381197953072999, 36.835498936797599 ], [ -121.381336952669997, 36.835518936992003 ], [ -121.381329953193998, 36.835722937159701 ], [ -121.381315953232999, 36.836064937348901 ], [ -121.381299953688, 36.836330937090999 ], [ -121.381272952838998, 36.837308937351303 ], [ -121.381250952920993, 36.837742937408898 ], [ -121.381210953807994, 36.838886937162897 ], [ -121.381207953724001, 36.838923937614702 ], [ -121.381709953934006, 36.838949937845499 ], [ -121.381700953109004, 36.838903937871599 ], [ -121.384216954346996, 36.8390049375678 ], [ -121.384453953841003, 36.839013936956299 ], [ -121.384543953543997, 36.839020937585303 ], [ -121.384541954247993, 36.839097937246201 ], [ -121.384518953793005, 36.839611937592601 ], [ -121.384479954748002, 36.840486937142799 ], [ -121.384397954856993, 36.841800937279402 ], [ -121.384384954859001, 36.842015937516699 ], [ -121.384378954560006, 36.8421089380507 ], [ -121.384370954434004, 36.8421689374346 ], [ -121.384142954601998, 36.8433439374556 ], [ -121.384098954934004, 36.843661938018698 ], [ -121.384052954590999, 36.844311937550202 ], [ -121.383972954748003, 36.845865937982403 ], [ -121.383900954737996, 36.847259938330801 ], [ -121.383889954973, 36.847460937834299 ], [ -121.383885955357002, 36.847521938082998 ], [ -121.383803954366002, 36.847518938182397 ], [ -121.383798954558998, 36.847722937794501 ], [ -121.383789954891, 36.848303938381001 ], [ -121.383875955305996, 36.848306937833001 ], [ -121.383878955572001, 36.848974938389603 ], [ -121.383843955515005, 36.849653938182399 ], [ -121.383816955276998, 36.850324938500897 ], [ -121.383779954814997, 36.850993938728799 ], [ -121.383692955342994, 36.8509909383489 ], [ -121.383671955094997, 36.851362938143502 ], [ -121.383661955007994, 36.8516979383338 ], [ -121.383754955830995, 36.851703938864901 ], [ -121.383983955586999, 36.8517099382262 ], [ -121.384195955783994, 36.851714938650602 ], [ -121.384252955826994, 36.851763938710697 ], [ -121.384198955463006, 36.8518309387009 ], [ -121.384157955806998, 36.852707938665603 ], [ -121.384007955672999, 36.8559499385726 ], [ -121.384574955393006, 36.855972939120498 ], [ -121.386152955596998, 36.856016938813802 ], [ -121.387326956086994, 36.856060938643701 ], [ -121.388764957095006, 36.856124938114299 ], [ -121.389119956873003, 36.856138938462699 ], [ -121.390541956353999, 36.856197938852397 ], [ -121.390749957436995, 36.856204938771199 ], [ -121.390901957384997, 36.856209938155096 ], [ -121.390903957185998, 36.856398938779797 ], [ -121.390916957029006, 36.856775938710499 ], [ -121.390927956853005, 36.8571079386981 ], [ -121.390927956572, 36.857458938249401 ], [ -121.390916957328997, 36.857764938546602 ], [ -121.390910957255997, 36.858026938276303 ], [ -121.390815957271002, 36.859789938786797 ], [ -121.390779957768999, 36.860053938514199 ], [ -121.390678956870005, 36.861514938819703 ], [ -121.390703957344002, 36.861871938904997 ], [ -121.390711957568001, 36.862036938579102 ], [ -121.390726957205999, 36.862211939282602 ], [ -121.390736957100998, 36.862330938706997 ], [ -121.390742957034007, 36.8624119391134 ], [ -121.390746957963003, 36.862468939317701 ], [ -121.390802957850994, 36.862608939350402 ], [ -121.390876957616996, 36.862783938650402 ], [ -121.390940957677998, 36.862942939312902 ], [ -121.391008957615995, 36.863127939130898 ], [ -121.391329958252996, 36.863632939453503 ], [ -121.391705957387998, 36.863945939119802 ], [ -121.391874957902999, 36.864045938677599 ], [ -121.392285958326994, 36.864332939210101 ], [ -121.392926957586994, 36.864615938766697 ], [ -121.393061958659004, 36.864635938754297 ], [ -121.393747958347006, 36.864735938848703 ], [ -121.394283958412004, 36.864795938723098 ], [ -121.394964958363005, 36.864854938624198 ], [ -121.395630958907006, 36.864882938644499 ], [ -121.397601959046995, 36.864984938762198 ], [ -121.397944958454005, 36.865002938685898 ], [ -121.399593959035997, 36.865050938717602 ], [ -121.400091958969, 36.865057938768501 ], [ -121.400903959630995, 36.865096938437802 ], [ -121.401323959695006, 36.865098938925698 ], [ -121.401313958906002, 36.8651819380623 ], [ -121.401299959027, 36.8652869385363 ], [ -121.401475959856, 36.865289938063597 ], [ -121.401420959559005, 36.866311938241601 ], [ -121.401362959527006, 36.867210938793697 ], [ -121.401364959964994, 36.867565938449196 ], [ -121.401332959499996, 36.868778938532401 ], [ -121.401293960171003, 36.869377938681502 ], [ -121.401162959934993, 36.871220939359397 ], [ -121.401045959767998, 36.873146938855399 ], [ -121.400928960192005, 36.874786939318597 ] ] ] } },
{ "type": "Feature", "properties": { "FID": 2, "ID": 3, "AREA": 75.36, "DISTRICT": "2", "NAME": "District 2", "POPULATION": 12917, "HISPANIC": 8498, "WHITE": 3426, "BLACK": 108, "NATIVEAMER": 129, "ASIAN": 483, "PACIFICISL": 49, "OTHER": 157, "OTHERMULTI": 68, "VAP_TOTAL": 9648, "VAP_LATINO": 6103, "VAP_WHITE": 2992, "VAP_BLACK": 94, "VAP_NATIVE": 104, "VAP_ASIAN": 383, "VAP_PACIFI": 35, "VAP_OTHER": 132, "VAP_OTHERM": 41, "CVAP_TOTAL": 7495.994508, "CVAP_LATIN": 3894.4334, "CVAP_WHITE": 3046.468, "CVAP_BLACK": 96.1898, "CVAP_ASIAN": 369.1757, "CVAP_NATIV": 62.4731, "CVAP_OTHER": 27.2545, "IDEAL_VALU": 12867, "DEVIATION": 50, "Supervisor": "Kollin Kosmicki", "Email": "supervisorkosmicki@cosb.us", "Website": "https://www.cosb.us/government/county-of-san-benito-board-of-supervisors-bos", "Image": "https://www.cosb.us/home/showpublishedimage/1828/637723282732830000", "DIST_ID": 2, "DIST_NAME": "2", "SHAPE_Leng": 0.926287, "DX_DEV": 50, "SUP_NAME": "Kollin Kosmicki", "Shape__Are": 362907727.37900001, "Shape__Len": 116360.576205, "Shape__Area": 2100580926.7998047, "Shape__Length": 242482.07340660383, "Hispanic2": 8498, "POP2": 12917, "Afr2": 108, "AMer2": 129, "Asian2": 485, "Haw2": 49, "Other2": 157, "OtherM2": 68, "Whi2": 3426 }, "geometry": { "type": "Polygon", "coordinates": [ [ [ -121.548133974872002, 36.794483922534098 ], [ -121.556431976549007, 36.801835921836499 ], [ -121.556490976362994, 36.801882922074803 ], [ -121.556571976098994, 36.801959922185702 ], [ -121.559209976739993, 36.804295921861502 ], [ -121.560115977619006, 36.805098922039001 ], [ -121.560520977902996, 36.805458922048103 ], [ -121.560575977663007, 36.805507921768999 ], [ -121.563171978233001, 36.807805921927297 ], [ -121.574750981131999, 36.818056922363297 ], [ -121.574780981377003, 36.818083922221398 ], [ -121.582260982608005, 36.824441922746701 ], [ -121.582380982912994, 36.824544922477003 ], [ -121.582747982833993, 36.8248549226157 ], [ -121.590297984664005, 36.831159922433898 ], [ -121.592626985763999, 36.8331049226028 ], [ -121.597112986317001, 36.836853922621003 ], [ -121.597710986354997, 36.8373549224142 ], [ -121.602300987885002, 36.839017922582499 ], [ -121.603135987456, 36.839320922367399 ], [ -121.605043988307997, 36.840012922644298 ], [ -121.608651988572007, 36.841320922003597 ], [ -121.611662989188005, 36.842413922376799 ], [ -121.612011988972995, 36.842538922349 ], [ -121.612228988913998, 36.842617921976 ], [ -121.612467989227, 36.842704922188602 ], [ -121.613536990154998, 36.843092921617703 ], [ -121.614000989646001, 36.843262921822401 ], [ -121.614551990061997, 36.843465921780201 ], [ -121.619821991267003, 36.845380921964001 ], [ -121.622101991831997, 36.846207921260401 ], [ -121.622677991139994, 36.847724921598903 ], [ -121.622995992019995, 36.848099921557399 ], [ -121.625528991959001, 36.851088922084998 ], [ -121.626065992969998, 36.851723921672601 ], [ -121.627904993075006, 36.854194921816401 ], [ -121.628871992859004, 36.855494921933399 ], [ -121.628961993228003, 36.855604921852397 ], [ -121.629329993759995, 36.856055921502701 ], [ -121.629677993317003, 36.856480922318198 ], [ -121.630044993587006, 36.856928921885199 ], [ -121.630118994078003, 36.857032922168301 ], [ -121.630257993203998, 36.857220922018001 ], [ -121.630888994209002, 36.85807192227 ], [ -121.630901994265997, 36.858089921815598 ], [ -121.637533995425997, 36.867036922586003 ], [ -121.638150995890996, 36.8678679223747 ], [ -121.642434996770007, 36.873514922362503 ], [ -121.642468997642993, 36.873559922888397 ], [ -121.642521997770004, 36.873629922560703 ], [ -121.642577996913005, 36.873704922258597 ], [ -121.642549997041996, 36.8737679225435 ], [ -121.642544996856998, 36.8737789221776 ], [ -121.642392997906001, 36.874187922773402 ], [ -121.642297997368999, 36.874526922684801 ], [ -121.642263996889994, 36.874693923147497 ], [ -121.642207997298001, 36.8749669227645 ], [ -121.642195997629003, 36.8750259226738 ], [ -121.642171997074996, 36.875141923012499 ], [ -121.641922997315007, 36.876355922738497 ], [ -121.641754997449993, 36.877173922535903 ], [ -121.641608997573996, 36.8778889230395 ], [ -121.641577997750005, 36.878039923004799 ], [ -121.641500997766997, 36.878412922852696 ], [ -121.641427998048002, 36.878753923372898 ], [ -121.641401997268005, 36.878874923077497 ], [ -121.641390997209001, 36.878925923476899 ], [ -121.641375998149002, 36.878998922881202 ], [ -121.641319997742997, 36.879420922941001 ], [ -121.641296998295999, 36.879830923241499 ], [ -121.641326997876007, 36.880254923361903 ], [ -121.641401997678997, 36.880799923443099 ], [ -121.641517997579996, 36.881340923401602 ], [ -121.641661998553005, 36.881834923794102 ], [ -121.641670998120006, 36.881866923257803 ], [ -121.641965998214005, 36.882785923189203 ], [ -121.642068998268002, 36.883108923207502 ], [ -121.642086998723002, 36.8831759230833 ], [ -121.642141998593004, 36.883379923301 ], [ -121.642213997815006, 36.883649923188599 ], [ -121.642309998128994, 36.884163923104097 ], [ -121.642323998259002, 36.884247923238199 ], [ -121.642356998306994, 36.884438923450197 ], [ -121.642395998994004, 36.8846619235376 ], [ -121.642451998572994, 36.884992923473803 ], [ -121.642516998789006, 36.885366923558003 ], [ -121.642530998162002, 36.885448923273501 ], [ -121.642587998834003, 36.885779923511997 ], [ -121.642613998187997, 36.885930923528001 ], [ -121.642651998445999, 36.886144923537202 ], [ -121.642712999132002, 36.886485923766301 ], [ -121.642900998583002, 36.887538924168403 ], [ -121.643086998978006, 36.888597923524003 ], [ -121.643203998914998, 36.889378923996098 ], [ -121.643246998755004, 36.889651924396297 ], [ -121.643255998680004, 36.889707923928 ], [ -121.643284999743003, 36.889877923729898 ], [ -121.643393999045003, 36.890515924320098 ], [ -121.643425999683998, 36.890700924242999 ], [ -121.643469999863996, 36.890960923716101 ], [ -121.643638999204995, 36.891849924338601 ], [ -121.643669999571003, 36.891993924246798 ], [ -121.643682999283001, 36.8920559238923 ], [ -121.643922999930993, 36.893328923811801 ], [ -121.643984999441003, 36.893654924590003 ], [ -121.644010000291999, 36.893881924165598 ], [ -121.644013999387994, 36.894000924423899 ], [ -121.644010000199998, 36.894018924458301 ], [ -121.642809999757006, 36.894635924326302 ], [ -121.641885999538005, 36.895399924771198 ], [ -121.639746999712997, 36.897078924517501 ], [ -121.638607999384007, 36.898003925021598 ], [ -121.638115999581004, 36.898331925219203 ], [ -121.637849999408999, 36.899512924964 ], [ -121.636446999784994, 36.901278925748301 ], [ -121.633157999717994, 36.906658926366099 ], [ -121.630736999435996, 36.909687926996099 ], [ -121.629501999789994, 36.911685926833002 ], [ -121.629469998960005, 36.911692926478501 ], [ -121.628431999046001, 36.911824927330997 ], [ -121.627774999072003, 36.911469927027703 ], [ -121.627003998589998, 36.911435927315999 ], [ -121.626313999315997, 36.911398927413998 ], [ -121.626067998420993, 36.910812926699499 ], [ -121.625027998391005, 36.910279926636697 ], [ -121.623692998709004, 36.910019926884502 ], [ -121.622962998424001, 36.909535926729703 ], [ -121.621371997306994, 36.908626926767901 ], [ -121.619773997977006, 36.908915926869497 ], [ -121.615709996483005, 36.904997927175202 ], [ -121.607366995286, 36.899456927006 ], [ -121.607315994428006, 36.8994609276265 ], [ -121.598649993337006, 36.900350928324698 ], [ -121.597502993107994, 36.900468927748001 ], [ -121.597457993053993, 36.9004829280886 ], [ -121.597426993214995, 36.900485928295801 ], [ -121.594773993537004, 36.901092928211398 ], [ -121.590853992026993, 36.901151928245397 ], [ -121.588866991813006, 36.901256928961601 ], [ -121.586402991401002, 36.9010019291118 ], [ -121.585966992012999, 36.900956929131901 ], [ -121.581366990993004, 36.899156928838401 ], [ -121.580915990405003, 36.898943929018799 ], [ -121.580630990328004, 36.898715929077703 ], [ -121.580361990518995, 36.898526929440202 ], [ -121.580332990697002, 36.898499929025398 ], [ -121.580165990485995, 36.898290928837298 ], [ -121.580116990058002, 36.898192928728001 ], [ -121.580091990059998, 36.898163929021003 ], [ -121.580006990372993, 36.897999928758502 ], [ -121.579952990018, 36.897756929222702 ], [ -121.579930989805007, 36.897616929369001 ], [ -121.579910989840997, 36.897548928847499 ], [ -121.579871990132006, 36.897448928813802 ], [ -121.579840990318004, 36.897382928926497 ], [ -121.579721990167002, 36.897044929102599 ], [ -121.579701990565994, 36.896976929437201 ], [ -121.579697990404, 36.896940929144002 ], [ -121.579672990652, 36.8968369291225 ], [ -121.579631990612995, 36.896735929174497 ], [ -121.579507990048, 36.896588928913602 ], [ -121.579399989620995, 36.896476928911198 ], [ -121.579380990291, 36.896444929317497 ], [ -121.579326989981993, 36.896389928550697 ], [ -121.579302990260004, 36.896358929284801 ], [ -121.579272990296005, 36.896292929314797 ], [ -121.579149989718005, 36.8961029287942 ], [ -121.579125989919007, 36.8960729292222 ], [ -121.579095990219002, 36.896006929203097 ], [ -121.579007990500997, 36.895881929112903 ], [ -121.578932990021002, 36.895792928961797 ], [ -121.578901990106004, 36.895767929347599 ], [ -121.578817990157006, 36.895685929341603 ], [ -121.578765990459999, 36.895627929264897 ], [ -121.578679990490997, 36.895546928765 ], [ -121.578470990382002, 36.8953639290851 ], [ -121.578417989762002, 36.895306928543 ], [ -121.578208989833001, 36.895123929319197 ], [ -121.578062989995999, 36.894988929124104 ], [ -121.577929989398996, 36.894892928943698 ], [ -121.577823989221997, 36.894826928649799 ], [ -121.577749989278999, 36.894786928868299 ], [ -121.577613989753004, 36.8946939290907 ], [ -121.577333989327997, 36.894462929101202 ], [ -121.577252989951006, 36.894377929070103 ], [ -121.577083990035007, 36.894169928809298 ], [ -121.577055990020995, 36.894101929009103 ], [ -121.577030989134002, 36.894072928704901 ], [ -121.576973989186001, 36.893976928871801 ], [ -121.576929989462997, 36.893876929321699 ], [ -121.576919989041997, 36.893842928826999 ], [ -121.576874989185995, 36.893743928907199 ], [ -121.576829988900997, 36.8936819287783 ], [ -121.576754989500998, 36.893593928818603 ], [ -121.576723989201, 36.893567928942097 ], [ -121.576541989454995, 36.893465928557298 ], [ -121.576458989412004, 36.893437928496901 ], [ -121.576371989367999, 36.893422928999001 ], [ -121.576241989378005, 36.8933939287488 ], [ -121.576158989603996, 36.893369929186697 ], [ -121.576127989593999, 36.893343929154099 ], [ -121.575930989507995, 36.893151928676097 ], [ -121.575809989147004, 36.893047928541897 ], [ -121.575775988841002, 36.893023928518502 ], [ -121.575737989439006, 36.893004928547903 ], [ -121.575652989111006, 36.892980928479801 ], [ -121.575608989406007, 36.892987928940101 ], [ -121.575456989407002, 36.893023928831198 ], [ -121.575414988858995, 36.893037929305997 ], [ -121.575277989159005, 36.893128928790702 ], [ -121.575118989401005, 36.893250929283603 ], [ -121.575059988866002, 36.893303929074598 ], [ -121.575026988960005, 36.893326928677098 ], [ -121.574952988771003, 36.893413929393098 ], [ -121.574842988873996, 36.893525928766003 ], [ -121.574794989447994, 36.893585929331003 ], [ -121.574682989118003, 36.893815929372302 ], [ -121.574658989623998, 36.893883929115397 ], [ -121.574627989438, 36.893949928729498 ], [ -121.574566989569007, 36.894118928687298 ], [ -121.574529989517004, 36.894257929290902 ], [ -121.574524989476004, 36.894292929115103 ], [ -121.574505988924997, 36.894324929287798 ], [ -121.574480989391006, 36.894391929155901 ], [ -121.574404989135004, 36.894519928847103 ], [ -121.574397989001994, 36.894554929365597 ], [ -121.574364989423998, 36.894620929578103 ], [ -121.574284988941002, 36.894747929054503 ], [ -121.574253989509003, 36.894812928801201 ], [ -121.574208989363001, 36.894986928761398 ], [ -121.574184989117001, 36.895054929290303 ], [ -121.574094988881996, 36.8952159290655 ], [ -121.574009988919997, 36.895340929241598 ], [ -121.573955988685995, 36.895396928997698 ], [ -121.573924989019005, 36.895422929439299 ], [ -121.573843989596, 36.8955069294311 ], [ -121.573819988886996, 36.8955369295007 ], [ -121.573789988819996, 36.895563928841597 ], [ -121.573753989218005, 36.895584929179101 ], [ -121.573693988808003, 36.895635929549201 ], [ -121.573496989136004, 36.895779929269203 ], [ -121.573427988744001, 36.895824929272599 ], [ -121.573200989428997, 36.895993929151103 ], [ -121.573165989195999, 36.896015929150401 ], [ -121.572961989198006, 36.896204929206 ], [ -121.572838989222006, 36.8963079293272 ], [ -121.572647989185995, 36.896457929294598 ], [ -121.572571989272006, 36.8964969296078 ], [ -121.572446989563005, 36.896534929832498 ], [ -121.572402989489007, 36.896542929690902 ], [ -121.572327989387006, 36.896581929063601 ], [ -121.572294989243005, 36.896605929378197 ], [ -121.572216989053004, 36.8966409294272 ], [ -121.572109989393994, 36.896704929671699 ], [ -121.571865989280994, 36.896863929399203 ], [ -121.571790988957005, 36.896901929601199 ], [ -121.571722988562001, 36.896947929313299 ], [ -121.571647988875, 36.896986929132197 ], [ -121.571607988682004, 36.897001929961398 ], [ -121.571531988827005, 36.8970409295842 ], [ -121.571491989338995, 36.897056929180899 ], [ -121.571406988538996, 36.897079929324597 ], [ -121.571316989395996, 36.897096929492101 ], [ -121.571144989489994, 36.897129929152797 ], [ -121.570613988413001, 36.897204929496603 ], [ -121.570527988837995, 36.897222929325601 ], [ -121.570010988264002, 36.897223929426097 ], [ -121.569876989085998, 36.897219930047797 ], [ -121.569787989255005, 36.897211929803902 ], [ -121.569517988639006, 36.897222929420799 ], [ -121.569293988794996, 36.897241930101899 ], [ -121.569204988411997, 36.897241929929301 ], [ -121.569117988407996, 36.897234930104702 ], [ -121.568806988605999, 36.897230929899997 ], [ -121.568719988688002, 36.8972269298567 ], [ -121.568588988526997, 36.897210930117602 ], [ -121.568501988150999, 36.897195929363498 ], [ -121.568368988025, 36.897182930057298 ], [ -121.568055988016994, 36.897167929749699 ], [ -121.567967988896001, 36.897155929402103 ], [ -121.567880988758006, 36.897137929926799 ], [ -121.567702988335, 36.897116929618001 ], [ -121.567522988614002, 36.897111929692997 ], [ -121.566935987771004, 36.897077929542903 ], [ -121.566566988356001, 36.896946930310698 ], [ -121.566481988190006, 36.896924929467303 ], [ -121.566406988533998, 36.896885929531798 ], [ -121.566374988191001, 36.896859929578 ], [ -121.566305987937994, 36.896814929559 ], [ -121.566231987814007, 36.896774929972501 ], [ -121.566153988240004, 36.896738930345599 ], [ -121.565910988013002, 36.896645930004098 ], [ -121.565827987526006, 36.896617929817303 ], [ -121.565652988557005, 36.896589929820003 ], [ -121.565231988460994, 36.896471930140599 ], [ -121.565058987819995, 36.8964359300914 ], [ -121.564609988333999, 36.896390930021802 ], [ -121.564296987421002, 36.8963749301695 ], [ -121.564118988242996, 36.896349930171603 ], [ -121.563893987721997, 36.896344929964698 ], [ -121.563849988030995, 36.896339930262002 ], [ -121.563806987983, 36.896327929979797 ], [ -121.563404987355995, 36.896277930295902 ], [ -121.563269987736007, 36.896279929818299 ], [ -121.563134988013005, 36.896289929671497 ], [ -121.563089988203998, 36.8962879304677 ], [ -121.562955987251001, 36.896269930009304 ], [ -121.562913987875007, 36.896256929869303 ], [ -121.560284987656999, 36.8971159299359 ], [ -121.560271986794007, 36.897125930630601 ], [ -121.560184987241996, 36.897250930764102 ], [ -121.560120987076999, 36.897383930066397 ], [ -121.560100986980004, 36.897452930747903 ], [ -121.560072987482002, 36.897592930564699 ], [ -121.560044986945002, 36.8977349307333 ], [ -121.560034987419996, 36.897805930328502 ], [ -121.560004987566998, 36.897945930578501 ], [ -121.559975987558005, 36.898550930070598 ], [ -121.559976987138995, 36.898728930150902 ], [ -121.559971987715002, 36.898870930817999 ], [ -121.559982987355994, 36.899368930192701 ], [ -121.559999987555003, 36.899616930427101 ], [ -121.560071987873002, 36.9002179306299 ], [ -121.560084987055006, 36.9002529309452 ], [ -121.560133987368999, 36.900711930531301 ], [ -121.560150987439997, 36.900923930840698 ], [ -121.560197987916993, 36.901910930752301 ], [ -121.560198987603002, 36.902051931140598 ], [ -121.560181987321002, 36.902299930914303 ], [ -121.560185988363997, 36.902369931088799 ], [ -121.560182988074004, 36.9027589304646 ], [ -121.560171987798, 36.903076930815203 ], [ -121.560152987807001, 36.903289930868198 ], [ -121.560126988131003, 36.903466931332197 ], [ -121.560112987447994, 36.903499930700299 ], [ -121.560075987578998, 36.9036549312695 ], [ -121.560042987740999, 36.9038319310406 ], [ -121.560021988, 36.903900931328998 ], [ -121.560004988014001, 36.904006931136799 ], [ -121.559940987944998, 36.9042499306507 ], [ -121.559907988337002, 36.904316930584898 ], [ -121.559833988041007, 36.904520930617601 ], [ -121.559811987993001, 36.904551931390301 ], [ -121.559721988570004, 36.904630931286 ], [ -121.559637987944996, 36.9047139313681 ], [ -121.559605987566997, 36.904816931242401 ], [ -121.559566987631996, 36.904918930688403 ], [ -121.559547988442006, 36.904950930884603 ], [ -121.559512988514996, 36.905053930933498 ], [ -121.559437987541003, 36.905294930845301 ], [ -121.559383987935007, 36.905429931019199 ], [ -121.559351987997999, 36.905495931275802 ], [ -121.559314987720001, 36.905597931072599 ], [ -121.559281988606998, 36.905663931057902 ], [ -121.559239988323995, 36.905763931140001 ], [ -121.559219988612, 36.905869930960002 ], [ -121.559198988074996, 36.905937931339203 ], [ -121.559183988152, 36.905971930933198 ], [ -121.559140987972995, 36.906146931255698 ], [ -121.559118987741002, 36.906215931094003 ], [ -121.559111988322996, 36.906246931553703 ], [ -121.559009988363002, 36.906705931012098 ], [ -121.558978988117005, 36.907023931582103 ], [ -121.558968988507004, 36.907200931653499 ], [ -121.558957988464996, 36.9072359309503 ], [ -121.558965988661996, 36.9072959312211 ], [ -121.558978987767006, 36.907860931830697 ], [ -121.559033988351999, 36.908384931127301 ], [ -121.559034988473996, 36.908490931199701 ], [ -121.559029987884998, 36.908595931073599 ], [ -121.558977988368, 36.909053931227298 ], [ -121.558973988797007, 36.909124931877002 ], [ -121.558938988451999, 36.909227931600697 ], [ -121.558869988354004, 36.909505931622803 ], [ -121.558776988700998, 36.909926931498497 ], [ -121.558674988345004, 36.910160931508599 ], [ -121.558589988668999, 36.910324931767498 ], [ -121.558534988100007, 36.910380931766198 ], [ -121.558464988723998, 36.910472931488201 ], [ -121.558340988444002, 36.9105759314171 ], [ -121.558078988109997, 36.910770931496003 ], [ -121.558009988685995, 36.910816931564099 ], [ -121.557978988811996, 36.910842932034001 ], [ -121.557715988797995, 36.910979932114401 ], [ -121.557568988677005, 36.911061931517501 ], [ -121.557378988531994, 36.911156931762598 ], [ -121.557343988301994, 36.911178932211101 ], [ -121.557180988005996, 36.911302931487498 ], [ -121.557087988511995, 36.911379931565698 ], [ -121.556816988356999, 36.911567932054602 ], [ -121.556332988544995, 36.911942931785902 ], [ -121.556192987811002, 36.912080931542803 ], [ -121.556128988476999, 36.9121739319244 ], [ -121.556081988591998, 36.912232931897201 ], [ -121.556025988518996, 36.912287931563299 ], [ -121.555929987976995, 36.912407932129703 ], [ -121.555853988224996, 36.9124949318444 ], [ -121.555796988110004, 36.912548932318401 ], [ -121.555744988141001, 36.912606932027003 ], [ -121.555625988041996, 36.912757931919799 ], [ -121.555592988377001, 36.912823932448397 ], [ -121.555568988760996, 36.912853932038203 ], [ -121.555512987900002, 36.912908932356203 ], [ -121.555168988714001, 36.913368932289799 ], [ -121.555124987932999, 36.913442931993004 ], [ -121.555111987865004, 36.9134659319026 ], [ -121.555042988093007, 36.913556931764603 ], [ -121.554958987749004, 36.913682932038597 ], [ -121.554946988636004, 36.913716931748198 ], [ -121.554902987800006, 36.913779931782202 ], [ -121.554871988749994, 36.913845932595699 ], [ -121.554850988259005, 36.913877932276101 ], [ -121.554751988701, 36.913995932410003 ], [ -121.554692988423, 36.914049932662302 ], [ -121.554627987790994, 36.914117932687603 ], [ -121.554511988444006, 36.914225932643603 ], [ -121.553989988116996, 36.914662931899798 ], [ -121.553843988444996, 36.9147959319669 ], [ -121.553789988012994, 36.914892932581303 ], [ -121.553740988287998, 36.9149929327859 ], [ -121.553693987688007, 36.915052932333303 ], [ -121.553665987791007, 36.915080932757498 ], [ -121.553629987825005, 36.915102932652999 ], [ -121.553571987896007, 36.915155932859498 ], [ -121.553505988390995, 36.915203932209799 ], [ -121.553427987652995, 36.915237932170598 ], [ -121.553258987936005, 36.9152819323713 ], [ -121.553220987768, 36.915300932433702 ], [ -121.553179988411998, 36.915314932142699 ], [ -121.553091988020995, 36.915332932704899 ], [ -121.552987988585002, 36.9153589326503 ], [ -121.552354988497996, 36.915517932402999 ], [ -121.552319988438001, 36.915527932906798 ], [ -121.552232988436998, 36.915546932822799 ], [ -121.552188987481998, 36.915551932114802 ], [ -121.552057988160996, 36.915576932659498 ], [ -121.551968987687005, 36.915583932532101 ], [ -121.551702987870996, 36.915592932739102 ], [ -121.551613988106993, 36.915590932200899 ], [ -121.551524987711005, 36.915593932884398 ], [ -121.551392987539998, 36.915607932857803 ], [ -121.551349987761995, 36.915618932198598 ], [ -121.551272988182006, 36.915654932225699 ], [ -121.550832987603002, 36.915961932721501 ], [ -121.550794987654001, 36.915980932886697 ], [ -121.550656987837996, 36.916072933104097 ], [ -121.550619987458006, 36.916092932337001 ], [ -121.550559988117001, 36.916129932265797 ], [ -121.550407987371997, 36.916226932801997 ], [ -121.550154987324007, 36.9164269328502 ], [ -121.550041988190003, 36.916523933176101 ], [ -121.550003987758998, 36.916555932966098 ], [ -121.549937988289997, 36.916603932961003 ], [ -121.549829987693997, 36.916667932400401 ], [ -121.549797988180003, 36.916691932658999 ], [ -121.549714987659996, 36.916719932979497 ], [ -121.549666987527999, 36.916747932473598 ], [ -121.549643987775994, 36.916761932970203 ], [ -121.5495789876, 36.916810932797297 ], [ -121.549101987162999, 36.917128932504497 ], [ -121.549031987410999, 36.917171933041601 ], [ -121.549001987417995, 36.917196932532903 ], [ -121.548920988109998, 36.917229933259499 ], [ -121.548849987816993, 36.917272932475697 ], [ -121.548782987356006, 36.9173199326858 ], [ -121.548626987560993, 36.917389932778697 ], [ -121.548534987956003, 36.917411932860503 ], [ -121.548406987614996, 36.917418932759801 ], [ -121.548317987676995, 36.917415932722399 ], [ -121.548181987183995, 36.917404933158501 ], [ -121.548138987341005, 36.9173959325515 ], [ -121.548121987707006, 36.917395933311603 ], [ -121.548096987809004, 36.917395933267699 ], [ -121.548077987533006, 36.9173959333827 ], [ -121.548021988117995, 36.9173959331047 ], [ -121.548003988131995, 36.917395932627201 ], [ -121.547914987756002, 36.917391932587599 ], [ -121.547647987050993, 36.9173829330039 ], [ -121.547598987108998, 36.917381933334198 ], [ -121.547558987043999, 36.917381932730997 ], [ -121.547148987065995, 36.9173799330989 ], [ -121.547108987976003, 36.917395933129797 ], [ -121.547037987538005, 36.917433932685597 ], [ -121.546997987279994, 36.917456933392899 ], [ -121.546864987258999, 36.9175529331837 ], [ -121.546790987701002, 36.917592932784203 ], [ -121.546689987628994, 36.917663933226997 ], [ -121.546403987003004, 36.9178909330751 ], [ -121.546045987140005, 36.918157932884903 ], [ -121.545749986844001, 36.918385933638199 ], [ -121.545692986996997, 36.9184309333641 ], [ -121.545431987260002, 36.918563933131999 ], [ -121.545400987752004, 36.918586933695302 ], [ -121.545283987201003, 36.918641933719499 ], [ -121.545179986926001, 36.918700933423303 ], [ -121.545140987554007, 36.918717933737199 ], [ -121.545001986708002, 36.918803933027 ], [ -121.544887987685001, 36.918858933672901 ], [ -121.544804987187007, 36.918885933475501 ], [ -121.544760987087997, 36.918892932989799 ], [ -121.544552986868993, 36.918959933457103 ], [ -121.544425986888996, 36.918995933622803 ], [ -121.544381987156996, 36.919003933600102 ], [ -121.544211987335999, 36.919049933277698 ], [ -121.543990987615999, 36.919083933094598 ], [ -121.543855986679006, 36.919088933327302 ], [ -121.543541986736997, 36.919087933049198 ], [ -121.543451986766001, 36.919091933277301 ], [ -121.543362987105994, 36.919082933049303 ], [ -121.543237986944007, 36.919102933694802 ], [ -121.543147987359006, 36.9191079333959 ], [ -121.543059986687993, 36.9191219338908 ], [ -121.543039987534002, 36.919128933483002 ], [ -121.543017987045005, 36.919136933875201 ], [ -121.542844986697006, 36.919175933415197 ], [ -121.542679986796003, 36.919233933775097 ], [ -121.542551987447993, 36.919269933337603 ], [ -121.542511986893004, 36.919286933326802 ], [ -121.542402986669003, 36.919348933213897 ], [ -121.542368986491994, 36.919372933364997 ], [ -121.542218987295001, 36.919505933180702 ], [ -121.541921986559004, 36.919723933773298 ], [ -121.541783986614007, 36.919815933215503 ], [ -121.541521986842994, 36.919954933761304 ], [ -121.541283986769002, 36.920052934090201 ], [ -121.541088986743006, 36.920140933588598 ], [ -121.540770986433003, 36.920270934173097 ], [ -121.540536986348002, 36.9203759333896 ], [ -121.540393986685004, 36.920462933350997 ], [ -121.540295986432, 36.920534933532302 ], [ -121.540236986592006, 36.920587933733501 ], [ -121.540108986377007, 36.920684933628998 ], [ -121.540028986867995, 36.9207699341694 ], [ -121.539926986680001, 36.920925934178598 ], [ -121.539839987259995, 36.921047933672199 ], [ -121.539823986456, 36.921080933980697 ], [ -121.539762986344996, 36.921174933838699 ], [ -121.539650987095001, 36.921327934060699 ], [ -121.539590986950003, 36.921421934214997 ], [ -121.539554986488994, 36.921486934321202 ], [ -121.539490987169998, 36.921619934078301 ], [ -121.539458986732001, 36.921722933704501 ], [ -121.539415987065993, 36.921823933989799 ], [ -121.539404986479994, 36.9218949341806 ], [ -121.539313987254005, 36.9221329339085 ], [ -121.539250986244994, 36.922265933931698 ], [ -121.539198986258995, 36.9224389338778 ], [ -121.539164986708002, 36.922577933798998 ], [ -121.539132986485996, 36.922930934380297 ], [ -121.539139986978, 36.922966933912001 ], [ -121.539209986719996, 36.923097933835699 ], [ -121.539250986907007, 36.9231609337604 ], [ -121.539277986905006, 36.923189934354298 ], [ -121.539588986924002, 36.923447934113099 ], [ -121.539643986987997, 36.923503934324998 ], [ -121.539773987470994, 36.923601934080203 ], [ -121.539935986680007, 36.923738934146897 ], [ -121.539989987040002, 36.923783934303103 ], [ -121.540010987076997, 36.923814934483097 ], [ -121.540437987125998, 36.924231934333903 ], [ -121.540558986649998, 36.924381934437903 ], [ -121.540603987053998, 36.924419933744801 ], [ -121.540656987047996, 36.924476934238498 ], [ -121.540724987226, 36.9245699345744 ], [ -121.540750986735006, 36.924598934468001 ], [ -121.540766987604002, 36.9246329343841 ], [ -121.540814987397994, 36.924769933897601 ], [ -121.540856987780998, 36.924944934395199 ], [ -121.540869987093998, 36.9250509338165 ], [ -121.540884986785002, 36.9251219342881 ], [ -121.540886986977995, 36.925156933875698 ], [ -121.540858987652001, 36.925296934452803 ], [ -121.540794987807999, 36.925430934476502 ], [ -121.540748987472, 36.925491933926601 ], [ -121.540692987295998, 36.9255469339031 ], [ -121.540594987657997, 36.925621934116599 ], [ -121.540527987054006, 36.925650934593101 ], [ -121.540456987260995, 36.925694934477001 ], [ -121.540335986843999, 36.925741934524403 ], [ -121.540291987028994, 36.925751934113599 ], [ -121.540247987509005, 36.925756934237398 ], [ -121.540156987789999, 36.9257569343809 ], [ -121.540116986737999, 36.9257739343699 ], [ -121.539943986891998, 36.925887934441199 ], [ -121.539879987309007, 36.925937934088203 ], [ -121.539821987628002, 36.925992934628098 ], [ -121.539696987563005, 36.926140934465998 ], [ -121.539663987010996, 36.926207934193698 ], [ -121.539595987716993, 36.9264519339972 ], [ -121.539447987073004, 36.926585934745603 ], [ -121.539357986745003, 36.926709934493502 ], [ -121.539326987631995, 36.9267769339788 ], [ -121.539310987096997, 36.926846934135902 ], [ -121.539288987820996, 36.927024934528099 ], [ -121.539285987536999, 36.927166934175602 ], [ -121.539269987252993, 36.9272379340199 ], [ -121.539246987634996, 36.927306934314402 ], [ -121.539160986851996, 36.9273269343565 ], [ -121.539075987212996, 36.9273519341548 ], [ -121.53891098775, 36.927410934769398 ], [ -121.538749986762994, 36.9274769347629 ], [ -121.538527987598002, 36.927599934336797 ], [ -121.538281987242001, 36.927725934479099 ], [ -121.538186987122998, 36.927775934824197 ], [ -121.538108987051999, 36.927811934487998 ], [ -121.537919987102001, 36.927909934905898 ], [ -121.537712987074997, 36.928043935005803 ], [ -121.536936987168005, 36.928642935123797 ], [ -121.536828987384993, 36.928706934640203 ], [ -121.536492987212, 36.928944934702002 ], [ -121.536122987420001, 36.9291499351555 ], [ -121.535970987233995, 36.929226934572803 ], [ -121.535772986873994, 36.929313935301501 ], [ -121.535729987530004, 36.929324935079201 ], [ -121.535641986694003, 36.929339934921799 ], [ -121.535523987081007, 36.929393934508198 ], [ -121.535448986576, 36.929432934595297 ], [ -121.535321987033001, 36.929534934868499 ], [ -121.535157986437994, 36.929704934877897 ], [ -121.535127987500005, 36.929771935356897 ], [ -121.535088986996996, 36.929836935206303 ], [ -121.535039986851004, 36.92989693482 ], [ -121.535022987312999, 36.929929934763699 ], [ -121.535000986970999, 36.9299989354516 ], [ -121.534968986812004, 36.9300659350275 ], [ -121.534764987105007, 36.930422934776203 ], [ -121.534703986631996, 36.9305579347945 ], [ -121.534628987434999, 36.930686934825303 ], [ -121.534613986836007, 36.930756935520499 ], [ -121.534600987217004, 36.930791934769097 ], [ -121.534561986567994, 36.930855934706798 ], [ -121.534537986798995, 36.930885935055301 ], [ -121.534475986896993, 36.930937935493603 ], [ -121.534364986605993, 36.930999935510002 ], [ -121.534173986639999, 36.931093935360003 ], [ -121.533861986431006, 36.931236935577601 ], [ -121.533780987211998, 36.931268934788598 ], [ -121.533667987390004, 36.931327935007999 ], [ -121.533585986636993, 36.9313569354509 ], [ -121.533546986575004, 36.931374935064099 ], [ -121.533436986854994, 36.931437935229297 ], [ -121.533359987092993, 36.931473935688501 ], [ -121.533246986939005, 36.931533935205699 ], [ -121.533065987219004, 36.931639935112798 ], [ -121.532872987076004, 36.931731935189802 ], [ -121.532788986807006, 36.931756935324202 ], [ -121.532398986204996, 36.9319369353748 ], [ -121.532199987156005, 36.932020935701502 ], [ -121.532115987200996, 36.932044935639198 ], [ -121.531950986403004, 36.932104935002897 ], [ -121.531907986986994, 36.932114935454301 ], [ -121.531797986873997, 36.932176935255001 ], [ -121.531519986434006, 36.932292935865703 ], [ -121.531477986197999, 36.932306935461497 ], [ -121.531004986940005, 36.932508935769697 ], [ -121.530920986631997, 36.932534935162799 ], [ -121.530696986324003, 36.932655935363101 ], [ -121.530507986529003, 36.932752935507402 ], [ -121.530176987060003, 36.932938935479697 ], [ -121.530034986163997, 36.933026935763401 ], [ -121.529869986726993, 36.933136935335597 ], [ -121.529725986417006, 36.933233936092201 ], [ -121.529615986620996, 36.933296935297101 ], [ -121.529396986877003, 36.933475935278103 ], [ -121.529338986568007, 36.933530935770598 ], [ -121.529178985960996, 36.933701935811698 ], [ -121.528870986583996, 36.934052935666898 ], [ -121.528824986434998, 36.934113935490402 ], [ -121.528571986792002, 36.934365935966198 ], [ -121.528550986574999, 36.934396936208401 ], [ -121.528330985905995, 36.934573935990798 ], [ -121.528087986079001, 36.934786935688997 ], [ -121.527433986651999, 36.9353269357835 ], [ -121.527408986495999, 36.935355936183498 ], [ -121.527332986258997, 36.9354119361562 ], [ -121.527309986649996, 36.935428935697097 ], [ -121.527032986286002, 36.935609936274503 ], [ -121.526831985960996, 36.935751936034897 ], [ -121.526569986793007, 36.935889936077899 ], [ -121.526141985804003, 36.936091936569298 ], [ -121.525827986693002, 36.936232936082398 ], [ -121.525496985928001, 36.936344936392899 ], [ -121.525323986122004, 36.936383936445502 ], [ -121.525284986382005, 36.936402936547303 ], [ -121.525240986189004, 36.936410936416699 ], [ -121.525132985613993, 36.936447936496499 ], [ -121.525004986409996, 36.936479936465702 ], [ -121.524886986151003, 36.9365309358964 ], [ -121.524850985845006, 36.9365509362406 ], [ -121.524807985541997, 36.936561936480899 ], [ -121.524690985776999, 36.936613935928797 ], [ -121.524450986073006, 36.936706936389101 ], [ -121.524254985555999, 36.9367879362851 ], [ -121.524050985662001, 36.936861936373703 ], [ -121.524016985521996, 36.936884936621802 ], [ -121.523862985511002, 36.9369559359709 ], [ -121.523603985742, 36.937094936001202 ], [ -121.523543985995005, 36.937146936004702 ], [ -121.523414985966994, 36.937245936185803 ], [ -121.523324985963995, 36.937323936484603 ], [ -121.523212986019004, 36.937475936926603 ], [ -121.523094986363006, 36.937625936399499 ], [ -121.523043986206005, 36.937682936802702 ], [ -121.522923986495002, 36.937950936597602 ], [ -121.522873985673002, 36.9380499366019 ], [ -121.522852985556995, 36.938080936643601 ], [ -121.522808985964005, 36.938289936612499 ], [ -121.522793986319996, 36.938323936286601 ], [ -121.522762985466997, 36.938426936339503 ], [ -121.522738985512007, 36.9385659365837 ], [ -121.522702985928007, 36.938667936867702 ], [ -121.522341986211998, 36.939467936843599 ], [ -121.522328986158996, 36.939536936949203 ], [ -121.522302985506002, 36.939565936544803 ], [ -121.522283986085, 36.939597936340299 ], [ -121.522238986185997, 36.939695936313697 ], [ -121.522163985592002, 36.9397819369334 ], [ -121.522100986002997, 36.939829936563797 ], [ -121.521918985477996, 36.939981936735002 ], [ -121.521854986283998, 36.940030937169396 ], [ -121.521797986151995, 36.9400839366456 ], [ -121.521733985672995, 36.940132937037603 ], [ -121.521614986396003, 36.940237936951704 ], [ -121.521458985650995, 36.9403639369568 ], [ -121.521393986212004, 36.940411936877403 ], [ -121.521271986212, 36.940514937175998 ], [ -121.520852986471994, 36.940828936712499 ], [ -121.520759986368006, 36.940902937094499 ], [ -121.520660985369005, 36.940973936751497 ], [ -121.520598985931997, 36.941023937295199 ], [ -121.520269986463006, 36.941260937226502 ], [ -121.520046985777, 36.941433937277999 ], [ -121.519877985544994, 36.941550936712503 ], [ -121.519702986254998, 36.941663937264501 ], [ -121.519558986204999, 36.941746937290297 ], [ -121.519518986017005, 36.941763937242598 ], [ -121.519410986135, 36.941824937253799 ], [ -121.519345985341005, 36.941872936920397 ], [ -121.519164985369997, 36.941976936835601 ], [ -121.519117985484996, 36.941996937120798 ], [ -121.518961985749996, 36.942050937336802 ], [ -121.518919985471996, 36.942060937141903 ], [ -121.518741985556005, 36.942067936761802 ], [ -121.518652985786005, 36.942062937232102 ], [ -121.518430986135002, 36.942065937338903 ], [ -121.518342985562995, 36.942078937247103 ], [ -121.518074985775996, 36.9421079372243 ], [ -121.517676985923003, 36.942161937489097 ], [ -121.517546985655002, 36.942183937346698 ], [ -121.517463985448003, 36.942205937717098 ], [ -121.517418985731993, 36.9422089373261 ], [ -121.517336985602995, 36.942237936979701 ], [ -121.517260985449994, 36.942274937702201 ], [ -121.517118985577994, 36.942361937371103 ], [ -121.516959985834006, 36.942484937515601 ], [ -121.516869985675001, 36.942562937094799 ], [ -121.516761985228001, 36.942717937747403 ], [ -121.516732985085, 36.942784937166302 ], [ -121.516710985022002, 36.942853937434201 ], [ -121.516691985864995, 36.942885937143799 ], [ -121.516689985466002, 36.942921937682399 ], [ -121.516678986, 36.9429569376478 ], [ -121.516661985436002, 36.943062937801898 ], [ -121.516630985765005, 36.943165937702098 ], [ -121.516494985343996, 36.943537937653602 ], [ -121.516451985828994, 36.943672937741397 ], [ -121.516436985658004, 36.9437059377046 ], [ -121.516335985238996, 36.943863937545302 ], [ -121.516269985926002, 36.943954937098603 ], [ -121.516213985687003, 36.944010937917199 ], [ -121.516195985552997, 36.944042937247097 ], [ -121.516171985872006, 36.944072937173601 ], [ -121.516081985365005, 36.944150937881602 ], [ -121.516052985979996, 36.944169937203299 ], [ -121.516015985338001, 36.944195937720004 ], [ -121.515987985034002, 36.944223937620997 ], [ -121.515888985461004, 36.9442929372671 ], [ -121.515817985173996, 36.944335937291399 ], [ -121.515736985280995, 36.9443669375665 ], [ -121.515692985281007, 36.944374937392801 ], [ -121.515652985993, 36.9443879371889 ], [ -121.515615985954994, 36.944409937874802 ], [ -121.515449985627995, 36.944458937814503 ], [ -121.515368985370003, 36.9444889372432 ], [ -121.515326985542004, 36.944497937839898 ], [ -121.515162985374999, 36.944551937967802 ], [ -121.515000985528005, 36.944611937257498 ], [ -121.514916984950005, 36.9446369378688 ], [ -121.514794985351998, 36.944681937915199 ], [ -121.514752985453995, 36.944692937700303 ], [ -121.514707985461996, 36.944697937456198 ], [ -121.514458985108007, 36.944775937579898 ], [ -121.514339984990002, 36.944824937790997 ], [ -121.514303985015005, 36.944846937769597 ], [ -121.514225985061998, 36.944881937627898 ], [ -121.514073985663003, 36.944957937825002 ], [ -121.513974985849998, 36.945028937919503 ], [ -121.513882985112005, 36.9451049380611 ], [ -121.513825984980002, 36.945159938274301 ], [ -121.513791985853999, 36.945224937954499 ], [ -121.513695985230001, 36.945344937394502 ], [ -121.513659985651998, 36.945407938207701 ], [ -121.513587985678001, 36.945496937548398 ], [ -121.513468985013006, 36.945722937980896 ], [ -121.513458985431996, 36.945756937613901 ], [ -121.513388985744996, 36.945885937598099 ], [ -121.513365985532005, 36.945951938306202 ], [ -121.513335984982007, 36.946016937651102 ], [ -121.513308984918993, 36.946045938093903 ], [ -121.513288985112993, 36.946076937784397 ], [ -121.513280985703005, 36.946111938338902 ], [ -121.513081985686995, 36.946463938205603 ], [ -121.513039985443001, 36.946525938053 ], [ -121.512990984786001, 36.946585937713103 ], [ -121.512954985202995, 36.946649937964501 ], [ -121.512818985791995, 36.9468029383345 ], [ -121.512441985571996, 36.9472309377744 ], [ -121.512369984792002, 36.9473199380935 ], [ -121.512322985612997, 36.947455938027701 ], [ -121.512244985750996, 36.9476569381169 ], [ -121.512206985876006, 36.947719938045701 ], [ -121.512161985424001, 36.947818937862202 ], [ -121.512121984898002, 36.947956937942401 ], [ -121.512085985075004, 36.948020937885403 ], [ -121.512077985744, 36.948044938077103 ], [ -121.511858985396998, 36.9479869380568 ], [ -121.511681985451006, 36.947928938339203 ], [ -121.511227984667997, 36.947765937849802 ], [ -121.510519984642002, 36.947484937935897 ], [ -121.510020985113997, 36.947265937979701 ], [ -121.509712985229001, 36.947119938025303 ], [ -121.509535984628997, 36.947042938314802 ], [ -121.509058984578999, 36.946821938690199 ], [ -121.509015984756005, 36.946800938327399 ], [ -121.508787985192001, 36.946689938529097 ], [ -121.507689984012003, 36.946172938128697 ], [ -121.507078984085993, 36.945885938403698 ], [ -121.505333984046999, 36.945052938087798 ], [ -121.504985983870995, 36.944890938658403 ], [ -121.5034329832, 36.944158938651498 ], [ -121.502700983761997, 36.943817938187998 ], [ -121.502641983762999, 36.943786938069103 ], [ -121.502585983893994, 36.943751938583802 ], [ -121.502450983857997, 36.943650938018799 ], [ -121.501771983341996, 36.943322938887803 ], [ -121.501096983306994, 36.943004938524901 ], [ -121.500753982747995, 36.942848938790597 ], [ -121.499616982624005, 36.942309938106902 ], [ -121.497650982920007, 36.941392938718003 ], [ -121.496155982106998, 36.9406829384669 ], [ -121.495796981935001, 36.940524938428503 ], [ -121.495587982469004, 36.940420938264701 ], [ -121.493587981424994, 36.9394779384033 ], [ -121.492602981239997, 36.9390069389123 ], [ -121.489128980903004, 36.937359938506802 ], [ -121.487995980603998, 36.936831938965099 ], [ -121.487231980499004, 36.936466938594798 ], [ -121.486208979918004, 36.9359909393498 ], [ -121.485565980431005, 36.935695939257698 ], [ -121.481817979116002, 36.933924939443202 ], [ -121.481332979, 36.933690938791401 ], [ -121.478901978178996, 36.932553938830097 ], [ -121.478493978836994, 36.932356939430399 ], [ -121.476797978004001, 36.931560939151801 ], [ -121.476636978526997, 36.931481938849601 ], [ -121.476457977696001, 36.931389939202703 ], [ -121.475343978427006, 36.9308639387963 ], [ -121.474636978261003, 36.930539939364401 ], [ -121.473575977110002, 36.930031939396599 ], [ -121.472979977733999, 36.929757939403103 ], [ -121.470389977159002, 36.928542938960597 ], [ -121.469921976763004, 36.928317939429498 ], [ -121.469454977059002, 36.928101938982898 ], [ -121.468117976669006, 36.927462939364702 ], [ -121.467359975934997, 36.927109939012503 ], [ -121.466778976189005, 36.926832939261203 ], [ -121.466126976178998, 36.926530939291602 ], [ -121.465669976197006, 36.926305939168302 ], [ -121.464864975992, 36.925926939521197 ], [ -121.463991975582999, 36.925518939319701 ], [ -121.461594974893003, 36.924384940049897 ], [ -121.455512973506998, 36.9215219393624 ], [ -121.454968974066006, 36.921261939728197 ], [ -121.454817974177999, 36.921184940122401 ], [ -121.454457974076007, 36.921019939833698 ], [ -121.453808973784007, 36.920709939612898 ], [ -121.453113972790007, 36.920384939591102 ], [ -121.452722973188003, 36.9201979396897 ], [ -121.452085972993999, 36.919869939566901 ], [ -121.451702973126004, 36.9196549398266 ], [ -121.451411973513999, 36.919482939704302 ], [ -121.451003973192996, 36.919223939462903 ], [ -121.45060797232, 36.918960940218803 ], [ -121.450178972591004, 36.9186669395759 ], [ -121.449403972956006, 36.918059939844099 ], [ -121.449025971921003, 36.917738940226599 ], [ -121.448684972216995, 36.917424939490601 ], [ -121.447420972320003, 36.916154940199903 ], [ -121.446540971548004, 36.915242939946701 ], [ -121.445612971211006, 36.9142919394234 ], [ -121.445397971811005, 36.914081939454498 ], [ -121.445111970878003, 36.913777939473903 ], [ -121.444730971515995, 36.9133839397728 ], [ -121.442646970767996, 36.911257939982796 ], [ -121.442204970942001, 36.910797940056902 ], [ -121.441855970871998, 36.910447940164097 ], [ -121.441236970768003, 36.9098099393334 ], [ -121.440982970313001, 36.9095569401006 ], [ -121.440642970276997, 36.909204939375499 ], [ -121.439900970300002, 36.908462939424197 ], [ -121.439341969900994, 36.907892939963098 ], [ -121.439284969878003, 36.907826939998401 ], [ -121.438891969541999, 36.907418939871 ], [ -121.438607969800998, 36.907134939938899 ], [ -121.438239969237003, 36.906751939220598 ], [ -121.437646969398003, 36.906122939956198 ], [ -121.436946969237994, 36.905403939463099 ], [ -121.436462969005007, 36.904898940057599 ], [ -121.434644968623999, 36.903041939334003 ], [ -121.433295968376996, 36.901649939603402 ], [ -121.432657968512004, 36.901002939199003 ], [ -121.432306967626005, 36.9006379397552 ], [ -121.431273968265998, 36.899578939209398 ], [ -121.430442967638996, 36.898735939321497 ], [ -121.429956967196006, 36.898242939622797 ], [ -121.429095967641999, 36.8973929395626 ], [ -121.427810966468996, 36.896063938997898 ], [ -121.427402966356993, 36.895645939687903 ], [ -121.427565966700996, 36.895002939261701 ], [ -121.428241966640002, 36.892371938923702 ], [ -121.428712966636994, 36.890612938506202 ], [ -121.429475966096007, 36.887871938564601 ], [ -121.429891965571997, 36.8863259380526 ], [ -121.430305966364998, 36.884839938208103 ], [ -121.430679965834003, 36.883452938122403 ], [ -121.430732966464006, 36.8832989384846 ], [ -121.430828965795001, 36.8830429379733 ], [ -121.431126965447007, 36.882347937793902 ], [ -121.431345966215005, 36.881926937963897 ], [ -121.431517966390999, 36.881611937862402 ], [ -121.431737966366001, 36.881245937649197 ], [ -121.431908965819005, 36.880981937831102 ], [ -121.432179966329002, 36.880602937853297 ], [ -121.432465965893002, 36.880235937404002 ], [ -121.432721965490003, 36.879942937977603 ], [ -121.432750965641006, 36.8799099375466 ], [ -121.432984965377003, 36.879661937770599 ], [ -121.433207965345005, 36.879435937378602 ], [ -121.433424966377004, 36.879226937132003 ], [ -121.433844965820001, 36.878850937099202 ], [ -121.434057966257001, 36.878679937738802 ], [ -121.434194965440994, 36.8785619370611 ], [ -121.434512966211997, 36.878318937113796 ], [ -121.434664965484004, 36.878210937335297 ], [ -121.434925965713006, 36.878015937695999 ], [ -121.435087966197997, 36.877901937368399 ], [ -121.435262966216996, 36.8777709376904 ], [ -121.435868965961006, 36.877336936763697 ], [ -121.436201966457006, 36.877107937533701 ], [ -121.436512966492003, 36.876895937093003 ], [ -121.437233966646005, 36.876374936831297 ], [ -121.437924965885003, 36.875894937294902 ], [ -121.438865966617001, 36.875220937035103 ], [ -121.439040966044999, 36.8750869369239 ], [ -121.439277966223997, 36.874892937104804 ], [ -121.439354966137998, 36.874818936864401 ], [ -121.439508965800997, 36.874693936396703 ], [ -121.439847966415002, 36.874369936666 ], [ -121.440042966551005, 36.874171936573703 ], [ -121.440340966261999, 36.873841936791003 ], [ -121.440464966818993, 36.8736979367565 ], [ -121.440751966603997, 36.873324936510599 ], [ -121.441012966776, 36.872931936272103 ], [ -121.441177966279, 36.872661936038199 ], [ -121.441327966040006, 36.872392936050602 ], [ -121.441490966760995, 36.872057936459498 ], [ -121.441651965882997, 36.871690935855 ], [ -121.441742966229, 36.871450936437498 ], [ -121.441863966316006, 36.871105936476098 ], [ -121.442009966449007, 36.870522936059999 ], [ -121.442033966438999, 36.870358936373101 ], [ -121.442139965766998, 36.869755936081503 ], [ -121.442289966657, 36.868812935668799 ], [ -121.442385966171003, 36.8682909361208 ], [ -121.442417965703001, 36.868142935554502 ], [ -121.442626966337002, 36.8673449355598 ], [ -121.442674965950999, 36.867142936117801 ], [ -121.442763965634001, 36.866800936103601 ], [ -121.442799965689005, 36.866643935635302 ], [ -121.442906965565001, 36.866271935366598 ], [ -121.442969966530001, 36.866076936132501 ], [ -121.443147966441998, 36.865607935944098 ], [ -121.443345965852998, 36.865149936007697 ], [ -121.443564965600999, 36.864682935330002 ], [ -121.443762965361003, 36.864278935290002 ], [ -121.444047965844007, 36.863766935120601 ], [ -121.443928965965, 36.863712935123502 ], [ -121.443487965483001, 36.863529935808998 ], [ -121.441097965216997, 36.862558935486398 ], [ -121.440210964578, 36.862198935770103 ], [ -121.440105965645998, 36.862163935153703 ], [ -121.440044965203001, 36.862147935317502 ], [ -121.439834965540001, 36.862093935207 ], [ -121.438743965319006, 36.861892935588997 ], [ -121.435479964636002, 36.861271935834303 ], [ -121.435283963814996, 36.861227936045204 ], [ -121.435244964576995, 36.8612139355183 ], [ -121.435170964612993, 36.861179935894903 ], [ -121.435139963845003, 36.8611569355255 ], [ -121.435115964147997, 36.861131935512503 ], [ -121.435092963803001, 36.8610979358942 ], [ -121.435069964076007, 36.8610379360493 ], [ -121.435231963399005, 36.858345935444198 ], [ -121.435237963975993, 36.858183935294797 ], [ -121.435228963617007, 36.858122935299399 ], [ -121.435209963489001, 36.858082935316801 ], [ -121.435167964263002, 36.858040935907802 ], [ -121.435106964035995, 36.858004935175799 ], [ -121.435034964365997, 36.857980935879603 ], [ -121.434971963486007, 36.8579709355147 ], [ -121.432953963217997, 36.857912935550203 ], [ -121.431655963254002, 36.857855935563599 ], [ -121.428852962364999, 36.857732935792399 ], [ -121.428026962361997, 36.857697936308298 ], [ -121.427112962617997, 36.857649935970898 ], [ -121.426300962335006, 36.857618936474402 ], [ -121.426198962483994, 36.857615936115899 ], [ -121.425642962736006, 36.857598936272197 ], [ -121.425323961979004, 36.857585936051301 ], [ -121.424068962201005, 36.8575349365736 ], [ -121.423619961959005, 36.857517936268202 ], [ -121.423582962488993, 36.857494936565601 ], [ -121.423069962183007, 36.857469936673702 ], [ -121.423069962053006, 36.857488936265703 ], [ -121.422231962251004, 36.857450936467202 ], [ -121.420776961314999, 36.8574049365508 ], [ -121.420783962106995, 36.857315936509799 ], [ -121.420796961291003, 36.8571549361885 ], [ -121.420822961716993, 36.857024936080599 ], [ -121.420854961475001, 36.856920936245601 ], [ -121.420887961560993, 36.856854936026501 ], [ -121.420937961839996, 36.8567909359937 ], [ -121.421127961859995, 36.856635936039503 ], [ -121.421240961734, 36.8565079364379 ], [ -121.421268962059997, 36.856465936304502 ], [ -121.421292961397995, 36.856411936182504 ], [ -121.421309961516002, 36.856338936776801 ], [ -121.421319961717003, 36.856230936696498 ], [ -121.421317961084995, 36.855976936074804 ], [ -121.421325961514995, 36.855739936697802 ], [ -121.421326962001999, 36.855274936238501 ], [ -121.421370657224998, 36.8530867246483 ], [ -121.417219479313999, 36.8529248188376 ], [ -121.414422960237005, 36.852814936284503 ], [ -121.413979959928994, 36.852783936647398 ], [ -121.414015960100002, 36.852572936740501 ], [ -121.414025959892001, 36.852355936634602 ], [ -121.414019959499996, 36.852086936832201 ], [ -121.414033960295995, 36.851441935984496 ], [ -121.414047959542003, 36.851044936431499 ], [ -121.414052959764007, 36.850763936113097 ], [ -121.414073959769993, 36.8505809366779 ], [ -121.414079959763995, 36.850176935844999 ], [ -121.414118959898005, 36.849507936309102 ], [ -121.414134959351003, 36.849432936207599 ], [ -121.414293959995007, 36.848856935973998 ], [ -121.414339959642007, 36.8486889359191 ], [ -121.414460959864002, 36.846824935580997 ], [ -121.414493959734997, 36.846473935850099 ], [ -121.414621959624, 36.844403935908502 ], [ -121.414667958964003, 36.843614935756698 ], [ -121.414698959315999, 36.843016936040698 ], [ -121.414736958847996, 36.842496935930498 ], [ -121.414755959592995, 36.842383935178901 ], [ -121.414791959541006, 36.842271935756102 ], [ -121.414815958866996, 36.842208935893801 ], [ -121.415265959505007, 36.841326935355198 ], [ -121.415347959141002, 36.841129935718598 ], [ -121.415357959426998, 36.841080935043401 ], [ -121.415417959356006, 36.840291935577099 ], [ -121.415736958972005, 36.840238934935002 ], [ -121.415934959484005, 36.840187935209897 ], [ -121.416029958600006, 36.840156935332999 ], [ -121.416126959299007, 36.840116935492802 ], [ -121.416158958580993, 36.840103934976199 ], [ -121.416238959368002, 36.840061935129398 ], [ -121.416367958861002, 36.8399749349663 ], [ -121.416487959475006, 36.839870935255497 ], [ -121.416608959621001, 36.839747935390001 ], [ -121.416829959156004, 36.839506934935002 ], [ -121.416863959395002, 36.839461935005701 ], [ -121.416878959556001, 36.839241935403003 ], [ -121.416776959518998, 36.839179935489803 ], [ -121.416872958962003, 36.8389889352894 ], [ -121.417038959189, 36.838657934952899 ], [ -121.417103959011996, 36.8384159353811 ], [ -121.417202958765998, 36.8381859346431 ], [ -121.417347958747996, 36.837737935318202 ], [ -121.417438959258007, 36.837356934614 ], [ -121.417483959254, 36.837191934812203 ], [ -121.417557958699007, 36.8369619347908 ], [ -121.417650959244, 36.836754934404702 ], [ -121.417695958563996, 36.836691935165199 ], [ -121.417759958667006, 36.836630934744903 ], [ -121.417828959321994, 36.836584934903598 ], [ -121.418059959497995, 36.836471934873202 ], [ -121.420570959296001, 36.835374934217 ], [ -121.422152959333999, 36.834702934152098 ], [ -121.421749959219994, 36.834314934143897 ], [ -121.420904959373004, 36.833532934546703 ], [ -121.420634958860006, 36.833255934180102 ], [ -121.420530959502997, 36.833139933869298 ], [ -121.420392958495995, 36.832956934092003 ], [ -121.420292958763994, 36.832790934304597 ], [ -121.420205958542994, 36.832657934247301 ], [ -121.420085958954999, 36.832448934195099 ], [ -121.419858958635004, 36.832080933889301 ], [ -121.419609959094998, 36.831660933816799 ], [ -121.419565958256001, 36.831563933950903 ], [ -121.418985957976005, 36.830635934492598 ], [ -121.418533958607995, 36.829938933932702 ], [ -121.418083958663999, 36.829262934497997 ], [ -121.417812958382996, 36.828836934475802 ], [ -121.417796958354998, 36.828798934450802 ], [ -121.417784957969005, 36.8287339337029 ], [ -121.417803958264003, 36.828627934356703 ], [ -121.417814958497999, 36.828600934353702 ], [ -121.417835958189997, 36.828568934461202 ], [ -121.417854958644, 36.828549934164101 ], [ -121.417914957666, 36.828503934165802 ], [ -121.418061958482994, 36.828430934288299 ], [ -121.418443957842996, 36.828272934403401 ], [ -121.419004958654995, 36.828012933772698 ], [ -121.419326958667995, 36.827880933955903 ], [ -121.41988895854, 36.827643933444399 ], [ -121.419959958123002, 36.827600933959197 ], [ -121.419988958746004, 36.827563933510604 ], [ -121.420005958044996, 36.827470934302298 ], [ -121.420031957785994, 36.8273629339118 ], [ -121.420041958373005, 36.827252933757897 ], [ -121.420327957959998, 36.8272479337449 ], [ -121.420500958877, 36.827234933973401 ], [ -121.420645958300994, 36.827208933826597 ], [ -121.420757957918994, 36.827183934057103 ], [ -121.421096958649997, 36.827092933944101 ], [ -121.421422958511997, 36.826979933477404 ], [ -121.422498958766994, 36.8265489334607 ], [ -121.424049958642996, 36.825913933762003 ], [ -121.424351958966, 36.825799933791103 ], [ -121.424582958539006, 36.8257219330238 ], [ -121.424700959369005, 36.825690932944099 ], [ -121.425027958591002, 36.825631933757002 ], [ -121.425173958502, 36.825613933258097 ], [ -121.425342958832005, 36.825601933393401 ], [ -121.425610958728001, 36.825598933043104 ], [ -121.425837959443001, 36.825609933107003 ], [ -121.426065958712996, 36.825636932930003 ], [ -121.426402958630007, 36.825693932939799 ], [ -121.427884958977003, 36.825988932825297 ], [ -121.428019959677002, 36.826022933233098 ], [ -121.428301959513007, 36.826108933102297 ], [ -121.428503959289998, 36.826192933335399 ], [ -121.428755959735, 36.826317932852703 ], [ -121.428890959902006, 36.826394933034898 ], [ -121.429026959089995, 36.8264829329175 ], [ -121.429155960014, 36.826580933183003 ], [ -121.429353959688996, 36.826750932801701 ], [ -121.429653959575006, 36.827058932814303 ], [ -121.429983959500007, 36.8274429328781 ], [ -121.430355960507995, 36.827852933301102 ], [ -121.430853960394998, 36.828368933026901 ], [ -121.431330959985004, 36.828789933048299 ], [ -121.431479959789002, 36.8289029331047 ], [ -121.431789960000998, 36.829124932934498 ], [ -121.432029960402005, 36.8292829331006 ], [ -121.432446960798998, 36.8295379332748 ], [ -121.432839961021998, 36.829783933158197 ], [ -121.433092960297003, 36.829951933050999 ], [ -121.433305960217993, 36.830094933497399 ], [ -121.434980961318004, 36.831172933287903 ], [ -121.43517296073, 36.831283932711102 ], [ -121.435776961342995, 36.831643933379397 ], [ -121.436232960940004, 36.831948932715903 ], [ -121.437032961870997, 36.832461933375797 ], [ -121.438244961289001, 36.833221932677098 ], [ -121.439231961607007, 36.833874932917801 ], [ -121.439324962336002, 36.833935933069696 ], [ -121.439613961937994, 36.834102932884697 ], [ -121.439864962632001, 36.834231933374397 ], [ -121.440885962465998, 36.834661932872301 ], [ -121.441564962460006, 36.834958932657898 ], [ -121.442116962137007, 36.835177933139597 ], [ -121.442282962128999, 36.8352289325735 ], [ -121.442426962455997, 36.835264932614798 ], [ -121.442594963106998, 36.835295932691203 ], [ -121.442896962461006, 36.835331932973403 ], [ -121.444210962699003, 36.8354109330526 ], [ -121.444550962397997, 36.8354409331479 ], [ -121.444802962503005, 36.8354789326117 ], [ -121.444990963379993, 36.835516932607902 ], [ -121.445140963195001, 36.835560933159002 ], [ -121.445421963241998, 36.835663932412501 ], [ -121.446055963733997, 36.835938932491601 ], [ -121.446779963718001, 36.836262932897498 ], [ -121.447497963689997, 36.836591932385602 ], [ -121.449831964094997, 36.837632933025603 ], [ -121.450213963628002, 36.837775933083201 ], [ -121.450285964474006, 36.837797932638701 ], [ -121.450479963660996, 36.837844932778303 ], [ -121.450710964688, 36.837888932507198 ], [ -121.450881963713996, 36.8379109325465 ], [ -121.451024964153007, 36.837918932211203 ], [ -121.451174964775007, 36.8379199325556 ], [ -121.451488964674994, 36.837912932906498 ], [ -121.451980963818002, 36.837886932697302 ], [ -121.452932965030996, 36.837837932386698 ], [ -121.453790964657003, 36.837799932093297 ], [ -121.454214964242993, 36.837796932560899 ], [ -121.454438965201007, 36.837810932604903 ], [ -121.454601964844997, 36.837830932729098 ], [ -121.454764964427, 36.837858932090498 ], [ -121.455054964739006, 36.837927932406799 ], [ -121.455239964729003, 36.837984932018799 ], [ -121.455449964929002, 36.838064932668999 ], [ -121.455692965444001, 36.838181932436598 ], [ -121.455801964925001, 36.838239931913002 ], [ -121.456024964533995, 36.8383889325765 ], [ -121.456158965151005, 36.838491932779 ], [ -121.456382964712006, 36.838699931906199 ], [ -121.456458964728995, 36.838780931935801 ], [ -121.456557965173005, 36.838901932197103 ], [ -121.456657965052003, 36.8388369320705 ], [ -121.456751965484997, 36.8387659325968 ], [ -121.456873964728999, 36.838651932301097 ], [ -121.456952964861003, 36.838547932616898 ], [ -121.456987964937994, 36.8384859322314 ], [ -121.457008964913996, 36.838412931840701 ], [ -121.457023965402001, 36.838286932437498 ], [ -121.457019965217995, 36.838196931986097 ], [ -121.456999965456006, 36.838108931899903 ], [ -121.456961965323003, 36.838014932396099 ], [ -121.456873965618001, 36.837858931894502 ], [ -121.456825964519993, 36.837749932389997 ], [ -121.456809964605, 36.837672932424603 ], [ -121.456805964495004, 36.837493931860699 ], [ -121.456836965131998, 36.837192932235503 ], [ -121.456840964546998, 36.837026931894599 ], [ -121.456786964843005, 36.836429932525398 ], [ -121.456784964978993, 36.836035931988299 ], [ -121.456798965171004, 36.835925932212199 ], [ -121.456861964661002, 36.835597932168703 ], [ -121.456901964983004, 36.835441932080201 ], [ -121.457046964529994, 36.835061931754701 ], [ -121.457223965105001, 36.834734931723403 ], [ -121.457404964735005, 36.834441932033698 ], [ -121.458288965248997, 36.8330449318264 ], [ -121.459512965282997, 36.831074931160799 ], [ -121.459726965284005, 36.830772931042503 ], [ -121.460682964382002, 36.829228931344403 ], [ -121.461217964949995, 36.8283779307489 ], [ -121.461375965296, 36.8281339312135 ], [ -121.461450964731995, 36.828034931428199 ], [ -121.461544964463997, 36.8279319306018 ], [ -121.461691964481005, 36.827807930588598 ], [ -121.461765964772994, 36.8277579307019 ], [ -121.461907964554001, 36.827677930601098 ], [ -121.462091964234006, 36.827588930759298 ], [ -121.462298964948999, 36.827522931185698 ], [ -121.462499965299003, 36.827470931018198 ], [ -121.462636965369995, 36.827442930641901 ], [ -121.462782964916002, 36.827400930678898 ], [ -121.463086964854995, 36.827291930630203 ], [ -121.463622965037999, 36.827038930557997 ], [ -121.463800965513002, 36.826977930986203 ], [ -121.464648965096998, 36.826752930788402 ], [ -121.464889965609999, 36.826683930826299 ], [ -121.464991965053997, 36.826648930859299 ], [ -121.465084964588996, 36.8266119305258 ], [ -121.465237964666002, 36.826541930796999 ], [ -121.466513965294993, 36.825893930915598 ], [ -121.466706965477002, 36.825810930852597 ], [ -121.466873965093995, 36.825751930538701 ], [ -121.467141964937994, 36.825687930236498 ], [ -121.467346965786007, 36.825650930338298 ], [ -121.468582965956998, 36.826174929971799 ], [ -121.470095965723999, 36.826890930182302 ], [ -121.473056966507002, 36.826876930142497 ], [ -121.475956967363999, 36.826847930168697 ], [ -121.479719967947005, 36.826785929356902 ], [ -121.485356968475998, 36.826706929442402 ], [ -121.487671968997006, 36.826673929160499 ], [ -121.490192969389994, 36.826617929021701 ], [ -121.490062968082995, 36.821133928558403 ], [ -121.492833968282994, 36.8200539279079 ], [ -121.494730970009996, 36.826535928229802 ], [ -121.497853970532006, 36.826439928608302 ], [ -121.498241970250007, 36.8266079285711 ], [ -121.498922970424005, 36.826913928566697 ], [ -121.499417970573006, 36.827126928076403 ], [ -121.500060970521005, 36.827381927945403 ], [ -121.500650971210007, 36.827610927992602 ], [ -121.500726970618004, 36.827636927860198 ], [ -121.500906970258001, 36.8276779283701 ], [ -121.501231970587, 36.827735928097297 ], [ -121.501458970954005, 36.827782928049899 ], [ -121.501561970731998, 36.827811928102797 ], [ -121.501707971011996, 36.827866927955803 ], [ -121.501842971063994, 36.827909927910298 ], [ -121.501948971369998, 36.827954927942201 ], [ -121.503013970978998, 36.828361927813397 ], [ -121.503441971475993, 36.828516928484497 ], [ -121.503837971516006, 36.828647928150197 ], [ -121.504136971291004, 36.828735928542699 ], [ -121.505324971755996, 36.8290529280657 ], [ -121.506576972017001, 36.829398927867999 ], [ -121.506783971586998, 36.829452928179499 ], [ -121.507601971591995, 36.8296889283273 ], [ -121.508724972126004, 36.830004927985001 ], [ -121.509954971964007, 36.830359927956003 ], [ -121.510381972022003, 36.830469927771098 ], [ -121.511088973019, 36.830638928213901 ], [ -121.511906972535996, 36.8308649273757 ], [ -121.512364973277997, 36.831016927355797 ], [ -121.512562973420003, 36.831076927855499 ], [ -121.513028972729003, 36.831204927775701 ], [ -121.514482972967997, 36.831627927897202 ], [ -121.515004972941995, 36.831772927487698 ], [ -121.515495973119997, 36.831902927350598 ], [ -121.516865973246993, 36.832277927796603 ], [ -121.516498973390995, 36.831677927701598 ], [ -121.516311973320001, 36.831453927331701 ], [ -121.516159973262006, 36.831250927327503 ], [ -121.516049973153997, 36.831030927846598 ], [ -121.516006973309999, 36.830968927569103 ], [ -121.515963973647999, 36.830937927757198 ], [ -121.515773972893001, 36.830823927962101 ], [ -121.515716973929003, 36.830780927837402 ], [ -121.515659973102998, 36.830726927146998 ], [ -121.515381973138005, 36.830434927893499 ], [ -121.515033972904007, 36.830038927861303 ], [ -121.514682973448998, 36.829628927142799 ], [ -121.514625973283003, 36.829538927758598 ], [ -121.514488973062001, 36.829270927092502 ], [ -121.514290972853004, 36.828860927882999 ], [ -121.514092973101995, 36.828506927358397 ], [ -121.513997972816995, 36.828319927577297 ], [ -121.513920972361007, 36.828182927256101 ], [ -121.513728972647002, 36.827937927632398 ], [ -121.513646972456002, 36.827840927608896 ], [ -121.513579973286994, 36.827774927839897 ], [ -121.513117972329994, 36.827444927079398 ], [ -121.512967972311998, 36.8273309278146 ], [ -121.512755972590995, 36.827180927400001 ], [ -121.512597972188999, 36.827084927878801 ], [ -121.512408971907007, 36.8269779270058 ], [ -121.512156971986002, 36.826861927354798 ], [ -121.511085971751001, 36.826421927169598 ], [ -121.510448971881999, 36.826124927338 ], [ -121.510334972528, 36.826056927144599 ], [ -121.510101972173999, 36.825907927864797 ], [ -121.509946971778007, 36.825798927669297 ], [ -121.509816971998006, 36.825699927426697 ], [ -121.509411972246994, 36.825418927431699 ], [ -121.509178972141001, 36.825279927251302 ], [ -121.509002972146007, 36.825150927229799 ], [ -121.508870971304006, 36.825026927144002 ], [ -121.508763971820997, 36.824911927539297 ], [ -121.508671972073003, 36.8247649272028 ], [ -121.508630972012, 36.824706927246503 ], [ -121.508580971184003, 36.824647927294599 ], [ -121.508408971573004, 36.824100927903302 ], [ -121.508261971498996, 36.823974927230701 ], [ -121.508140971204995, 36.823869927193797 ], [ -121.507673971128995, 36.823592927020499 ], [ -121.507094971003994, 36.823315927874297 ], [ -121.506241971611004, 36.8230349276214 ], [ -121.505346970635998, 36.822787927674199 ], [ -121.504623970237006, 36.822556927358399 ], [ -121.503799970619994, 36.822344927288903 ], [ -121.503754970680006, 36.822187927881203 ], [ -121.503744971116006, 36.822132927351497 ], [ -121.503750970734998, 36.822096927817697 ], [ -121.503766970086005, 36.8220589274394 ], [ -121.503792970484, 36.822016927638998 ], [ -121.503865971107004, 36.821925927805999 ], [ -121.503945970404004, 36.8218089272019 ], [ -121.504065970775997, 36.821609927233403 ], [ -121.504164970356996, 36.821408927196899 ], [ -121.504209970527, 36.821290927610903 ], [ -121.504225970459004, 36.8211819278185 ], [ -121.504225970242999, 36.821096927854803 ], [ -121.504196970326007, 36.820899927741301 ], [ -121.504162970858005, 36.820803927038 ], [ -121.504077970536002, 36.820654927645997 ], [ -121.503925970121003, 36.820443927532303 ], [ -121.503881970753994, 36.820374927025803 ], [ -121.503815970915994, 36.820255927376699 ], [ -121.503793970310994, 36.820192927329202 ], [ -121.503789970567993, 36.820113927516601 ], [ -121.503796970349995, 36.8200619276341 ], [ -121.503821970340994, 36.819986927224498 ], [ -121.503850970092998, 36.819935927376001 ], [ -121.503890970797997, 36.8198799272283 ], [ -121.504010969882998, 36.819731927550002 ], [ -121.504101970446001, 36.819602927448798 ], [ -121.504135969936002, 36.819531927363897 ], [ -121.504200969918003, 36.819295927615897 ], [ -121.504268970362006, 36.819171926873203 ], [ -121.504358970298995, 36.8190649270325 ], [ -121.504476970511007, 36.818944927659899 ], [ -121.504610970570994, 36.818821926979602 ], [ -121.504931969908, 36.8185459269503 ], [ -121.505067970672002, 36.818463927455198 ], [ -121.505126970218996, 36.818440927599397 ], [ -121.505304970815004, 36.818392927196598 ], [ -121.505379970518007, 36.818418926943899 ], [ -121.505514970603997, 36.8184469275662 ], [ -121.505558970224996, 36.818460927312103 ], [ -121.505628970987004, 36.818497926891901 ], [ -121.505669970765993, 36.818541927194602 ], [ -121.505690970909995, 36.8185899268193 ], [ -121.505703970783003, 36.8187019270433 ], [ -121.505705970351002, 36.819065927348099 ], [ -121.505718971107001, 36.8191639268884 ], [ -121.505744970606003, 36.8192599273886 ], [ -121.505768971044006, 36.819314927024799 ], [ -121.505833970333995, 36.819400926897998 ], [ -121.505923970159998, 36.819487927435503 ], [ -121.505947970795006, 36.819501927501904 ], [ -121.505969970446003, 36.8195079275811 ], [ -121.506002970839006, 36.819509926895797 ], [ -121.506040970643994, 36.819495927564098 ], [ -121.506074970208999, 36.819473926921397 ], [ -121.506095971077997, 36.819453927146597 ], [ -121.506114970962003, 36.819424926761101 ], [ -121.506221970755007, 36.819216927368103 ], [ -121.506245970932994, 36.819194927372997 ], [ -121.506317970431994, 36.819170927542999 ], [ -121.506366970249999, 36.819161927553303 ], [ -121.506848970521006, 36.819138927256297 ], [ -121.507144970786996, 36.819098926708499 ], [ -121.507292971159004, 36.819069926822401 ], [ -121.507387970311996, 36.819043927205101 ], [ -121.507438970638006, 36.819022926830101 ], [ -121.507534970795007, 36.8189679266642 ], [ -121.507581970914998, 36.818933927246597 ], [ -121.507630970565998, 36.818886927257097 ], [ -121.507676971028999, 36.818833926964203 ], [ -121.507766970858, 36.818712927385398 ], [ -121.507796970529, 36.818678926977398 ], [ -121.507849971172007, 36.818645927372799 ], [ -121.507904970461993, 36.818627926727601 ], [ -121.508012970411997, 36.818612927311598 ], [ -121.508124970579004, 36.818608927307601 ], [ -121.508305970571001, 36.818594926705899 ], [ -121.508499970509007, 36.818561926618898 ], [ -121.508671970699993, 36.818523927264998 ], [ -121.5090469708, 36.818416926867201 ], [ -121.509136971085994, 36.818404926947601 ], [ -121.509455971508004, 36.818401926616502 ], [ -121.509477971251997, 36.818396927260203 ], [ -121.509524971226, 36.818371927289498 ], [ -121.509762971233997, 36.818207927067199 ], [ -121.510032971192999, 36.8180339272119 ], [ -121.510080970890002, 36.818008926733803 ], [ -121.510116971201001, 36.817995926354001 ], [ -121.510180970768005, 36.817983926736602 ], [ -121.510217971212001, 36.817980926905904 ], [ -121.510326971148999, 36.817986926544997 ], [ -121.510414971713999, 36.817998926856099 ], [ -121.510541970885001, 36.818028927197503 ], [ -121.510639970770001, 36.818064926922602 ], [ -121.510798971412001, 36.818134926596699 ], [ -121.510908971364003, 36.818210926999299 ], [ -121.511146971054004, 36.818450927007397 ], [ -121.511221971118005, 36.8185099267127 ], [ -121.511260971282994, 36.818530926626998 ], [ -121.511335971036999, 36.818557926911602 ], [ -121.511372971870003, 36.818564926688602 ], [ -121.511408971361007, 36.818566926342797 ], [ -121.511445970907999, 36.818562926429401 ], [ -121.511544970941998, 36.818535927040301 ], [ -121.512318971823007, 36.818202926664704 ], [ -121.512646972088007, 36.818073926946603 ], [ -121.512868971304002, 36.817996926762198 ], [ -121.512949971270004, 36.817974926747503 ], [ -121.513124971988006, 36.817938926632401 ], [ -121.513254971896998, 36.817923926432002 ], [ -121.513378971378998, 36.817918926142802 ], [ -121.513792971155993, 36.817932926757301 ], [ -121.513819971242, 36.817670926592001 ], [ -121.513853971263998, 36.817602926280898 ], [ -121.513919972066006, 36.817513926046303 ], [ -121.514110971327, 36.817306926360402 ], [ -121.514191971339002, 36.817198926376498 ], [ -121.514269971182998, 36.817077926327599 ], [ -121.514333971577997, 36.816940926036096 ], [ -121.514374972238997, 36.816800926678397 ], [ -121.514432971906004, 36.816529925982103 ], [ -121.514471971988996, 36.816230926337298 ], [ -121.514496971425004, 36.815912926428901 ], [ -121.514493971739, 36.815824926094002 ], [ -121.514462971461995, 36.8155579266909 ], [ -121.514475971829, 36.815280926636298 ], [ -121.514483971985001, 36.815229926209902 ], [ -121.514500971695, 36.815174926684797 ], [ -121.514528971695, 36.815126926207697 ], [ -121.514561971552993, 36.815087926172502 ], [ -121.514714971054005, 36.8149429260517 ], [ -121.514758971836997, 36.814885926364099 ], [ -121.514846971828007, 36.814749925734603 ], [ -121.514912971090993, 36.8146209258041 ], [ -121.514967971781999, 36.814479926337803 ], [ -121.515006971662004, 36.814333926227903 ], [ -121.515078972021001, 36.813907926422097 ], [ -121.515103971477998, 36.8137109257571 ], [ -121.515099971972006, 36.8136709261967 ], [ -121.515090971649002, 36.813641926206202 ], [ -121.515074971052996, 36.813616926525299 ], [ -121.514990971752994, 36.813535926389697 ], [ -121.514920971677995, 36.813494926114799 ], [ -121.514660971653996, 36.813411925887898 ], [ -121.514590970998995, 36.813374926153401 ], [ -121.514529971749994, 36.813329926517397 ], [ -121.514434971816002, 36.813215925909702 ], [ -121.514406971661998, 36.813188926034798 ], [ -121.514366971794999, 36.8131619264012 ], [ -121.514108970747003, 36.8130219263399 ], [ -121.513746971467995, 36.8128589261418 ], [ -121.513497971529006, 36.812731926505101 ], [ -121.513373971351001, 36.812655925684702 ], [ -121.513290971450004, 36.812597925958698 ], [ -121.513139971448993, 36.812471926192103 ], [ -121.513060970485995, 36.812398926459501 ], [ -121.513001970944003, 36.812327926207601 ], [ -121.512965971347001, 36.812275926256603 ], [ -121.512932970494006, 36.812213926306498 ], [ -121.512910970397002, 36.812153925988198 ], [ -121.512895971378995, 36.812048925787003 ], [ -121.512573971009004, 36.811835926071602 ], [ -121.512528970850994, 36.811800925951196 ], [ -121.512439970431998, 36.8117209262724 ], [ -121.512189970627006, 36.811547925986403 ], [ -121.511831970952002, 36.811308926091201 ], [ -121.511480970403994, 36.811066925707898 ], [ -121.511213970542997, 36.810868926292599 ], [ -121.511115970122006, 36.810801925690498 ], [ -121.510717970106995, 36.8105449257353 ], [ -121.510638970209996, 36.810487926395197 ], [ -121.510461970061002, 36.810371926408003 ], [ -121.509850970414007, 36.810035926407103 ], [ -121.509651970666994, 36.809933925893802 ], [ -121.509598970503006, 36.809899925796003 ], [ -121.509484970253993, 36.809816926456598 ], [ -121.509335969795004, 36.809688926545 ], [ -121.509278970093007, 36.809630925839897 ], [ -121.509092970104007, 36.809458926317902 ], [ -121.508730969669998, 36.8090399260753 ], [ -121.508572970480003, 36.808869926510802 ], [ -121.508538969438007, 36.808840925715501 ], [ -121.508468969502999, 36.8087929263842 ], [ -121.508393969967997, 36.808726926056302 ], [ -121.508055969508007, 36.808460926136 ], [ -121.507960969314993, 36.8083969259065 ], [ -121.507880969902999, 36.808353925758901 ], [ -121.507813970276999, 36.808324926381601 ], [ -121.507764969657998, 36.8082969264076 ], [ -121.507659970125999, 36.8082239256495 ], [ -121.507578969628, 36.808156925818999 ], [ -121.507468969993994, 36.808032925694 ], [ -121.507391969658997, 36.8079719257478 ], [ -121.507324969725005, 36.807903925912697 ], [ -121.507267969921003, 36.8078359261077 ], [ -121.507217969383007, 36.807759925726501 ], [ -121.507142969946997, 36.807572926033103 ], [ -121.507124969735997, 36.807521925717801 ], [ -121.507055970059, 36.807323926492103 ], [ -121.506949969741001, 36.807047925685197 ], [ -121.506929969702995, 36.806972926080597 ], [ -121.506914969028003, 36.8069389257411 ], [ -121.506869969997993, 36.806874926024904 ], [ -121.506845969818997, 36.806832925681 ], [ -121.506809969627994, 36.806743925920998 ], [ -121.506734968852996, 36.806504925726202 ], [ -121.506667968989007, 36.806451925962897 ], [ -121.506471969727997, 36.806271926369703 ], [ -121.505981969272, 36.805834926147398 ], [ -121.505638969475001, 36.805557925705699 ], [ -121.505616968770994, 36.805542926299701 ], [ -121.505289969564998, 36.805325926171299 ], [ -121.505064969046998, 36.8051709256534 ], [ -121.504777969103998, 36.804956926145898 ], [ -121.504576968698998, 36.804816925622099 ], [ -121.504314969215997, 36.804603925919501 ], [ -121.504262969278003, 36.804557925661904 ], [ -121.504732969171002, 36.804531925708702 ], [ -121.505286969067996, 36.804515925624301 ], [ -121.506718969396999, 36.8044539259365 ], [ -121.512275970361998, 36.804224925004199 ], [ -121.513872969993002, 36.803636925032698 ], [ -121.514171970362, 36.803767925270598 ], [ -121.517474970189994, 36.802827924937901 ], [ -121.519329970589993, 36.802300924487199 ], [ -121.521356970948005, 36.801719924394803 ], [ -121.523557971589995, 36.801061924630602 ], [ -121.525139971805004, 36.800819924228001 ], [ -121.539523973106995, 36.797235922861098 ], [ -121.540345973653999, 36.797034922619702 ], [ -121.540694973366001, 36.796768922572497 ], [ -121.542786973450006, 36.795808922818303 ], [ -121.543842973702994, 36.795553922104403 ], [ -121.547481974350006, 36.794643922512002 ], [ -121.548133974872002, 36.794483922534098 ] ] ] } },
{ "type": "Feature", "properties": { "FID": 3, "ID": 9, "AREA": 1197.8, "DISTRICT": "4", "NAME": "District 4", "POPULATION": 12902, "HISPANIC": 5806, "WHITE": 5907, "BLACK": 133, "NATIVEAMER": 156, "ASIAN": 631, "PACIFICISL": 43, "OTHER": 174, "OTHERMULTI": 52, "VAP_TOTAL": 9856, "VAP_LATINO": 3990, "VAP_WHITE": 4956, "VAP_BLACK": 84, "VAP_NATIVE": 141, "VAP_ASIAN": 492, "VAP_PACIFI": 26, "VAP_OTHER": 131, "VAP_OTHERM": 36, "CVAP_TOTAL": 8833.1977, "CVAP_LATIN": 3065.9759, "CVAP_WHITE": 5235.1792, "CVAP_BLACK": 66.7728, "CVAP_ASIAN": 416.0698, "CVAP_NATIV": 34.0, "CVAP_OTHER": 15.2, "IDEAL_VALU": 12867, "DEVIATION": 35, "Supervisor": "Angela Curro", "Email": "SupervisorCurro@cosb.us", "Website": "https://www.cosb.us/government/county-of-san-benito-board-of-supervisors-bos", "Image": "https://www.cosb.us/home/showpublishedimage/2621", "DIST_ID": 4, "DIST_NAME": "4", "SHAPE_Leng": 0.0, "DX_DEV": 35, "SUP_NAME": "Angela Curro", "Shape__Are": 4754152530.7600002, "Shape__Len": 428020.34104099998, "Shape__Area": 33398577735.203125, "Shape__Length": 1119765.3321474015, "Hispanic2": 5806, "POP2": 12902, "Afr2": 133, "AMer2": 156, "Asian2": 631, "Haw2": 43, "Other2": 174, "OtherM2": 52, "Whi2": 5907 }, "geometry": { "type": "Polygon", "coordinates": [ [ [ -121.487786961576006, 36.763983923597898 ], [ -121.489041962334994, 36.763864923273097 ], [ -121.490476961772998, 36.763274923063697 ], [ -121.490764961932996, 36.762956923671297 ], [ -121.491200962875993, 36.762745922805898 ], [ -121.491688962572994, 36.762809923256199 ], [ -121.492605962377993, 36.763315922948003 ], [ -121.493406963073994, 36.762909923062402 ], [ -121.493530962652002, 36.762741922694097 ], [ -121.494084963052003, 36.762589923257103 ], [ -121.494618962749996, 36.762444922753097 ], [ -121.495025962550997, 36.762152923269198 ], [ -121.495497963247004, 36.762095923198402 ], [ -121.495750962849996, 36.761970922954397 ], [ -121.496012962546999, 36.761499923075903 ], [ -121.496227963340004, 36.7612939230671 ], [ -121.496481963191002, 36.761104922625101 ], [ -121.497429963395007, 36.760401922402899 ], [ -121.497630962949003, 36.760380922146602 ], [ -121.501064964017999, 36.760133921887302 ], [ -121.502439963295998, 36.760204921818101 ], [ -121.502635963954006, 36.759831922155698 ], [ -121.503043964225995, 36.759059921949202 ], [ -121.503368963238998, 36.758445922332797 ], [ -121.504023963343002, 36.757209921589002 ], [ -121.505760964325006, 36.7589139222871 ], [ -121.508353964348998, 36.761138922131302 ], [ -121.510895965136001, 36.763319921908803 ], [ -121.514332966039007, 36.766267922356597 ], [ -121.520481967343002, 36.771541921623502 ], [ -121.535065971191003, 36.7836419217154 ], [ -121.535644971447994, 36.784122921754403 ], [ -121.535658970902006, 36.7841339217211 ], [ -121.548133974872002, 36.794483922534297 ], [ -121.547481974350006, 36.794643922512002 ], [ -121.543842973702994, 36.795553922104503 ], [ -121.542786973450006, 36.795808922818303 ], [ -121.540694973366001, 36.796768922572603 ], [ -121.540345973653999, 36.797034922619801 ], [ -121.539523973106995, 36.797235922861198 ], [ -121.525139971805004, 36.800819924228101 ], [ -121.523557971589995, 36.801061924630602 ], [ -121.521356970946997, 36.801719924394902 ], [ -121.519329970589993, 36.802300924487199 ], [ -121.517474970189994, 36.802827924938001 ], [ -121.514171970361005, 36.803767925270698 ], [ -121.513872969993002, 36.803636925032698 ], [ -121.512275970361998, 36.804224925004199 ], [ -121.506718969396999, 36.804453925936599 ], [ -121.505286969067996, 36.804515925624401 ], [ -121.504732969171002, 36.804531925708801 ], [ -121.504262969278003, 36.804557925662003 ], [ -121.504314969215997, 36.804603925919601 ], [ -121.504576968698998, 36.804816925622099 ], [ -121.504777969103998, 36.804956926145998 ], [ -121.505064969046998, 36.805170925653499 ], [ -121.505289969564998, 36.805325926171399 ], [ -121.505616968769999, 36.8055429262998 ], [ -121.505638969475001, 36.805557925705799 ], [ -121.505981969272, 36.805834926147398 ], [ -121.506471969727002, 36.806271926369803 ], [ -121.506667968987998, 36.806451925963003 ], [ -121.506734968852996, 36.806504925726301 ], [ -121.506809969627994, 36.806743925921097 ], [ -121.506845969818997, 36.8068329256811 ], [ -121.506869969996998, 36.806874926025003 ], [ -121.506914969028003, 36.8069389257411 ], [ -121.506929969702995, 36.806972926080697 ], [ -121.506949969741001, 36.807047925685197 ], [ -121.507055970059, 36.807323926492202 ], [ -121.507124969735997, 36.8075219257179 ], [ -121.507142969946997, 36.807572926033103 ], [ -121.507217969381998, 36.8077599257266 ], [ -121.507267969921003, 36.8078359261077 ], [ -121.507324969725005, 36.807903925912797 ], [ -121.507391969658997, 36.8079719257479 ], [ -121.507468969993994, 36.808032925694 ], [ -121.507578969628, 36.808156925819098 ], [ -121.507659970125999, 36.8082239256495 ], [ -121.507764969657998, 36.808296926407699 ], [ -121.507813970276999, 36.808324926381701 ], [ -121.507880969902999, 36.808353925759 ], [ -121.507960969314993, 36.8083969259066 ], [ -121.508055969508007, 36.808460926136 ], [ -121.508393969967003, 36.808726926056401 ], [ -121.508468969502999, 36.808792926384299 ], [ -121.508538969438007, 36.8088409257156 ], [ -121.508572970478994, 36.808869926510901 ], [ -121.508730969669998, 36.8090399260754 ], [ -121.509092970104007, 36.809458926318001 ], [ -121.509278970093007, 36.809630925839997 ], [ -121.509335969795004, 36.8096889265451 ], [ -121.509484970253993, 36.809816926456698 ], [ -121.509598970503006, 36.809899925796103 ], [ -121.509651970666994, 36.809933925893901 ], [ -121.509850970414007, 36.810035926407203 ], [ -121.510461970061002, 36.810371926408003 ], [ -121.510638970209001, 36.810487926395297 ], [ -121.510717970106995, 36.8105449257354 ], [ -121.511115970122006, 36.810801925690598 ], [ -121.511213970542997, 36.810868926292699 ], [ -121.511480970403994, 36.811066925707898 ], [ -121.511831970950993, 36.8113089260913 ], [ -121.512189970627006, 36.811547925986503 ], [ -121.512439970431998, 36.8117209262725 ], [ -121.512528970849999, 36.811800925951303 ], [ -121.512573971009004, 36.811835926071701 ], [ -121.512895971378995, 36.812048925787103 ], [ -121.512910970397002, 36.812153925988397 ], [ -121.512932970494006, 36.812213926306598 ], [ -121.512965971347001, 36.812275926256802 ], [ -121.513001970944003, 36.812327926207701 ], [ -121.513060970485995, 36.812398926459601 ], [ -121.513139971448993, 36.812471926192202 ], [ -121.513290971450004, 36.812597925958798 ], [ -121.513373971351001, 36.812655925684801 ], [ -121.513497971529006, 36.812731926505201 ], [ -121.513746971467995, 36.812858926141899 ], [ -121.514108970747003, 36.8130219263399 ], [ -121.514366971794004, 36.8131619264012 ], [ -121.514406971661998, 36.813188926034897 ], [ -121.514434971816002, 36.813215925909802 ], [ -121.514529971749994, 36.813329926517497 ], [ -121.514590970998995, 36.8133749261535 ], [ -121.514660971653996, 36.813411925887998 ], [ -121.514920971677995, 36.813494926114799 ], [ -121.514990971752994, 36.813535926389797 ], [ -121.515074971052996, 36.813616926525398 ], [ -121.515090971649002, 36.813641926206301 ], [ -121.515099971970997, 36.813670926196799 ], [ -121.515103971477004, 36.813710925757199 ], [ -121.515078972021001, 36.813907926422203 ], [ -121.515006971662004, 36.814333926228002 ], [ -121.514967971781005, 36.814479926337903 ], [ -121.514912971090993, 36.814620925804199 ], [ -121.514846971828007, 36.814749925734702 ], [ -121.514758971836997, 36.814885926364198 ], [ -121.514714971054005, 36.814942926051799 ], [ -121.514561971551998, 36.815087926172502 ], [ -121.514528971695, 36.815126926207803 ], [ -121.514500971694005, 36.815174926684897 ], [ -121.514483971985001, 36.815229926210002 ], [ -121.514475971829, 36.815280926636397 ], [ -121.514462971461995, 36.815557926691 ], [ -121.514493971739, 36.815824926094102 ], [ -121.514496971425004, 36.815912926429 ], [ -121.514471971988996, 36.816230926337397 ], [ -121.514432971906004, 36.816529925982202 ], [ -121.514374972238997, 36.816800926678503 ], [ -121.514333971577997, 36.816940926036203 ], [ -121.514269971182998, 36.817077926327599 ], [ -121.514191971339002, 36.817198926376598 ], [ -121.514110971327, 36.817306926360502 ], [ -121.513919972066006, 36.817513926046502 ], [ -121.513853971263998, 36.817602926280998 ], [ -121.513819971242, 36.8176709265921 ], [ -121.513792971155993, 36.8179329267574 ], [ -121.513378971378998, 36.817918926142902 ], [ -121.513254971896998, 36.817923926432101 ], [ -121.513124971988006, 36.8179389266325 ], [ -121.512949971270004, 36.817974926747603 ], [ -121.512868971304002, 36.817996926762198 ], [ -121.512646972088007, 36.818073926946703 ], [ -121.512318971823007, 36.818202926664803 ], [ -121.511544970941003, 36.818535927040301 ], [ -121.511445970907999, 36.8185629264295 ], [ -121.511408971361007, 36.818566926342903 ], [ -121.511372971870003, 36.818564926688701 ], [ -121.511335971036999, 36.818557926911602 ], [ -121.511260971282994, 36.818530926627098 ], [ -121.511221971116996, 36.8185099267127 ], [ -121.511146971054004, 36.818450927007497 ], [ -121.510908971364003, 36.818210926999399 ], [ -121.510798971412001, 36.818134926596798 ], [ -121.510639970770001, 36.818064926922702 ], [ -121.510541970885001, 36.818028927197602 ], [ -121.510414971713999, 36.817998926856198 ], [ -121.510326971148999, 36.817986926545103 ], [ -121.510217971212001, 36.817980926906003 ], [ -121.510180970768005, 36.817983926736801 ], [ -121.510116971201001, 36.817995926354101 ], [ -121.510080970890002, 36.818008926733903 ], [ -121.510032971192999, 36.8180339272119 ], [ -121.509762971233997, 36.818207927067299 ], [ -121.509524971226, 36.818371927289597 ], [ -121.509477971251997, 36.818396927260302 ], [ -121.509455971508004, 36.818401926616602 ], [ -121.509136971085994, 36.8184049269477 ], [ -121.5090469708, 36.8184169268673 ], [ -121.508671970698998, 36.818523927265097 ], [ -121.508499970509007, 36.818561926618997 ], [ -121.508305970571001, 36.818594926705998 ], [ -121.508124970579004, 36.8186089273077 ], [ -121.508012970411997, 36.818612927311698 ], [ -121.507904970461993, 36.8186279267277 ], [ -121.507849971172007, 36.818645927372799 ], [ -121.507796970529, 36.818678926977398 ], [ -121.507766970858, 36.818712927385498 ], [ -121.507676971028999, 36.818833926964302 ], [ -121.507630970565003, 36.818886927257203 ], [ -121.507581970914998, 36.818933927246697 ], [ -121.507534970795007, 36.8189679266642 ], [ -121.507438970638006, 36.819022926830201 ], [ -121.507387970311996, 36.8190439272052 ], [ -121.507292971159004, 36.8190699268225 ], [ -121.507144970786996, 36.819098926708598 ], [ -121.506848970521006, 36.819138927256397 ], [ -121.506366970249005, 36.819161927553402 ], [ -121.506317970431994, 36.819170927543098 ], [ -121.506245970932994, 36.819194927372997 ], [ -121.506221970755007, 36.819216927368203 ], [ -121.506114970962003, 36.819424926761201 ], [ -121.506095971077997, 36.819453927146697 ], [ -121.506074970208999, 36.819473926921503 ], [ -121.506040970643994, 36.819495927564198 ], [ -121.506002970839006, 36.819509926895897 ], [ -121.505969970446003, 36.819507927581199 ], [ -121.505947970795006, 36.819501927502003 ], [ -121.505923970159998, 36.819487927435603 ], [ -121.505833970333995, 36.819400926897998 ], [ -121.505768971044006, 36.819314927024898 ], [ -121.505744970606003, 36.8192599273887 ], [ -121.505718971106006, 36.8191639268885 ], [ -121.505705970351002, 36.819065927348198 ], [ -121.505703970783003, 36.818701927043399 ], [ -121.505690970909995, 36.818589926819399 ], [ -121.505669970765993, 36.818541927194701 ], [ -121.505628970987004, 36.818497926892 ], [ -121.505558970224996, 36.818460927312202 ], [ -121.505514970603002, 36.818446927566299 ], [ -121.505379970518007, 36.818418926943998 ], [ -121.505304970815004, 36.818392927196697 ], [ -121.505126970218996, 36.818440927599497 ], [ -121.505067970671007, 36.818463927455198 ], [ -121.504931969908, 36.818545926950399 ], [ -121.504610970570994, 36.818821926979702 ], [ -121.504476970511007, 36.818944927659899 ], [ -121.504358970298995, 36.819064927032599 ], [ -121.504268970362006, 36.819171926873302 ], [ -121.504200969918003, 36.819295927615997 ], [ -121.504135969936002, 36.819531927363997 ], [ -121.504101970446001, 36.819602927448798 ], [ -121.504010969882998, 36.819731927550102 ], [ -121.503890970797997, 36.819879927228399 ], [ -121.503850970092998, 36.8199359273761 ], [ -121.503821970340994, 36.819986927224498 ], [ -121.503796970349995, 36.8200619276342 ], [ -121.503789970567993, 36.820113927516701 ], [ -121.503793970310994, 36.820192927329302 ], [ -121.503815970915994, 36.820255927376699 ], [ -121.503881970753994, 36.820374927025902 ], [ -121.503925970121003, 36.820443927532402 ], [ -121.504077970536002, 36.820654927646103 ], [ -121.504162970858005, 36.820803927038099 ], [ -121.504196970326007, 36.820899927741301 ], [ -121.504225970242999, 36.821096927854903 ], [ -121.504225970459004, 36.8211819278186 ], [ -121.504209970527, 36.821290927611003 ], [ -121.504164970356996, 36.821408927196899 ], [ -121.504065970775997, 36.821609927233403 ], [ -121.503945970402995, 36.8218089272019 ], [ -121.503865971107004, 36.821925927806099 ], [ -121.503792970484, 36.822016927639098 ], [ -121.503766970086005, 36.8220589274395 ], [ -121.503750970734998, 36.822096927817803 ], [ -121.503744971116006, 36.822132927351603 ], [ -121.503754970680006, 36.822187927881203 ], [ -121.503799970618999, 36.822344927288903 ], [ -121.504623970237006, 36.822556927358498 ], [ -121.505346970635998, 36.822787927674298 ], [ -121.506241971611004, 36.823034927621499 ], [ -121.507094971003994, 36.823315927874397 ], [ -121.507673971128995, 36.823592927020599 ], [ -121.508140971204995, 36.823869927193897 ], [ -121.508261971498996, 36.8239749272308 ], [ -121.508408971571995, 36.824100927903402 ], [ -121.508580971184003, 36.824647927294599 ], [ -121.508630972012, 36.824706927246602 ], [ -121.508671972073003, 36.824764927202899 ], [ -121.508763971820997, 36.824911927539297 ], [ -121.508870971304006, 36.825026927144101 ], [ -121.509002972146007, 36.825150927229899 ], [ -121.509178972141001, 36.825279927251401 ], [ -121.509411972246994, 36.825418927431798 ], [ -121.509816971998006, 36.825699927426797 ], [ -121.509946971778007, 36.825798927669503 ], [ -121.510101972173999, 36.825907927864897 ], [ -121.510334972528, 36.826056927144698 ], [ -121.510448971881999, 36.8261249273381 ], [ -121.511085971751001, 36.826421927169598 ], [ -121.512156971986002, 36.826861927354898 ], [ -121.512408971907007, 36.826977927005899 ], [ -121.512597972188999, 36.8270849278789 ], [ -121.512755972590995, 36.8271809274001 ], [ -121.512967972311998, 36.8273309278147 ], [ -121.513117972329994, 36.827444927079497 ], [ -121.513579973286994, 36.827774927839997 ], [ -121.513646972456002, 36.827840927609003 ], [ -121.513728972647002, 36.827937927632497 ], [ -121.513920972361007, 36.828182927256201 ], [ -121.513997972816995, 36.828319927577397 ], [ -121.514092973101995, 36.828506927358397 ], [ -121.514290972853004, 36.828860927883099 ], [ -121.514488973062001, 36.829270927092601 ], [ -121.514625973283003, 36.829538927758698 ], [ -121.514682973448998, 36.829628927142899 ], [ -121.515033972904007, 36.830038927861303 ], [ -121.515381973138005, 36.830434927893599 ], [ -121.515659973102998, 36.830726927147097 ], [ -121.515716973929003, 36.830780927837502 ], [ -121.515773972893001, 36.830823927962101 ], [ -121.515963973647999, 36.830937927757297 ], [ -121.516006973309999, 36.830968927569103 ], [ -121.516049973153997, 36.831030927846697 ], [ -121.516159973260997, 36.831250927327602 ], [ -121.516311973320001, 36.8314539273318 ], [ -121.516498973390995, 36.831677927701698 ], [ -121.516865973246993, 36.832277927796603 ], [ -121.515495973119997, 36.831902927350697 ], [ -121.515004972941, 36.831772927487698 ], [ -121.514482972967997, 36.831627927897301 ], [ -121.513028972727994, 36.831204927775801 ], [ -121.512562973420003, 36.831076927855499 ], [ -121.512364973277997, 36.831016927356004 ], [ -121.511906972535996, 36.8308649273757 ], [ -121.511088973019, 36.830638928214 ], [ -121.510381972022003, 36.830469927771198 ], [ -121.509954971964007, 36.830359927956103 ], [ -121.508724972126004, 36.830004927985001 ], [ -121.507601971591995, 36.8296889283274 ], [ -121.506783971586998, 36.829452928179599 ], [ -121.506576972017001, 36.829398927868098 ], [ -121.505324971755002, 36.8290529280657 ], [ -121.504136971291004, 36.828735928542699 ], [ -121.503837971516006, 36.828647928150197 ], [ -121.503441971475993, 36.828516928484603 ], [ -121.503013970978998, 36.828361927813503 ], [ -121.501948971369998, 36.827954927942301 ], [ -121.501842971063994, 36.827909927910397 ], [ -121.501707971011996, 36.827866927955903 ], [ -121.501561970731004, 36.827811928102903 ], [ -121.501458970952996, 36.827782928049999 ], [ -121.501231970587, 36.827735928097297 ], [ -121.500906970258001, 36.8276779283702 ], [ -121.500726970618004, 36.827636927860297 ], [ -121.500650971210007, 36.827610927992701 ], [ -121.500060970521005, 36.827381927945503 ], [ -121.499417970573006, 36.827126928076503 ], [ -121.498922970424005, 36.826913928566803 ], [ -121.498241970250007, 36.8266079285712 ], [ -121.497853970532006, 36.826439928608401 ], [ -121.494730970009002, 36.826535928229902 ], [ -121.492833968282994, 36.820053927907999 ], [ -121.490062968082995, 36.821133928558503 ], [ -121.490192969389994, 36.826617929021801 ], [ -121.487671968997006, 36.826673929160599 ], [ -121.485356968475998, 36.826706929442501 ], [ -121.479719967945996, 36.826785929357001 ], [ -121.475956967363999, 36.826847930168697 ], [ -121.473056966507002, 36.826876930142603 ], [ -121.470095965723999, 36.826890930182401 ], [ -121.468582965956998, 36.826174929971899 ], [ -121.467346965786007, 36.825650930338298 ], [ -121.467141964937994, 36.825687930236498 ], [ -121.466873965093995, 36.8257519305388 ], [ -121.466706965477002, 36.825810930852697 ], [ -121.466513965294993, 36.825893930915697 ], [ -121.465237964666002, 36.826541930797099 ], [ -121.465084964588996, 36.8266119305259 ], [ -121.464991965053997, 36.826648930859399 ], [ -121.464889965609999, 36.826683930826299 ], [ -121.464648965096998, 36.826752930788501 ], [ -121.463800965513002, 36.826977930986203 ], [ -121.463622965037004, 36.827038930558103 ], [ -121.463086964854995, 36.827291930630203 ], [ -121.462782964916002, 36.827400930678998 ], [ -121.462636965369995, 36.827442930642 ], [ -121.462499965299003, 36.827470931018297 ], [ -121.462298964948999, 36.827522931185797 ], [ -121.462091964232997, 36.827588930759397 ], [ -121.461907964554001, 36.827677930601197 ], [ -121.461765964772994, 36.8277579307019 ], [ -121.461691964479996, 36.827807930588698 ], [ -121.461544964463002, 36.8279319306018 ], [ -121.461450964731995, 36.828034931428299 ], [ -121.461375965296, 36.8281339312136 ], [ -121.461217964949, 36.828377930748999 ], [ -121.460682964382002, 36.829228931344502 ], [ -121.459726965284005, 36.830772931042603 ], [ -121.459512965282997, 36.831074931160899 ], [ -121.458288965248997, 36.8330449318264 ], [ -121.457404964735005, 36.834441932033798 ], [ -121.457223965105001, 36.834734931723403 ], [ -121.457046964529994, 36.835061931754701 ], [ -121.456901964983004, 36.835441932080201 ], [ -121.456861964660007, 36.835597932168803 ], [ -121.456798965171004, 36.835925932212199 ], [ -121.456784964978993, 36.836035931988398 ], [ -121.456786964843005, 36.836429932525498 ], [ -121.456840964546998, 36.837026931894599 ], [ -121.456836965131004, 36.837192932235602 ], [ -121.456805964495004, 36.837493931860799 ], [ -121.456809964605, 36.837672932424603 ], [ -121.456825964519993, 36.837749932390103 ], [ -121.456873965618001, 36.837858931894601 ], [ -121.456961965323003, 36.838014932396199 ], [ -121.456999965456006, 36.838108931900003 ], [ -121.457019965217995, 36.838196931986197 ], [ -121.457023965402001, 36.838286932437597 ], [ -121.457008964913996, 36.838412931840701 ], [ -121.456987964937994, 36.8384859322314 ], [ -121.456952964861003, 36.838547932616997 ], [ -121.456873964728999, 36.838651932301197 ], [ -121.456751965484997, 36.8387659325969 ], [ -121.456657965052003, 36.838836932070599 ], [ -121.456557965173005, 36.838901932197103 ], [ -121.456458964728995, 36.838780931935901 ], [ -121.456382964710997, 36.838699931906298 ], [ -121.456158965151005, 36.8384919327791 ], [ -121.456024964533995, 36.838388932576599 ], [ -121.455801964925001, 36.838239931913002 ], [ -121.455692965444001, 36.838181932436697 ], [ -121.455449964929002, 36.838064932669099 ], [ -121.455239964729003, 36.837984932018898 ], [ -121.455054964737997, 36.837927932406899 ], [ -121.454764964427, 36.837858932090597 ], [ -121.454601964844997, 36.837830932729098 ], [ -121.454438965201007, 36.837810932605002 ], [ -121.454214964241999, 36.837796932560998 ], [ -121.453790964657003, 36.837799932093397 ], [ -121.452932965030996, 36.837837932386797 ], [ -121.451980963818002, 36.837886932697401 ], [ -121.451488964674994, 36.837912932906598 ], [ -121.451174964775007, 36.8379199325557 ], [ -121.451024964153007, 36.837918932211302 ], [ -121.450881963713002, 36.837910932546599 ], [ -121.450710964688, 36.837888932507298 ], [ -121.450479963660996, 36.837844932778403 ], [ -121.450285964474006, 36.837797932638701 ], [ -121.450213963628002, 36.8377759330833 ], [ -121.449831964094997, 36.837632933025702 ], [ -121.447497963689997, 36.836591932385701 ], [ -121.446779963718001, 36.836262932897597 ], [ -121.446055963733997, 36.835938932491601 ], [ -121.445421963241998, 36.835663932412501 ], [ -121.445140963195001, 36.835560933159101 ], [ -121.444990963379993, 36.835516932608002 ], [ -121.444802962503005, 36.8354789326118 ], [ -121.444550962397997, 36.835440933148 ], [ -121.444210962699003, 36.8354109330527 ], [ -121.442896962461006, 36.835331932973503 ], [ -121.442594963106998, 36.835295932691302 ], [ -121.442426962455997, 36.835264932614798 ], [ -121.442282962128999, 36.8352289325736 ], [ -121.442116962135998, 36.835177933139597 ], [ -121.441564962460006, 36.834958932657997 ], [ -121.440885962465003, 36.8346619328724 ], [ -121.439864962632001, 36.834231933374497 ], [ -121.439613961936999, 36.834102932884797 ], [ -121.439324962336002, 36.833935933069803 ], [ -121.439231961607007, 36.833874932917901 ], [ -121.438244961289001, 36.833221932677198 ], [ -121.437032961870997, 36.832461933375797 ], [ -121.436232960940004, 36.831948932715903 ], [ -121.435776961342995, 36.831643933379503 ], [ -121.43517296073, 36.831283932711202 ], [ -121.434980961318004, 36.831172933288002 ], [ -121.433305960217993, 36.830094933497499 ], [ -121.433092960297003, 36.829951933051099 ], [ -121.432839961021998, 36.829783933158303 ], [ -121.432446960798003, 36.8295379332748 ], [ -121.432029960400996, 36.8292829331006 ], [ -121.431789960000998, 36.829124932934597 ], [ -121.431479959788007, 36.8289029331048 ], [ -121.431330959985004, 36.828789933048398 ], [ -121.430853960394998, 36.828368933026901 ], [ -121.430355960507995, 36.827852933301102 ], [ -121.429983959500007, 36.827442932878199 ], [ -121.429653959573997, 36.827058932814303 ], [ -121.429353959688996, 36.826750932801801 ], [ -121.429155960014, 36.826580933183102 ], [ -121.429026959089995, 36.8264829329175 ], [ -121.428890959902006, 36.826394933034997 ], [ -121.428755959735, 36.826317932852803 ], [ -121.428503959289998, 36.826192933335498 ], [ -121.428301959513007, 36.826108933102397 ], [ -121.428019959677002, 36.826022933233098 ], [ -121.427884958977003, 36.825988932825403 ], [ -121.426402958628998, 36.825693932939899 ], [ -121.426065958712996, 36.825636932930102 ], [ -121.425837959442006, 36.825609933107103 ], [ -121.425610958728001, 36.825598933043203 ], [ -121.425342958832005, 36.8256019333935 ], [ -121.425173958502, 36.825613933258197 ], [ -121.425027958591002, 36.825631933757101 ], [ -121.424700959369005, 36.825690932944099 ], [ -121.424582958539006, 36.8257219330238 ], [ -121.424351958966, 36.825799933791203 ], [ -121.424049958642996, 36.825913933762003 ], [ -121.422498958766994, 36.826548933460799 ], [ -121.421422958511997, 36.826979933477503 ], [ -121.421096958649997, 36.827092933944201 ], [ -121.420757957918994, 36.827183934057103 ], [ -121.4206459583, 36.827208933826697 ], [ -121.420500958877, 36.8272349339735 ], [ -121.420327957959003, 36.827247933744999 ], [ -121.420041958373005, 36.827252933757997 ], [ -121.419990957921996, 36.8272769340441 ], [ -121.419839957982006, 36.827277933551798 ], [ -121.419608958176994, 36.827268933915597 ], [ -121.419330958114003, 36.827232933920897 ], [ -121.419097957949006, 36.827186933544603 ], [ -121.418816958001997, 36.827110933919101 ], [ -121.418626958209998, 36.827046933513301 ], [ -121.417725957456, 36.826692934314302 ], [ -121.417005957623005, 36.826439934086601 ], [ -121.416725958089998, 36.826353934022997 ], [ -121.416467958062995, 36.826282933538003 ], [ -121.416145957932997, 36.826203934214199 ], [ -121.413999957209995, 36.825702934099603 ], [ -121.412036956302998, 36.825237934153201 ], [ -121.411433956687006, 36.825099934530598 ], [ -121.410608956765003, 36.824916934440999 ], [ -121.410058956355996, 36.824801933958298 ], [ -121.409167956114999, 36.8246249342778 ], [ -121.40851295569, 36.824504934102301 ], [ -121.407448956576005, 36.8243039343226 ], [ -121.406890955584004, 36.824202934020803 ], [ -121.406645956218995, 36.8241659342007 ], [ -121.406473956100996, 36.824148934479801 ], [ -121.406293956387998, 36.824138934907602 ], [ -121.406144956153994, 36.824136934637501 ], [ -121.406013955882003, 36.824139934246404 ], [ -121.405807955800995, 36.824154934511697 ], [ -121.405607955744998, 36.824183934629403 ], [ -121.405380955718996, 36.824228934263601 ], [ -121.405209955654001, 36.8242699346645 ], [ -121.405071955969007, 36.824310934661703 ], [ -121.404875955620994, 36.824387934894098 ], [ -121.404724955144999, 36.824461934740697 ], [ -121.404586955743994, 36.824535934963002 ], [ -121.404538955272997, 36.824509934761998 ], [ -121.404387955133998, 36.8245939347335 ], [ -121.404076955769, 36.824800934806703 ], [ -121.403438956008998, 36.825260934815702 ], [ -121.403472955306, 36.825293934729501 ], [ -121.402820955110997, 36.825745935047102 ], [ -121.402064955637996, 36.826290935086703 ], [ -121.401243955474001, 36.826872934715198 ], [ -121.401037955199001, 36.8270189353224 ], [ -121.400860955620004, 36.827139935364102 ], [ -121.400685955216005, 36.8272709351657 ], [ -121.400467955580993, 36.827454935350502 ], [ -121.400265955300995, 36.827608935548902 ], [ -121.400153954954007, 36.827680934978503 ], [ -121.400076955106996, 36.827721935475701 ], [ -121.400020955387006, 36.827744935015097 ], [ -121.399845955502997, 36.827806935643501 ], [ -121.399780954801003, 36.827825935046398 ], [ -121.399661955132004, 36.827851935428797 ], [ -121.399581955304996, 36.827863935315698 ], [ -121.399527955009006, 36.827867935410403 ], [ -121.399299955063995, 36.827870935350397 ], [ -121.399023955318, 36.827848935740299 ], [ -121.398866954709007, 36.827831935578899 ], [ -121.395439954698006, 36.827382935604497 ], [ -121.393399953764998, 36.827124935332598 ], [ -121.391553953393, 36.826888936089802 ], [ -121.391085953347996, 36.826844935446999 ], [ -121.390724954166998, 36.826822935367403 ], [ -121.390262953394995, 36.826811935597703 ], [ -121.389963953687996, 36.826822936214903 ], [ -121.389759954064004, 36.8268419358416 ], [ -121.389168953679004, 36.826918935515202 ], [ -121.389016953292, 36.826933936108901 ], [ -121.388896953051002, 36.826938935984302 ], [ -121.388584953800006, 36.826933935745899 ], [ -121.387970953380005, 36.826908935877 ], [ -121.387974953265001, 36.8268429357475 ], [ -121.387362952985001, 36.8268159357673 ], [ -121.386129953316001, 36.826770935761097 ], [ -121.385598953420995, 36.826744936241198 ], [ -121.385065953018994, 36.826710936222597 ], [ -121.384918953161005, 36.826692936589602 ], [ -121.384696952601999, 36.826655936504601 ], [ -121.384467952885004, 36.826605936429601 ], [ -121.383961952484995, 36.8264659363833 ], [ -121.383831952166005, 36.826441936018 ], [ -121.383704952600993, 36.826430936508999 ], [ -121.383495952407998, 36.826424936507699 ], [ -121.383368953016998, 36.826430935887899 ], [ -121.383282952798993, 36.826439936431697 ], [ -121.383240952177005, 36.826447936387297 ], [ -121.383143952156999, 36.826464936591698 ], [ -121.383049952391005, 36.826488935987697 ], [ -121.382902952910001, 36.826535936303003 ], [ -121.382819952294994, 36.826569936536004 ], [ -121.382656952304004, 36.826646936366799 ], [ -121.382589952539007, 36.8266789360678 ], [ -121.382439952210007, 36.826760936143501 ], [ -121.382366952341997, 36.826800936633497 ], [ -121.382101952818005, 36.826936936230503 ], [ -121.381798952550994, 36.827100936132098 ], [ -121.381284952374997, 36.827388936292202 ], [ -121.381209952524003, 36.827425936284499 ], [ -121.381102952475004, 36.8274849363345 ], [ -121.380959952200996, 36.827553936878999 ], [ -121.380785952029996, 36.827625936741903 ], [ -121.380532951768998, 36.827703936905799 ], [ -121.380396952634996, 36.827731936147302 ], [ -121.380266952000994, 36.827752936855703 ], [ -121.380106952369005, 36.8277659364351 ], [ -121.379965952535002, 36.827768936222 ], [ -121.379390952625002, 36.827759936713797 ], [ -121.379081951979003, 36.8277649371027 ], [ -121.378998951545995, 36.827779936907099 ], [ -121.378746951912007, 36.827839936934097 ], [ -121.378595952184, 36.827882937021201 ], [ -121.378558951957999, 36.827893936653702 ], [ -121.378315952435997, 36.8279809365321 ], [ -121.378190951988998, 36.828064936594302 ], [ -121.378112951567999, 36.828103936924698 ], [ -121.378036952095002, 36.828141936437703 ], [ -121.377768952371, 36.828275936913002 ], [ -121.377700951668999, 36.828261936483898 ], [ -121.377691951486, 36.828590936616401 ], [ -121.377683951961998, 36.828888937272602 ], [ -121.377674952346993, 36.829229937210599 ], [ -121.377661952051, 36.8295589366614 ], [ -121.377655951655996, 36.829741936889803 ], [ -121.377647951691998, 36.829945937015097 ], [ -121.377673952335002, 36.830021936629798 ], [ -121.377578952114007, 36.8300119368526 ], [ -121.377475951982007, 36.829990937402499 ], [ -121.377361952233997, 36.829960936944097 ], [ -121.377243951471002, 36.829947936790603 ], [ -121.377203951515995, 36.830651937330799 ], [ -121.377187951609997, 36.831021937509803 ], [ -121.37718395217, 36.831218936706399 ], [ -121.377175952111003, 36.831362937401003 ], [ -121.377162951770003, 36.831756937029297 ], [ -121.377145951950993, 36.832065937285002 ], [ -121.377130952084002, 36.832537936944597 ], [ -121.377112952755994, 36.832792936936997 ], [ -121.377068952844994, 36.833497937778603 ], [ -121.377059952400003, 36.833847937149002 ], [ -121.377040952212994, 36.834223937143797 ], [ -121.376995952201, 36.8349019372003 ], [ -121.376973952727994, 36.835632937903597 ], [ -121.376929953090993, 36.8363549373476 ], [ -121.376908953045003, 36.836979937590499 ], [ -121.376908952142998, 36.837077937537998 ], [ -121.376893952497994, 36.837489937352302 ], [ -121.376874952585993, 36.837897937742902 ], [ -121.376852952331006, 36.838296937508503 ], [ -121.376840953271, 36.838708937882799 ], [ -121.376840952430996, 36.8387529376106 ], [ -121.375534952962994, 36.838697938040397 ], [ -121.375465952514006, 36.838695937885497 ], [ -121.375113952796994, 36.8386869383069 ], [ -121.375071952159004, 36.838684938362 ], [ -121.374863953089005, 36.838674938237901 ], [ -121.374597952740999, 36.838661937814798 ], [ -121.374366952637004, 36.838652937596599 ], [ -121.374207952923996, 36.838645937726298 ], [ -121.373896952633999, 36.838633938260699 ], [ -121.373376952455004, 36.838616938269297 ], [ -121.373236952295002, 36.838612938191702 ], [ -121.372507952099994, 36.838579938466502 ], [ -121.372148951805997, 36.838562938312101 ], [ -121.371905952117999, 36.838552938470698 ], [ -121.371719952364998, 36.838568938605299 ], [ -121.371576951536994, 36.838592937756403 ], [ -121.371439951479005, 36.838623937999003 ], [ -121.371374952026997, 36.838637938454397 ], [ -121.371278952397006, 36.838666938331897 ], [ -121.371179952084006, 36.838691938557098 ], [ -121.371076952207005, 36.838723938352999 ], [ -121.370881952100007, 36.838775938593997 ], [ -121.370879952218004, 36.838731938077302 ], [ -121.370649951825996, 36.838794938602597 ], [ -121.370295952259994, 36.838895937917599 ], [ -121.369934952294997, 36.8389909381157 ], [ -121.369797951980004, 36.839034938655999 ], [ -121.369614951881999, 36.8390829379831 ], [ -121.369587951884, 36.839087938324802 ], [ -121.369527951606997, 36.839099938386099 ], [ -121.369366951540002, 36.839123938512799 ], [ -121.369233952238005, 36.8391359385583 ], [ -121.369001951315994, 36.839145938192601 ], [ -121.368797952039998, 36.839153938044497 ], [ -121.368275951163994, 36.839143938844103 ], [ -121.367945950986993, 36.839142938286798 ], [ -121.367501951088002, 36.839146938285602 ], [ -121.365164951606005, 36.839149938564603 ], [ -121.364815950849007, 36.839165938684403 ], [ -121.364486950626002, 36.839181938542097 ], [ -121.363967950806, 36.839181939084398 ], [ -121.363933951017003, 36.839179939155997 ], [ -121.363941950910004, 36.839212938947398 ], [ -121.363951951062006, 36.839250939035402 ], [ -121.363924951157003, 36.839250938772103 ], [ -121.363872950917994, 36.839253939173702 ], [ -121.363694951184002, 36.839214939142103 ], [ -121.363698951318, 36.839100938539197 ], [ -121.363693951269994, 36.838269938725503 ], [ -121.363692950441006, 36.838151938258498 ], [ -121.363669950515998, 36.836209938765101 ], [ -121.363669950960002, 36.834877938487899 ], [ -121.363671950012005, 36.833390938222301 ], [ -121.363671949991001, 36.833377937823798 ], [ -121.363667950418005, 36.8328569381923 ], [ -121.363623949788007, 36.832803938593898 ], [ -121.363587950611006, 36.832754938042498 ], [ -121.363508949896996, 36.832674938165702 ], [ -121.363468950660007, 36.832644938610301 ], [ -121.363397949681001, 36.832592938297701 ], [ -121.363115949887003, 36.832428938076099 ], [ -121.362798949603004, 36.832268937784399 ], [ -121.362648949784997, 36.832209937891598 ], [ -121.362430950062006, 36.832132938054798 ], [ -121.362330949495004, 36.832102938514097 ], [ -121.362244949401997, 36.832082938300204 ], [ -121.362078949502006, 36.832058938375198 ], [ -121.361915950389005, 36.832044937923101 ], [ -121.361524950299, 36.832034938443599 ], [ -121.358732949715005, 36.832036938335797 ], [ -121.354752948547002, 36.832016938490597 ], [ -121.350650948269006, 36.831996938989597 ], [ -121.350191948320003, 36.832000938980698 ], [ -121.349887947832002, 36.832003938817003 ], [ -121.349353947962996, 36.832002938768802 ], [ -121.348265947832999, 36.832002939153902 ], [ -121.347907947286998, 36.831997938906603 ], [ -121.347502947443004, 36.831975939124597 ], [ -121.347142947283999, 36.831924939220301 ], [ -121.346998947415003, 36.831897939622699 ], [ -121.346846947689002, 36.831861939453702 ], [ -121.346488947923007, 36.8317559393331 ], [ -121.346117947815998, 36.831610939159503 ], [ -121.345649947704004, 36.8313719392428 ], [ -121.345529947285002, 36.831298939268301 ], [ -121.345348947480005, 36.831179939211097 ], [ -121.345196947323004, 36.831065939428598 ], [ -121.345047947039006, 36.830938939713597 ], [ -121.344897947364998, 36.830793939060399 ], [ -121.344642947137004, 36.830498938924997 ], [ -121.344561946726998, 36.830393939011998 ], [ -121.344463946923, 36.8302439391626 ], [ -121.344259946522996, 36.829860938936001 ], [ -121.344102947376996, 36.829578939166502 ], [ -121.343890947290006, 36.829217939535603 ], [ -121.343621946281004, 36.828740939461298 ], [ -121.343550946573998, 36.828631939549403 ], [ -121.343376946977997, 36.828409939502599 ], [ -121.343247946486002, 36.828262939260803 ], [ -121.343070946352, 36.828091938958003 ], [ -121.342849946843003, 36.827911938955303 ], [ -121.342698946284003, 36.827802939238701 ], [ -121.342520946514, 36.827685939567601 ], [ -121.342389946477994, 36.827606938751501 ], [ -121.342150946513996, 36.8274819393638 ], [ -121.341996946193007, 36.827409938886902 ], [ -121.341829946198004, 36.827345939032902 ], [ -121.341594945813, 36.827264938898601 ], [ -121.341330945877004, 36.827189939651703 ], [ -121.341074946652995, 36.827129939566497 ], [ -121.340822945986005, 36.827083939022003 ], [ -121.340533945648005, 36.827056939361398 ], [ -121.340378945824, 36.827047938937397 ], [ -121.340129945821005, 36.827039938982502 ], [ -121.340013946485996, 36.827035939487601 ], [ -121.339886946302997, 36.827039939185703 ], [ -121.339728945591006, 36.8270509389138 ], [ -121.339605945399001, 36.827063939101002 ], [ -121.339365945295995, 36.827098939477303 ], [ -121.339154945507005, 36.827138939526598 ], [ -121.338976945688998, 36.8271819392439 ], [ -121.338819945325, 36.8272149390558 ], [ -121.338628946026006, 36.827266939305197 ], [ -121.338087945731004, 36.827439939181303 ], [ -121.337620945097996, 36.827578939732703 ], [ -121.337154945224, 36.8276919398172 ], [ -121.336929945397998, 36.827735939904898 ], [ -121.336515945124006, 36.827784939428803 ], [ -121.336235945496995, 36.8277989393086 ], [ -121.336026945525006, 36.827797939385199 ], [ -121.335845944919001, 36.827791939414702 ], [ -121.335664945622, 36.827776939337298 ], [ -121.335457945529001, 36.827752940069502 ], [ -121.335206945593001, 36.8277089399513 ], [ -121.335092945474997, 36.8276829397185 ], [ -121.334908944686006, 36.827632939944202 ], [ -121.334773945270001, 36.827591940083998 ], [ -121.334370945507999, 36.827451939373198 ], [ -121.333926944799998, 36.827272939780599 ], [ -121.333877944456006, 36.827251939485301 ], [ -121.333147944510003, 36.8269439399376 ], [ -121.332235945232995, 36.826571939997699 ], [ -121.331955945081006, 36.826447940182803 ], [ -121.331780944338007, 36.826365939746097 ], [ -121.331584944686995, 36.826263939869797 ], [ -121.331474944020997, 36.826194939645703 ], [ -121.331322944120998, 36.826084939406698 ], [ -121.331092944518005, 36.825900940135 ], [ -121.331009944813999, 36.825824939408299 ], [ -121.330601944585993, 36.825403939610503 ], [ -121.330159943815005, 36.825009939549702 ], [ -121.330033944009998, 36.824909940163401 ], [ -121.329614943522003, 36.824637939566003 ], [ -121.329217943800998, 36.824402940055599 ], [ -121.328051943684997, 36.823789939663598 ], [ -121.327710943669999, 36.823623940111197 ], [ -121.327474943124002, 36.823497939456402 ], [ -121.327381943389, 36.823441939906999 ], [ -121.327248943235006, 36.823349939886697 ], [ -121.327042943156997, 36.823172940003701 ], [ -121.326754943078001, 36.822884939732901 ], [ -121.326649943890999, 36.8227959397665 ], [ -121.326536943655995, 36.822707940198796 ], [ -121.326265942899994, 36.822516939591203 ], [ -121.326016943183006, 36.822365939592103 ], [ -121.325661943346006, 36.822182940255701 ], [ -121.325367943084004, 36.822061940128499 ], [ -121.325126942734997, 36.8219579395574 ], [ -121.324620942958006, 36.821757939983101 ], [ -121.324385943180999, 36.821653940142703 ], [ -121.324229943212003, 36.821596939564898 ], [ -121.32400594277, 36.8215249399492 ], [ -121.323793942690003, 36.821468940135702 ], [ -121.323639942515001, 36.821438939835197 ], [ -121.323515943293003, 36.821419939860498 ], [ -121.323166942544006, 36.821379939763197 ], [ -121.322982942636997, 36.821366939748202 ], [ -121.322807942303996, 36.821362939992099 ], [ -121.322258942627002, 36.821363940080602 ], [ -121.321623942445996, 36.8213859403794 ], [ -121.321549941995997, 36.821396940192201 ], [ -121.321486942655994, 36.821414940199503 ], [ -121.321354942322003, 36.821465940125996 ], [ -121.320923942302002, 36.821678939843899 ], [ -121.320746942379998, 36.821759940241698 ], [ -121.320557942397002, 36.821852939770302 ], [ -121.320108942475002, 36.822116940604197 ], [ -121.319976941940993, 36.822184940657003 ], [ -121.319725941767004, 36.8223469398704 ], [ -121.319547942707004, 36.822475940442203 ], [ -121.319408942804998, 36.822595939898697 ], [ -121.319328942241995, 36.822675940468002 ], [ -121.319051942379005, 36.822971940710197 ], [ -121.318668941991007, 36.823358940336902 ], [ -121.318574941860007, 36.8234639407898 ], [ -121.318478942652007, 36.823557940275897 ], [ -121.318414942003002, 36.823607940423898 ], [ -121.318268942556998, 36.823682940222199 ], [ -121.318205941971001, 36.823713940543598 ], [ -121.318128942534997, 36.823730940349499 ], [ -121.317854941666994, 36.8238049408112 ], [ -121.317780942176995, 36.8238189408385 ], [ -121.317651942633006, 36.823842940257499 ], [ -121.317556942240998, 36.823855940541499 ], [ -121.317222942228994, 36.823902940677002 ], [ -121.316717941541, 36.8239409407647 ], [ -121.316257941472003, 36.8239809406479 ], [ -121.316012941639997, 36.823996940476697 ], [ -121.315536941684002, 36.824008940552098 ], [ -121.314592942153993, 36.824011940960403 ], [ -121.314401941381007, 36.8240059411388 ], [ -121.314244941935996, 36.823994940971097 ], [ -121.313818941836004, 36.823947941052801 ], [ -121.313429941115999, 36.823890941070196 ], [ -121.313139941615006, 36.823856940446703 ], [ -121.311981941474002, 36.823681941092303 ], [ -121.311443941345999, 36.8235759412823 ], [ -121.311146941421001, 36.823549940717399 ], [ -121.311020940963999, 36.823553940948599 ], [ -121.310903941408995, 36.823565940956698 ], [ -121.310759940978997, 36.823597941083797 ], [ -121.309224940467004, 36.824025941062501 ], [ -121.308532940457994, 36.824168941156898 ], [ -121.307996940973993, 36.824263941154499 ], [ -121.307384941097993, 36.824344941342702 ], [ -121.307225940142004, 36.824358941685297 ], [ -121.306882940451999, 36.824378941312503 ], [ -121.306739940276998, 36.824382941725197 ], [ -121.306160939932994, 36.824377941287302 ], [ -121.304904940605994, 36.824324941650303 ], [ -121.304471940282994, 36.824321941658297 ], [ -121.301384940153, 36.824327942071001 ], [ -121.299824939602999, 36.824292941551001 ], [ -121.294802938244004, 36.824258942317698 ], [ -121.294558938793003, 36.824252942000498 ], [ -121.292752938423007, 36.824246941924599 ], [ -121.292426938033003, 36.824249942575797 ], [ -121.291364938160001, 36.824258942559098 ], [ -121.290958937651993, 36.8242579428535 ], [ -121.285148937532995, 36.824273942867997 ], [ -121.281687936443006, 36.824316943344797 ], [ -121.281579936976996, 36.822556943027102 ], [ -121.281556936838001, 36.822174943053 ], [ -121.281549935986007, 36.821960942761798 ], [ -121.281520936267995, 36.821580943097999 ], [ -121.281473936341996, 36.820429942481503 ], [ -121.281463935716999, 36.819850942713003 ], [ -121.281446935638996, 36.819667942699297 ], [ -121.281433936265003, 36.819613943114597 ], [ -121.281388936227003, 36.819495942463597 ], [ -121.281360936338999, 36.819443942994702 ], [ -121.281170935923001, 36.8191689428904 ], [ -121.281140936425999, 36.8191149425692 ], [ -121.281115936220999, 36.819057942403802 ], [ -121.281102936243997, 36.818995942757198 ], [ -121.281105935761005, 36.818948942606397 ], [ -121.281120935925998, 36.818869942958599 ], [ -121.281128935839007, 36.8186819429895 ], [ -121.281139935721001, 36.818174942469803 ], [ -121.281124935611004, 36.8178589421751 ], [ -121.280187935385001, 36.8181959426527 ], [ -121.279749935601998, 36.818425942638903 ], [ -121.272888934866998, 36.825251943689302 ], [ -121.269755934689996, 36.828469943907699 ], [ -121.267190934954002, 36.831102944914697 ], [ -121.262888935264996, 36.835644945016497 ], [ -121.262833934960994, 36.835702945758101 ], [ -121.257018935092006, 36.842516946078497 ], [ -121.255845934727006, 36.843945946690503 ], [ -121.255337934443006, 36.844500946903402 ], [ -121.252495934186001, 36.848146947000203 ], [ -121.251937934400004, 36.849485947784601 ], [ -121.250331934298998, 36.8503749472086 ], [ -121.249559934844001, 36.851118948088498 ], [ -121.245121933975994, 36.856421948840598 ], [ -121.243658934929996, 36.858119948937102 ], [ -121.242664934567998, 36.8593449491093 ], [ -121.238819934722997, 36.865447949661998 ], [ -121.236783934810006, 36.867299950226602 ], [ -121.236084934608002, 36.868109950208598 ], [ -121.234695934479006, 36.870108950371403 ], [ -121.234288934481, 36.871056950801098 ], [ -121.234468934755, 36.8716989510026 ], [ -121.233907934715006, 36.8720289506469 ], [ -121.231531934645005, 36.875107950968797 ], [ -121.230733934396, 36.876221951262302 ], [ -121.225211934637002, 36.885004952076599 ], [ -121.224809934145, 36.885301952759598 ], [ -121.218916933800998, 36.889837953482498 ], [ -121.218369933942, 36.889838953630701 ], [ -121.218363934094, 36.890264953343099 ], [ -121.218014933964, 36.8905339534438 ], [ -121.216051933204, 36.8920419540339 ], [ -121.212959933757006, 36.894417954346899 ], [ -121.211186933866003, 36.895779954534099 ], [ -121.204295932535004, 36.901076955009103 ], [ -121.203566933114004, 36.902515955909401 ], [ -121.202357933296994, 36.904881955891597 ], [ -121.201264933559003, 36.9070089562682 ], [ -121.197665933175998, 36.914042956969602 ], [ -121.196989932994001, 36.913784956511499 ], [ -121.196028932581001, 36.913509956781702 ], [ -121.195204933305007, 36.913456956674601 ], [ -121.194731932677001, 36.9133039567892 ], [ -121.193159932575995, 36.912685956695803 ], [ -121.192671931899, 36.9125719567934 ], [ -121.192060931805003, 36.912632956902399 ], [ -121.190687932119999, 36.913073956940899 ], [ -121.190578932576003, 36.913025957311298 ], [ -121.188808931655998, 36.913242957677703 ], [ -121.188588931683, 36.913068957091703 ], [ -121.188488931573005, 36.912778957310998 ], [ -121.188038931413999, 36.912082957445399 ], [ -121.187467931493998, 36.911214957665599 ], [ -121.186830931239996, 36.910461957758997 ], [ -121.186445931470004, 36.910411957406197 ], [ -121.185896930480993, 36.909992957723901 ], [ -121.185621931423, 36.909641956984203 ], [ -121.185407930988006, 36.9094889574869 ], [ -121.184309931060994, 36.908977957763902 ], [ -121.184034930603005, 36.908489957598299 ], [ -121.183897930986006, 36.908100957048397 ], [ -121.184110930444007, 36.907436957582398 ], [ -121.184446930682, 36.906551957350203 ], [ -121.184309930769999, 36.905666957027002 ], [ -121.184034930188005, 36.904850957054002 ], [ -121.183088929872, 36.9030649565427 ], [ -121.183088930319997, 36.902958956876397 ], [ -121.183020930164005, 36.902677956922503 ], [ -121.182951929724993, 36.902393956483401 ], [ -121.182951929425997, 36.901935957083197 ], [ -121.183424929081994, 36.900699957051202 ], [ -121.183622929877998, 36.900287956556497 ], [ -121.183622928988001, 36.899532956875198 ], [ -121.183622928915, 36.898990956223201 ], [ -121.183897928869001, 36.897983956776599 ], [ -121.184385929250993, 36.897106955889598 ], [ -121.184309929652002, 36.8963899560542 ], [ -121.183836928648006, 36.895778955985797 ], [ -121.182874929359997, 36.894779955949197 ], [ -121.182600929188993, 36.894397955974 ], [ -121.182386929206004, 36.893779956403101 ], [ -121.182188928117995, 36.893337956204903 ], [ -121.181699927959002, 36.892849955798603 ], [ -121.18124192885, 36.892467956477503 ], [ -121.180554927596006, 36.891460955802202 ], [ -121.179867928459998, 36.890689956453599 ], [ -121.179593928372, 36.890415956100803 ], [ -121.178906927303004, 36.890529956537499 ], [ -121.178357928227996, 36.890522956296202 ], [ -121.177869927974996, 36.890583956087198 ], [ -121.177594928120001, 36.890468955759999 ], [ -121.176434927260999, 36.889423956089999 ], [ -121.176160927488993, 36.8889199560302 ], [ -121.175932926876001, 36.8881919557044 ], [ -121.175885926977003, 36.888042955834898 ], [ -121.175687926828999, 36.887485955874197 ], [ -121.174554926894004, 36.886221956465697 ], [ -121.174100926481998, 36.885715955682798 ], [ -121.173825926207002, 36.885608955689499 ], [ -121.173154926391007, 36.885662956431602 ], [ -121.172681926425994, 36.885563956440699 ], [ -121.172192925971004, 36.885501956538199 ], [ -121.172165925732003, 36.885501955922798 ], [ -121.171017926082001, 36.885501956005399 ], [ -121.170605926419, 36.885334956201703 ], [ -121.169781925452, 36.885387956533002 ], [ -121.169507925700998, 36.885326956333799 ], [ -121.169110925237007, 36.884998956119901 ], [ -121.168827925312996, 36.884478955957803 ], [ -121.168637924970994, 36.884128956291597 ], [ -121.168561925524997, 36.883831955874598 ], [ -121.168698925900003, 36.8833429563267 ], [ -121.168500925909001, 36.882671956262797 ], [ -121.167950924861003, 36.882290956218696 ], [ -121.167676925405004, 36.881961956262202 ], [ -121.167187924855, 36.880909955864702 ], [ -121.166714924464998, 36.880458955991301 ], [ -121.166089924844002, 36.879848956332097 ], [ -121.166089924599007, 36.879573955962499 ], [ -121.166424924791002, 36.878978956124399 ], [ -121.167050924199998, 36.878032955400897 ], [ -121.166974924434996, 36.877704955461098 ], [ -121.166775924852004, 36.8768209554406 ], [ -121.166638923997994, 36.875989956018401 ], [ -121.166562923908998, 36.875546955523603 ], [ -121.166124924003995, 36.874955955438203 ], [ -121.165571924448997, 36.874704956009197 ], [ -121.165587923914003, 36.874429955672603 ], [ -121.165562923601996, 36.874033955678399 ], [ -121.16551492392, 36.873435955799998 ], [ -121.165391923711994, 36.873194955261603 ], [ -121.165276923986994, 36.872912955692499 ], [ -121.165159924305001, 36.872477955725302 ], [ -121.165010923121997, 36.871807955276402 ], [ -121.164903923322996, 36.871331955031899 ], [ -121.164565923002996, 36.870833955415002 ], [ -121.164407923360002, 36.870269954877401 ], [ -121.164112923193002, 36.869964954933302 ], [ -121.163847923267994, 36.869651954929303 ], [ -121.163600922878004, 36.869249955599997 ], [ -121.16334892319, 36.869122955239703 ], [ -121.162893922814007, 36.868956955420998 ], [ -121.162473922646001, 36.869081955462804 ], [ -121.162070922864004, 36.869020955769699 ], [ -121.161776923280996, 36.868788955301298 ], [ -121.161350923152995, 36.868476955645598 ], [ -121.161124922501003, 36.8681479553385 ], [ -121.160792922672996, 36.868125955412197 ], [ -121.160560922287999, 36.868038954916003 ], [ -121.160094921994997, 36.867767955616202 ], [ -121.159691922055998, 36.867625955814702 ], [ -121.159309922090998, 36.867621955368598 ], [ -121.158886922036999, 36.867600955280501 ], [ -121.158472922233997, 36.867442955109297 ], [ -121.158105921575995, 36.8670419556627 ], [ -121.157732921909997, 36.866923955677798 ], [ -121.157408921420995, 36.8667159555091 ], [ -121.157047921675996, 36.866759955551601 ], [ -121.156774922327003, 36.866648955884301 ], [ -121.156391921305001, 36.866586955351202 ], [ -121.155730921959005, 36.866721955174903 ], [ -121.155418921679001, 36.8667169555033 ], [ -121.155165922015996, 36.866581955635297 ], [ -121.154822921345001, 36.8664549552919 ], [ -121.154450921491005, 36.8664019559656 ], [ -121.154000921481995, 36.866128955739697 ], [ -121.153245921697007, 36.865776955654503 ], [ -121.152820921542002, 36.865605955421003 ], [ -121.152638920708995, 36.865355955652099 ], [ -121.152815921077007, 36.8651459557897 ], [ -121.152975921326004, 36.864930955511397 ], [ -121.153119921569996, 36.864537955762898 ], [ -121.153072920957996, 36.864082955477897 ], [ -121.152917921205002, 36.863664955325902 ], [ -121.153059921025005, 36.863017955078803 ], [ -121.152852920965998, 36.862508954946897 ], [ -121.152925920878005, 36.8619169557359 ], [ -121.152707920715002, 36.861396955674103 ], [ -121.152466921118005, 36.8613099550453 ], [ -121.152271920572005, 36.861058955734201 ], [ -121.151983920966003, 36.860615954997797 ], [ -121.151826920114004, 36.860020955524099 ], [ -121.151843920209004, 36.859672955351101 ], [ -121.151971920657004, 36.859388954992397 ], [ -121.151997920463998, 36.859129954981299 ], [ -121.151885919791994, 36.8588699554128 ], [ -121.151752919695994, 36.858634954963598 ], [ -121.151465920083993, 36.858480954893203 ], [ -121.151030920487003, 36.858363955399199 ], [ -121.150336920195002, 36.857974955144698 ], [ -121.150126919621002, 36.857763954993501 ], [ -121.150010919641005, 36.857646955089102 ], [ -121.149915920065993, 36.857444955158499 ], [ -121.149914919696002, 36.8573319550215 ], [ -121.14991292, 36.857118955267403 ], [ -121.149868919385, 36.856746954865002 ], [ -121.149773919294006, 36.856475955366001 ], [ -121.149555919978994, 36.856313955436498 ], [ -121.149373919229006, 36.8560819548103 ], [ -121.149361919933995, 36.855726955390402 ], [ -121.149365919237994, 36.855382955199197 ], [ -121.149279919468, 36.854980954991497 ], [ -121.149156919846007, 36.854629954856101 ], [ -121.148724919553004, 36.854195954983801 ], [ -121.148556918885006, 36.853793955045496 ], [ -121.148507918849006, 36.853674954841999 ], [ -121.148413918893993, 36.853313954511599 ], [ -121.148343918956996, 36.853077954552198 ], [ -121.148122919512005, 36.852888954831201 ], [ -121.147912918857998, 36.852720954671298 ], [ -121.147752918959995, 36.852595955151997 ], [ -121.147386918433995, 36.852219954918603 ], [ -121.147098919149997, 36.851799954714103 ], [ -121.146988919199003, 36.851480954686501 ], [ -121.146902918411996, 36.851149955064002 ], [ -121.146777918989002, 36.850885955034002 ], [ -121.146386918237994, 36.850392954304098 ], [ -121.145939917834994, 36.849974954838999 ], [ -121.145776917945, 36.8495899549104 ], [ -121.145743918622003, 36.8492939548861 ], [ -121.145695918068, 36.848870954314002 ], [ -121.145741918002997, 36.848378954335097 ], [ -121.145642917613998, 36.847745954507701 ], [ -121.145505918194999, 36.847265954343001 ], [ -121.145240917807996, 36.847144954390302 ], [ -121.144861917932005, 36.847351954643798 ], [ -121.144398918310003, 36.847274954634699 ], [ -121.143835918174005, 36.847253954239399 ], [ -121.143445917247007, 36.846815954353303 ], [ -121.143041917385005, 36.846306954983703 ], [ -121.142915917552003, 36.845818954205598 ], [ -121.142735917541998, 36.845234954301098 ], [ -121.142571917653996, 36.844686954803898 ], [ -121.142657917224994, 36.844359954019701 ], [ -121.142701916817998, 36.8438699540622 ], [ -121.142802917271993, 36.843126954292501 ], [ -121.142697917524004, 36.8429119543149 ], [ -121.142606917007001, 36.842548953860302 ], [ -121.142498916728002, 36.842125954210097 ], [ -121.142392916993998, 36.8418449540764 ], [ -121.142223916351995, 36.841299954064297 ], [ -121.142192916412, 36.8409219537414 ], [ -121.142288917255001, 36.8405409540729 ], [ -121.142323916194002, 36.8401399541481 ], [ -121.142468917282997, 36.839703954077699 ], [ -121.142593916484003, 36.839412953971298 ], [ -121.142612917052006, 36.839069954204497 ], [ -121.142386916399005, 36.838772954140303 ], [ -121.142158916450001, 36.838245954116303 ], [ -121.141869916043007, 36.837872953597703 ], [ -121.141596916232004, 36.837453953947801 ], [ -121.141500916176, 36.837302954325303 ], [ -121.141421916450994, 36.837083953652801 ], [ -121.141535916712002, 36.836660953630698 ], [ -121.138897915398005, 36.835599954011897 ], [ -121.138560916025, 36.835462954005102 ], [ -121.136380915386994, 36.8345839537632 ], [ -121.134422914701005, 36.833793953996199 ], [ -121.133034915080998, 36.833233954125802 ], [ -121.131527914415003, 36.832625954324001 ], [ -121.126041912679, 36.830412954541202 ], [ -121.124774912966998, 36.829638954464997 ], [ -121.120474911507003, 36.827796954685297 ], [ -121.120397911946995, 36.827765954062798 ], [ -121.120256912368006, 36.827702954853002 ], [ -121.119546911566999, 36.827338954387002 ], [ -121.101792908422993, 36.820144955085503 ], [ -121.098465907418998, 36.818955955308098 ], [ -121.097482907005002, 36.818634955235702 ], [ -121.096068907656999, 36.818122954871797 ], [ -121.090754906740997, 36.816134955719001 ], [ -121.084482904481007, 36.813506955566403 ], [ -121.062010900478995, 36.804081956549297 ], [ -121.061932900832005, 36.804051956516901 ], [ -121.061547900801997, 36.803894956714601 ], [ -121.061357900101001, 36.803817956354997 ], [ -121.051954898207001, 36.800020956726399 ], [ -121.051436898407999, 36.799803956516698 ], [ -121.045316896789998, 36.797280956886802 ], [ -121.043704896334006, 36.796625956820399 ], [ -121.041085896813996, 36.7955679566399 ], [ -121.039826895654997, 36.795058956864999 ], [ -121.038019895725, 36.7943299574249 ], [ -121.037114895990001, 36.793962957501499 ], [ -121.035122895401997, 36.7931569569554 ], [ -121.034488894868005, 36.792924957501199 ], [ -121.033343894189997, 36.792461957355101 ], [ -121.031840894739005, 36.7918979571836 ], [ -121.015772891303996, 36.785403958253902 ], [ -121.015609891707001, 36.785336957457901 ], [ -121.014699891213994, 36.784967957754802 ], [ -121.014587891399998, 36.784922957986801 ], [ -121.007447889440002, 36.7820379581214 ], [ -121.007142889014006, 36.781914957905002 ], [ -121.006798889300001, 36.781779958298998 ], [ -121.006350889033996, 36.781620958261001 ], [ -121.006287888996994, 36.7815989584197 ], [ -121.004083888815998, 36.7807049585954 ], [ -121.002289888537007, 36.779975958343798 ], [ -121.001393888368, 36.779597958407898 ], [ -121.000991887818998, 36.779448958461103 ], [ -120.993153886575996, 36.775828958684102 ], [ -120.992864886234003, 36.775695958616701 ], [ -120.992847886266006, 36.775688958533799 ], [ -120.984762884801, 36.772437958943001 ], [ -120.981992884837993, 36.7713249584883 ], [ -120.981512884167998, 36.771131958968603 ], [ -120.981246883802996, 36.771024959280297 ], [ -120.980911884649998, 36.770889958670203 ], [ -120.980719884256999, 36.7708129591065 ], [ -120.969949882291999, 36.766478959249298 ], [ -120.961916881, 36.763223959881998 ], [ -120.961375880391003, 36.763004959909097 ], [ -120.943965876416996, 36.7560049603278 ], [ -120.936189875733007, 36.752854960372801 ], [ -120.935660875368001, 36.752640960017601 ], [ -120.933694874411003, 36.751899960415699 ], [ -120.933440875157999, 36.751708960820601 ], [ -120.931596874486004, 36.7503219601412 ], [ -120.931535874611995, 36.750277960056799 ], [ -120.931295874463004, 36.750104960191997 ], [ -120.931143874213006, 36.749994960028602 ], [ -120.931090874009001, 36.749955960767103 ], [ -120.927674873531998, 36.747360959961298 ], [ -120.924827872674001, 36.745196960557102 ], [ -120.922198871871004, 36.743198960149797 ], [ -120.921932872249002, 36.742996960391999 ], [ -120.921851872586998, 36.742935959916203 ], [ -120.921592872407999, 36.742738960057103 ], [ -120.918743870792994, 36.740385959952299 ], [ -120.915116869957998, 36.737391960713197 ], [ -120.907514869010996, 36.731092960120897 ], [ -120.907484868414002, 36.731067960357898 ], [ -120.902016867786003, 36.7265379600356 ], [ -120.901938867702995, 36.726473960132203 ], [ -120.901223866940995, 36.725903959848402 ], [ -120.901170867518999, 36.7258599604178 ], [ -120.898626865935995, 36.723803960444002 ], [ -120.895336866213, 36.721149960313298 ], [ -120.889745864201998, 36.716622960110797 ], [ -120.889717864586004, 36.716597960341097 ], [ -120.889678864638, 36.716568959777199 ], [ -120.887272863324, 36.714611960039498 ], [ -120.887199864167002, 36.714552959737397 ], [ -120.887143863266004, 36.714519960357201 ], [ -120.886954863222002, 36.714351960438002 ], [ -120.884637863451005, 36.712479960278699 ], [ -120.883976862416006, 36.7119489600815 ], [ -120.882325862963995, 36.710637960487503 ], [ -120.878686861372998, 36.707700960366999 ], [ -120.876028861264999, 36.705554959977697 ], [ -120.873078860150997, 36.703417959989999 ], [ -120.872964860197996, 36.703333959808703 ], [ -120.869321859383007, 36.700445960135802 ], [ -120.866731858546004, 36.6983899597329 ], [ -120.866550858639002, 36.698256960248003 ], [ -120.866448859247001, 36.6981659600429 ], [ -120.859527857610999, 36.692671960049402 ], [ -120.859431856818006, 36.692612960253101 ], [ -120.859393857406005, 36.692568960276802 ], [ -120.856125855729005, 36.689915960167397 ], [ -120.856087856065997, 36.689873960167802 ], [ -120.856034855882001, 36.689831960206497 ], [ -120.856008855789, 36.689806960351902 ], [ -120.855979856394995, 36.689779960210203 ], [ -120.855738855791003, 36.689556960289003 ], [ -120.846908853689996, 36.682497959625799 ], [ -120.843982853547999, 36.680157960081502 ], [ -120.843043853412993, 36.679409960181601 ], [ -120.833816850998005, 36.6720349601419 ], [ -120.821042847532993, 36.661861959432599 ], [ -120.817495846553996, 36.659038959795502 ], [ -120.817433847212001, 36.6589899596568 ], [ -120.805994843790003, 36.649877959354001 ], [ -120.805983843662005, 36.649868959339301 ], [ -120.803657843566995, 36.648016959671601 ], [ -120.798983843014994, 36.644296959610301 ], [ -120.798760842630003, 36.644119959887199 ], [ -120.792343840385001, 36.639008959787397 ], [ -120.792322841209995, 36.638992959455699 ], [ -120.789441839898998, 36.636701959270802 ], [ -120.789277840113996, 36.636571960062803 ], [ -120.789174840512999, 36.636485959736497 ], [ -120.788423839737007, 36.635898959419599 ], [ -120.788277839827003, 36.6357799600476 ], [ -120.788029839643002, 36.635586960074299 ], [ -120.784245839310003, 36.632574959466098 ], [ -120.782635838071002, 36.631292959745501 ], [ -120.782462838968002, 36.631154959481698 ], [ -120.781864838326001, 36.630679959346502 ], [ -120.781523838384004, 36.630408959840601 ], [ -120.781257837840002, 36.630200959960099 ], [ -120.774612836372995, 36.624910959977299 ], [ -120.763050833578006, 36.615649959330597 ], [ -120.752465831631994, 36.607306959284202 ], [ -120.751519831549004, 36.606560959766 ], [ -120.751405830856001, 36.606469959791902 ], [ -120.751023831424007, 36.6061689592756 ], [ -120.749546830214996, 36.605351959435502 ], [ -120.749448830453005, 36.605298959461699 ], [ -120.739461827911001, 36.597263959562802 ], [ -120.739353828220004, 36.597175959499502 ], [ -120.736655827663, 36.595003959366899 ], [ -120.736493827274003, 36.594872959621 ], [ -120.735876827032996, 36.594377958940498 ], [ -120.732318827041993, 36.591512959069703 ], [ -120.732131826065, 36.591363959531598 ], [ -120.727083824786007, 36.587300958893103 ], [ -120.727062825405, 36.587285959540999 ], [ -120.726265825176995, 36.5866169591879 ], [ -120.726179824631998, 36.586545959582303 ], [ -120.726105824575001, 36.586493959350904 ], [ -120.719138823502007, 36.580890958863499 ], [ -120.718279823350002, 36.580215959403901 ], [ -120.718033823561001, 36.580024959617703 ], [ -120.717264823476995, 36.579407959152903 ], [ -120.716058823012006, 36.578439959597603 ], [ -120.716028822637, 36.578414958776499 ], [ -120.708644820543995, 36.572468959367797 ], [ -120.703267819331003, 36.568137959319898 ], [ -120.703188819266998, 36.568074959038498 ], [ -120.693397817348, 36.5601929592003 ], [ -120.693272817213995, 36.560092958716801 ], [ -120.693232817284994, 36.560060958605497 ], [ -120.682123814096002, 36.551118958611298 ], [ -120.681842813976999, 36.550890958559201 ], [ -120.678687813920007, 36.548306958755703 ], [ -120.678676813436994, 36.548280958789 ], [ -120.676802813427997, 36.546752958818999 ], [ -120.671291812329002, 36.542320959152001 ], [ -120.670411812077006, 36.541612958945102 ], [ -120.670093811279997, 36.541357958459798 ], [ -120.669964811962004, 36.541254958994102 ], [ -120.669823811856006, 36.541151959228301 ], [ -120.669798811085997, 36.5411179590199 ], [ -120.669592811396001, 36.540954959274899 ], [ -120.669533811148995, 36.5409339592278 ], [ -120.669490811355004, 36.540903959236303 ], [ -120.669409811831997, 36.540809958996199 ], [ -120.656711808186003, 36.5306079591779 ], [ -120.654309807729007, 36.528680958664701 ], [ -120.643914805229002, 36.520330958931098 ], [ -120.643850805268002, 36.520278958944701 ], [ -120.639239804634997, 36.516575959064703 ], [ -120.639146804255006, 36.516501958820797 ], [ -120.632683802730995, 36.511308958193403 ], [ -120.632611802956006, 36.511250958233397 ], [ -120.632269803019, 36.510992958919999 ], [ -120.631955802755996, 36.510757958861497 ], [ -120.626014800571994, 36.505951958196697 ], [ -120.620524799869003, 36.501691958663898 ], [ -120.620469800072001, 36.501648958836597 ], [ -120.618410798686995, 36.499955958206201 ], [ -120.617034798386001, 36.498859958137103 ], [ -120.616985798738995, 36.498819958639402 ], [ -120.613375798209006, 36.496121958612498 ], [ -120.613253798471007, 36.496029958209 ], [ -120.610192796901003, 36.493531958858 ], [ -120.609995797596994, 36.493370958295401 ], [ -120.603718796140001, 36.488246958177797 ], [ -120.598016795066002, 36.488239958992501 ], [ -120.597990794688002, 36.488239958639703 ], [ -120.597167794219999, 36.488239958524701 ], [ -120.597116794751997, 36.485632958375497 ], [ -120.597038794436997, 36.481690957930198 ], [ -120.597034793342004, 36.481502957755701 ], [ -120.596918791760999, 36.466650956393501 ], [ -120.596916792095001, 36.466352956755898 ], [ -120.597078791094006, 36.4590159556478 ], [ -120.597085791544998, 36.458709956224297 ], [ -120.597093790822001, 36.454293955277102 ], [ -120.597096790419997, 36.452509955231001 ], [ -120.597098791210001, 36.452111955415297 ], [ -120.597133790493004, 36.448707955268901 ], [ -120.597136790166005, 36.4484329549215 ], [ -120.597159789599999, 36.4350779538456 ], [ -120.597162788755995, 36.4344869536327 ], [ -120.597287789484994, 36.433292954017503 ], [ -120.597300789114996, 36.433167953417602 ], [ -120.597297787797999, 36.422095952713498 ], [ -120.597296787876004, 36.421880952692 ], [ -120.59729378774, 36.417869951973501 ], [ -120.597272786649, 36.415672951941197 ], [ -120.597268786781996, 36.415591952430397 ], [ -120.597312786827004, 36.415475952029503 ], [ -120.597434787618994, 36.415158951649502 ], [ -120.597375786764999, 36.406838950911997 ], [ -120.597373786033998, 36.406756951004198 ], [ -120.597194785355001, 36.399800950129602 ], [ -120.597187785775006, 36.399524950673801 ], [ -120.597173785349, 36.398998950142797 ], [ -120.597115784948002, 36.391318949287196 ], [ -120.597113785068998, 36.391057949272202 ], [ -120.597181784363997, 36.384218949038598 ], [ -120.597183784322993, 36.384037948999797 ], [ -120.597275782503999, 36.374959948359198 ], [ -120.597012780925994, 36.357542946834201 ], [ -120.596981780980002, 36.355536946562097 ], [ -120.596776780026005, 36.341901945095501 ], [ -120.596742779151, 36.3396439446431 ], [ -120.596737779131999, 36.339330945308497 ], [ -120.596886779008997, 36.333768944729997 ], [ -120.596885779261001, 36.3335229446498 ], [ -120.596885778312, 36.333382944295103 ], [ -120.596591778195005, 36.328766943602197 ], [ -120.596574778344007, 36.3284929437187 ], [ -120.597029778660996, 36.328356943558397 ], [ -120.597112778703007, 36.328331943548498 ], [ -120.598129778900997, 36.328356943524199 ], [ -120.598443778787001, 36.328353943351701 ], [ -120.598973779049004, 36.328347944031599 ], [ -120.599730778639994, 36.328363943896903 ], [ -120.600237778799993, 36.328290943293503 ], [ -120.600964779082005, 36.327766943863303 ], [ -120.601442778326003, 36.327403943707097 ], [ -120.601701778272997, 36.3269279431169 ], [ -120.601930778676007, 36.3265249434724 ], [ -120.602029779286994, 36.326193943306301 ], [ -120.602109778987, 36.325726943184598 ], [ -120.602517779240003, 36.325556943305003 ], [ -120.603453778612007, 36.325508943132803 ], [ -120.603732779289999, 36.325476942816799 ], [ -120.603821778417, 36.325306943078097 ], [ -120.603881779004993, 36.324943942993599 ], [ -120.604130778493001, 36.3247019428618 ], [ -120.604438778813005, 36.3245329426884 ], [ -120.604608778507, 36.324250943053897 ], [ -120.604896779005998, 36.3241139432577 ], [ -120.605275778888, 36.324233942836898 ], [ -120.605424778970004, 36.324330942543597 ], [ -120.606429779191004, 36.324298943238098 ], [ -120.607017779695994, 36.324266943203099 ], [ -120.607693779505993, 36.324330942745 ], [ -120.607972780073993, 36.324338942504902 ], [ -120.608550780002005, 36.324306942381703 ], [ -120.609027779409999, 36.324338942972403 ], [ -120.609635780299001, 36.324338942523397 ], [ -120.610172780189998, 36.324273942248801 ], [ -120.610600780224999, 36.324362942194803 ], [ -120.611028780029997, 36.3245399423839 ], [ -120.611407780533, 36.3246369425366 ], [ -120.611806780443004, 36.3246289425798 ], [ -120.612154779687003, 36.3244829420521 ], [ -120.612522780457994, 36.324369942152003 ], [ -120.612781780329996, 36.324055942537399 ], [ -120.612871780397001, 36.323692942409401 ], [ -120.612891779945002, 36.323337942185503 ], [ -120.612721779788004, 36.322853941934802 ], [ -120.612572780041006, 36.322434941992398 ], [ -120.612423779924995, 36.322079942454401 ], [ -120.612154779844005, 36.321773941841698 ], [ -120.612044779528006, 36.321628941963802 ], [ -120.612104780364007, 36.321523942174501 ], [ -120.612293780032999, 36.321354942330402 ], [ -120.612562779751997, 36.321056942257499 ], [ -120.612711779826995, 36.320854942295902 ], [ -120.613109779707003, 36.320693942050198 ], [ -120.613338779862005, 36.320387941734197 ], [ -120.613448779424004, 36.320266942047397 ], [ -120.613616780483994, 36.320252941919001 ], [ -120.613965780346007, 36.320225942236 ], [ -120.614413779770004, 36.320281941578301 ], [ -120.614801779843006, 36.3202989420246 ], [ -120.615190780543003, 36.320176941552802 ], [ -120.615468780634004, 36.319934942155299 ], [ -120.615767779948996, 36.319692941882302 ], [ -120.616095780598997, 36.319515941790598 ], [ -120.616573779931002, 36.319458941665701 ], [ -120.616951780030007, 36.319450941513203 ], [ -120.617170780742001, 36.3195079413915 ], [ -120.617389779977003, 36.319426941779 ], [ -120.617658780049993, 36.319232941510897 ], [ -120.617797780147995, 36.319031941937098 ], [ -120.617927780852, 36.318821941382701 ], [ -120.618375780687998, 36.319023941482698 ], [ -120.618842780592004, 36.319240941551101 ], [ -120.619061781244994, 36.319232941290103 ], [ -120.619420780637, 36.319651941440597 ], [ -120.619709780530002, 36.319805941473497 ], [ -120.619928780958006, 36.319950941849797 ], [ -120.620296780668994, 36.319869941597901 ], [ -120.620784781162996, 36.319635941270299 ], [ -120.621311781420005, 36.319385941506603 ], [ -120.621819780655997, 36.3191759415798 ], [ -120.622316781246994, 36.318885941328404 ], [ -120.622595780840996, 36.318788940996001 ], [ -120.622973781069007, 36.318715941122399 ], [ -120.623640781595, 36.318473940765799 ], [ -120.624367781798995, 36.318247940886899 ], [ -120.624824781846996, 36.318247941415898 ], [ -120.625223781830002, 36.318360940698497 ], [ -120.625581781617996, 36.318424941098399 ], [ -120.626012781574005, 36.318455941130303 ], [ -120.626840782434996, 36.3185779407764 ], [ -120.627179782027, 36.318691940887597 ], [ -120.627966781824, 36.3184589407334 ], [ -120.628405782317003, 36.318329940722798 ], [ -120.628714782310993, 36.318185941111601 ], [ -120.628913781807995, 36.3180809408274 ], [ -120.629063781949, 36.317790940765903 ], [ -120.629243782358998, 36.317492940975697 ], [ -120.629393782571995, 36.317218940423601 ], [ -120.630021781927994, 36.316912940912196 ], [ -120.630539782183007, 36.316897940888403 ], [ -120.630997782254994, 36.3169389407498 ], [ -120.631584782195006, 36.317076940336698 ], [ -120.63217078225, 36.317818940811698 ], [ -120.632468782906997, 36.318093940284598 ], [ -120.632667782992996, 36.318190940254802 ], [ -120.633185783092998, 36.318126940059997 ], [ -120.633514783115004, 36.317981940477701 ], [ -120.633892783022006, 36.3178539399916 ], [ -120.634121782687998, 36.317772940045103 ], [ -120.634459783615995, 36.318394940657001 ], [ -120.635125782775006, 36.318588940269898 ], [ -120.635962783728999, 36.318638940450001 ], [ -120.636579783306999, 36.318663940533703 ], [ -120.637097784055001, 36.318526940357998 ], [ -120.637316783073004, 36.318454940655798 ], [ -120.637674783890006, 36.318519940363203 ], [ -120.638082783144, 36.318673940184702 ], [ -120.638401783887005, 36.318762940222499 ], [ -120.638680783319998, 36.318730940146999 ], [ -120.639705784078004, 36.318627939661702 ], [ -120.640393784085006, 36.318435940144802 ], [ -120.640871784073994, 36.318338939591101 ], [ -120.641587783961995, 36.318581939659197 ], [ -120.642682784203004, 36.319018940152098 ], [ -120.643219784153004, 36.319075939700198 ], [ -120.644355785247996, 36.319020940211402 ], [ -120.644893784855, 36.318859940121797 ], [ -120.645212784631994, 36.318682940087001 ], [ -120.645392784414994, 36.318570940098098 ], [ -120.645622784764001, 36.317723939272099 ], [ -120.645792784712, 36.317272939280002 ], [ -120.646141785083003, 36.317006939469501 ], [ -120.646699784616999, 36.317112939738998 ], [ -120.647446784509995, 36.316903939475601 ], [ -120.648541784824999, 36.317114939676998 ], [ -120.649756785419001, 36.316978939048298 ], [ -120.650483785716006, 36.3167059387658 ], [ -120.652097786216004, 36.316408939383003 ], [ -120.653162786210999, 36.316563939158797 ], [ -120.654207785585996, 36.316516938532899 ], [ -120.655014785595, 36.3161949390025 ], [ -120.655701786104004, 36.316066938828897 ], [ -120.656777786521005, 36.3162209387798 ], [ -120.657652786574999, 36.316495938864001 ], [ -120.658818786729, 36.3162399383314 ], [ -120.659257786159003, 36.315473938729703 ], [ -120.659596786663997, 36.314990938354597 ], [ -120.660036786584001, 36.314748938771899 ], [ -120.660554786869, 36.314612938502798 ], [ -120.661719786817002, 36.314565937817299 ], [ -120.662197786627999, 36.314662938122403 ], [ -120.662585787048997, 36.314598938071804 ], [ -120.663143787235001, 36.314389937930201 ], [ -120.663323787028006, 36.313850937829997 ], [ -120.663702786734007, 36.313423937574697 ], [ -120.664439787215997, 36.313020937659303 ], [ -120.664848787680995, 36.312924938179499 ], [ -120.665008787087004, 36.312408937416102 ], [ -120.665297787556995, 36.312263937468302 ], [ -120.666403786957005, 36.311450937390603 ], [ -120.666854787304999, 36.310072937765298 ], [ -120.667433787674, 36.308967937557902 ], [ -120.668321787056001, 36.3079529371782 ], [ -120.668620787129996, 36.307203937089902 ], [ -120.669318787029994, 36.306679936712598 ], [ -120.669956787244999, 36.306325937275702 ], [ -120.670006787334003, 36.306019937210401 ], [ -120.670096787131001, 36.305777936920698 ], [ -120.670883787495995, 36.305600936656397 ], [ -120.671869787462001, 36.305303936262099 ], [ -120.672666788171995, 36.305005936359898 ], [ -120.672965787471, 36.304756936270302 ], [ -120.673305787193001, 36.303700936452302 ], [ -120.674232787909006, 36.302870936662003 ], [ -120.674571787255999, 36.302725935995603 ], [ -120.675576787709005, 36.302904935779097 ], [ -120.675865787890004, 36.302783935996999 ], [ -120.676074788384, 36.302557936347199 ], [ -120.676422787917005, 36.301638935597097 ], [ -120.676875787520999, 36.300856936159803 ], [ -120.677566787716003, 36.299524935868497 ], [ -120.678075788021999, 36.298467936085402 ], [ -120.678182788423996, 36.298062935367 ], [ -120.678834788111004, 36.297663935580502 ], [ -120.679168787997995, 36.297190935573603 ], [ -120.680018788574003, 36.296634935067303 ], [ -120.68097378857, 36.296103935226903 ], [ -120.681458787687006, 36.295805935018997 ], [ -120.681322787721001, 36.295225935383002 ], [ -120.681331787633994, 36.294918935085498 ], [ -120.681375788240004, 36.294684935176903 ], [ -120.682139788203003, 36.294622935280103 ], [ -120.682735788616, 36.294445935053503 ], [ -120.682846788633995, 36.2942689347461 ], [ -120.682587788234002, 36.2941139348791 ], [ -120.682300788543003, 36.293790934703097 ], [ -120.682068788107998, 36.293398935000603 ], [ -120.682041788231999, 36.293151935199198 ], [ -120.682042788307001, 36.292985934435897 ], [ -120.682042787868994, 36.292813934843601 ], [ -120.681963787423996, 36.292492934678997 ], [ -120.681486787782006, 36.291880934491701 ], [ -120.680740787081007, 36.291314934475601 ], [ -120.680462787671999, 36.290685934767403 ], [ -120.680483787241997, 36.289982934970098 ], [ -120.681405787968004, 36.288900934592597 ], [ -120.682049787649007, 36.288090934652203 ], [ -120.682547787011998, 36.287719934124098 ], [ -120.682956787780995, 36.287268934196597 ], [ -120.682897787290003, 36.286800934435703 ], [ -120.682419787884996, 36.2863659338852 ], [ -120.680808787250001, 36.285154934350103 ], [ -120.680152787159003, 36.284839933986703 ], [ -120.679107786493006, 36.284612934193397 ], [ -120.678061786604999, 36.284175934644999 ], [ -120.677246786538007, 36.283593934342299 ], [ -120.675889785503003, 36.282832934135101 ], [ -120.675134786181005, 36.2825669343786 ], [ -120.674407785735994, 36.282477934181699 ], [ -120.673851785657007, 36.282404934037601 ], [ -120.673345785913, 36.281880934388099 ], [ -120.672831785802998, 36.281146934525701 ], [ -120.672634784924995, 36.280493934429899 ], [ -120.672982785670001, 36.280292934166802 ], [ -120.673519785780996, 36.280067934489502 ], [ -120.673909785375997, 36.279721933742401 ], [ -120.675045785338995, 36.278649933612101 ], [ -120.675486785735004, 36.277988934176904 ], [ -120.675704785956995, 36.277529933417398 ], [ -120.676202785658006, 36.276844933590603 ], [ -120.676153785270003, 36.276199933358299 ], [ -120.676134785412998, 36.275755933802898 ], [ -120.676224785005004, 36.275481933624199 ], [ -120.675320785514003, 36.2747399337361 ], [ -120.674614785238006, 36.274190933443599 ], [ -120.674386784806003, 36.273649933110697 ], [ -120.674327785057002, 36.273012933328502 ], [ -120.674258785047002, 36.272738933125801 ], [ -120.674388784436999, 36.272383933511797 ], [ -120.674816784689995, 36.271900933754502 ], [ -120.675146785113, 36.270933933638403 ], [ -120.675366784605998, 36.270522933216299 ], [ -120.675824784648995, 36.270288932742503 ], [ -120.676272784804993, 36.269974933110497 ], [ -120.676641784739999, 36.2693709334009 ], [ -120.676771784398994, 36.268894933203697 ], [ -120.677558784945006, 36.268371932742497 ], [ -120.677748784306004, 36.268040932728198 ], [ -120.678196784492002, 36.267516933122003 ], [ -120.678594785038996, 36.267323932841997 ], [ -120.678755784393999, 36.267545932813299 ], [ -120.678976784691997, 36.267846932484602 ], [ -120.679309785621996, 36.268531932598997 ], [ -120.679515785575006, 36.269046932700299 ], [ -120.679755785229005, 36.269621932614697 ], [ -120.680268785449996, 36.2698799329292 ], [ -120.680840785409004, 36.270125933210402 ], [ -120.680918785114997, 36.270414932709897 ], [ -120.681176785576, 36.270864932736004 ], [ -120.681663785256006, 36.271543933273101 ], [ -120.682061785898995, 36.271743933092402 ], [ -120.682418785703007, 36.271963933235597 ], [ -120.682817785454006, 36.271995933039797 ], [ -120.683095786237999, 36.271963932819901 ], [ -120.683188786486994, 36.271845932660803 ], [ -120.683356786039994, 36.271697933061503 ], [ -120.683407786192006, 36.271678932994099 ], [ -120.683467786337005, 36.271644932578901 ], [ -120.683550785772994, 36.271576932338 ], [ -120.683565785872005, 36.271546932795999 ], [ -120.683570786016006, 36.271517932416501 ], [ -120.683570785875006, 36.271359932580097 ], [ -120.683591786075993, 36.271292932339698 ], [ -120.683682785968003, 36.271126932589098 ], [ -120.683759786482995, 36.271028932408001 ], [ -120.683793785497002, 36.270994932322097 ], [ -120.683818786046004, 36.270969933056101 ], [ -120.683900786170994, 36.270919932634001 ], [ -120.683941785741993, 36.270903932565197 ], [ -120.684024785879998, 36.270898933063599 ], [ -120.684267786424996, 36.270931932529699 ], [ -120.684536786652998, 36.271001932898201 ], [ -120.684647786024996, 36.271008932652002 ], [ -120.684725785965995, 36.271005932618799 ], [ -120.684897785698993, 36.2709779325358 ], [ -120.685086785937003, 36.270970932274402 ], [ -120.685262786430997, 36.270981932888198 ], [ -120.685370786106006, 36.271001932660397 ], [ -120.685423786257999, 36.271015933017502 ], [ -120.685593786294007, 36.271073932824699 ], [ -120.685926786164998, 36.271186932332398 ], [ -120.686109786898996, 36.271260932453899 ], [ -120.686233786035999, 36.2712929328301 ], [ -120.686337786427998, 36.271309932958403 ], [ -120.686726786389002, 36.271351932666299 ], [ -120.686836786588998, 36.271382932704903 ], [ -120.687239786928998, 36.271450932570197 ], [ -120.687664786550997, 36.271662932486699 ], [ -120.688003786983998, 36.271824932070203 ], [ -120.688510786899002, 36.272187932636299 ], [ -120.688847786881993, 36.272502932293001 ], [ -120.689295787411993, 36.2728419325746 ], [ -120.689722787259001, 36.273212932467104 ], [ -120.690219786799005, 36.273624932520597 ], [ -120.690567787594006, 36.274051932478102 ], [ -120.690865787728001, 36.274511932276802 ], [ -120.691242787820997, 36.275012932984097 ], [ -120.691421787901007, 36.275229932920404 ], [ -120.691520788128997, 36.275649932473002 ], [ -120.691689788280001, 36.276342932459102 ], [ -120.692006788349005, 36.276754932857102 ], [ -120.692344788007006, 36.277133932938199 ], [ -120.692543788094994, 36.277270932423399 ], [ -120.693147788030998, 36.277909933021697 ], [ -120.693614787916005, 36.278039932566998 ], [ -120.694648788855005, 36.277920932768097 ], [ -120.694909788526999, 36.277998932988403 ], [ -120.69498478829, 36.2781229324384 ], [ -120.695074788341998, 36.278574933019698 ], [ -120.695509789143998, 36.279871932763101 ], [ -120.695848788912002, 36.280268932704502 ], [ -120.696355789218998, 36.280752933110399 ], [ -120.696720788647994, 36.280951932668799 ], [ -120.697044788903, 36.281092932360302 ], [ -120.697137789327996, 36.281340933033299 ], [ -120.697126789066999, 36.281673932787498 ], [ -120.697137789633999, 36.2820729332703 ], [ -120.697314789068002, 36.282467933193701 ], [ -120.697472789317004, 36.282675932679503 ], [ -120.697742789901994, 36.282888933194002 ], [ -120.698040789958, 36.283016932436603 ], [ -120.698357789842007, 36.283249932530097 ], [ -120.698696789148997, 36.2836439330272 ], [ -120.699037789941002, 36.283825932457098 ], [ -120.699284789299995, 36.283977932563602 ], [ -120.699672789526005, 36.284162932637798 ], [ -120.699887790353003, 36.284155933250098 ], [ -120.700118790261001, 36.284057932613699 ], [ -120.700440790488997, 36.2840349323927 ], [ -120.700905789879002, 36.283945933044301 ], [ -120.701116789742002, 36.284091932332402 ], [ -120.701224789736997, 36.284273932892503 ], [ -120.701302790279001, 36.284647932703002 ], [ -120.701232790697006, 36.285006932884301 ], [ -120.701153790104001, 36.285299933105499 ], [ -120.701331790252993, 36.285564932767201 ], [ -120.701709790785998, 36.285791932996297 ], [ -120.701967789888002, 36.286161932912997 ], [ -120.702156790656005, 36.286243932460103 ], [ -120.702426790809, 36.286270933054503 ], [ -120.702792790694005, 36.2863509327725 ], [ -120.703111790118996, 36.286479933191799 ], [ -120.703300790176002, 36.286696932756001 ], [ -120.703759791332004, 36.287059933009203 ], [ -120.704046791192994, 36.287020932629702 ], [ -120.704376790873994, 36.286875932695303 ], [ -120.704763790613995, 36.2870439327993 ], [ -120.704994790767998, 36.287230932412797 ], [ -120.705382791191994, 36.287237933205297 ], [ -120.706409791477, 36.286924932916001 ], [ -120.707445790822007, 36.285994932854798 ], [ -120.707691790851001, 36.285762932650798 ], [ -120.707817791116, 36.285834932693703 ], [ -120.707955791150994, 36.285899932833502 ], [ -120.708041791110006, 36.285961932833601 ], [ -120.708076791021, 36.2860159329216 ], [ -120.708177791943996, 36.286173932742997 ], [ -120.708249790927994, 36.286231932938598 ], [ -120.708621791903994, 36.286451932026701 ], [ -120.708765791234001, 36.286532932497202 ], [ -120.708888791798998, 36.286613932470402 ], [ -120.708926791600007, 36.286645932601601 ], [ -120.708948791929004, 36.286671932058901 ], [ -120.708980791735002, 36.286727932893797 ], [ -120.709057791502005, 36.286904932576398 ], [ -120.709081791499997, 36.286942932895798 ], [ -120.709144791385, 36.287008932100697 ], [ -120.709457791343993, 36.287216932448402 ], [ -120.709500791533003, 36.287241932398999 ], [ -120.709550792048006, 36.287264932252803 ], [ -120.709633792016007, 36.287294932431003 ], [ -120.7097337915, 36.2873189322653 ], [ -120.709947792064995, 36.287355932312899 ], [ -120.710006791466995, 36.287356932281199 ], [ -120.710056791750006, 36.287352932256098 ], [ -120.710115792173994, 36.287341932200903 ], [ -120.710243791427999, 36.287301932578401 ], [ -120.710399792055995, 36.287239932191 ], [ -120.710440792273005, 36.287229932456903 ], [ -120.710481791733002, 36.287226932768498 ], [ -120.710563792421993, 36.287230932234898 ], [ -120.710654791869999, 36.2872499322838 ], [ -120.710693791425996, 36.287264932003801 ], [ -120.710774792237004, 36.287311932142401 ], [ -120.710958791978996, 36.287487932683803 ], [ -120.711147792388999, 36.2876219326212 ], [ -120.711279792488, 36.287692932128998 ], [ -120.711366791588006, 36.287727932811599 ], [ -120.711447792572997, 36.2877689320703 ], [ -120.711495791974997, 36.287805932147599 ], [ -120.711531792562994, 36.287842932276703 ], [ -120.711566792222001, 36.287888932609498 ], [ -120.711627792063993, 36.2880169322816 ], [ -120.711727792285004, 36.288275932391201 ], [ -120.711735791813993, 36.288329932585697 ], [ -120.711725792204007, 36.288397932126102 ], [ -120.711726792405997, 36.288440932036302 ], [ -120.711735791826996, 36.288476932738099 ], [ -120.711753791833999, 36.288521932641899 ], [ -120.711796792098994, 36.288574932880302 ], [ -120.711891792198003, 36.288658932554497 ], [ -120.711984792375006, 36.288753932512499 ], [ -120.712035792131005, 36.288799932537003 ], [ -120.712089792024997, 36.288838932452599 ], [ -120.712154792158998, 36.2888739328206 ], [ -120.712268791784993, 36.288921932099399 ], [ -120.712336791846994, 36.288941932608502 ], [ -120.712392792602998, 36.288953932668399 ], [ -120.712452792369007, 36.288957932084003 ], [ -120.712833792127995, 36.288938932126101 ], [ -120.712987792106006, 36.288924932750596 ], [ -120.713285792505005, 36.288896932708603 ], [ -120.713328792552005, 36.2889029321911 ], [ -120.713370792971006, 36.288917932772499 ], [ -120.713518792315, 36.289003932823803 ], [ -120.713853793145006, 36.289220932305497 ], [ -120.713963792814994, 36.2892639319764 ], [ -120.714074793040993, 36.289278932200503 ], [ -120.714273792856005, 36.289273932777398 ], [ -120.714327792486998, 36.289284932386501 ], [ -120.714362792895002, 36.2892969321693 ], [ -120.714692792285007, 36.289478931941197 ], [ -120.714837792824994, 36.289557932213 ], [ -120.714975792445003, 36.289626932757301 ], [ -120.715078793342002, 36.289696932238499 ], [ -120.715244793007997, 36.289821932775503 ], [ -120.715346792955003, 36.2898889323166 ], [ -120.715392792635001, 36.289908931958799 ], [ -120.715512793276005, 36.289942932314403 ], [ -120.715588792597998, 36.289957932562601 ], [ -120.715920793145003, 36.290087932349401 ], [ -120.716017793445999, 36.290144932620201 ], [ -120.716067793056993, 36.290180932081803 ], [ -120.716101793207002, 36.290215932620399 ], [ -120.716128793351004, 36.290250932567403 ], [ -120.716172793173996, 36.290325931919497 ], [ -120.716207793532007, 36.290405932476602 ], [ -120.716225793237996, 36.290508932329402 ], [ -120.716277792935003, 36.290945932188798 ], [ -120.716261793216006, 36.291043932797798 ], [ -120.716218793739003, 36.291235932422801 ], [ -120.716198793041997, 36.291375932644399 ], [ -120.716202793288005, 36.291446932624602 ], [ -120.716225793348002, 36.291510932578397 ], [ -120.716263793242007, 36.291570932447101 ], [ -120.716315792930004, 36.291767932076802 ], [ -120.716382792748007, 36.291966932920097 ], [ -120.716409793688001, 36.292030932638198 ], [ -120.716441793499996, 36.292085932829899 ], [ -120.716515793328, 36.2921649327171 ], [ -120.716737793909999, 36.292352932613603 ], [ -120.716893793514004, 36.292451932271 ], [ -120.717020793673001, 36.292502932486499 ], [ -120.717095793726997, 36.292523932282897 ], [ -120.717165793847002, 36.292535932101103 ], [ -120.717235793390003, 36.292538932587902 ], [ -120.71733979375, 36.2925319322242 ], [ -120.717388793791997, 36.292521932383302 ], [ -120.717447792968002, 36.292496932238997 ], [ -120.717507793158006, 36.292458932404799 ], [ -120.717583793632997, 36.292400932873903 ], [ -120.717705793552994, 36.292291932785901 ], [ -120.717773793272997, 36.292248932439698 ], [ -120.717824793337002, 36.292235932529998 ], [ -120.717986794039007, 36.2922389324522 ], [ -120.718093793554999, 36.292231932151502 ], [ -120.718366793233997, 36.292173932405497 ], [ -120.718431793576002, 36.292153932174898 ], [ -120.718500793179004, 36.2921419322386 ], [ -120.718627794113004, 36.292108932746601 ], [ -120.718688794054003, 36.292100932613998 ], [ -120.718819793989994, 36.292104932193801 ], [ -120.718883794182005, 36.292113932537497 ], [ -120.718968793586996, 36.292145932628003 ], [ -120.719050793389997, 36.292206932715999 ], [ -120.719319793569994, 36.292494932757698 ], [ -120.719360793589004, 36.292533932180802 ], [ -120.719407793768994, 36.292559932459703 ], [ -120.719584794168, 36.292624932730398 ], [ -120.719779794271005, 36.292693932573101 ], [ -120.719867793974998, 36.292712932206598 ], [ -120.720117793642999, 36.292740931955599 ], [ -120.720315793775001, 36.2927809326344 ], [ -120.720501794054996, 36.292831932516002 ], [ -120.720603793576998, 36.2928669325306 ], [ -120.720869793860004, 36.292990931867401 ], [ -120.720978794380997, 36.293014932405697 ], [ -120.721079793976998, 36.293010932410503 ], [ -120.721193793853004, 36.292983932660597 ], [ -120.721302793831001, 36.292968932315702 ], [ -120.722198794204999, 36.292555932356002 ], [ -120.722596794108, 36.2926609321526 ], [ -120.722765794932002, 36.293232931873298 ], [ -120.722795794175994, 36.293724932454197 ], [ -120.722704794731001, 36.294169932286003 ], [ -120.722713794171, 36.294186932185298 ], [ -120.722734794420006, 36.294215932646502 ], [ -120.723673794801996, 36.2951099325741 ], [ -120.723732795114998, 36.295177932055701 ], [ -120.723883794909, 36.2954019319737 ], [ -120.724065794549006, 36.295705932326001 ], [ -120.724159794996993, 36.295847932224802 ], [ -120.724229795453994, 36.295927932015204 ], [ -120.724285795084995, 36.295968932755798 ], [ -120.724595794983003, 36.2961349319663 ], [ -120.724842794740994, 36.296227932016201 ], [ -120.724884794725, 36.296256932342501 ], [ -120.724939794836004, 36.296313932266301 ], [ -120.724961795298995, 36.296342932227802 ], [ -120.724990794774996, 36.296405932061901 ], [ -120.725043795250997, 36.296490932427503 ], [ -120.725126795468, 36.296609932571499 ], [ -120.725151795152001, 36.296676932239002 ], [ -120.725193795140001, 36.296840932017297 ], [ -120.725235795710006, 36.296955932227803 ], [ -120.725265795097997, 36.296995932441803 ], [ -120.725410794702995, 36.297109932161497 ], [ -120.725485795297004, 36.297201932408299 ], [ -120.725581795408999, 36.297299932259797 ], [ -120.725654795249994, 36.297346932508098 ], [ -120.725827794921003, 36.297436932786198 ], [ -120.725892795625995, 36.297465932562098 ], [ -120.726119795179997, 36.297601932571403 ], [ -120.726210795149001, 36.297639932663103 ], [ -120.726324794899, 36.297678932025597 ], [ -120.726443795918001, 36.2977129324914 ], [ -120.727372796213999, 36.2984769319375 ], [ -120.728762795473003, 36.299269932427997 ], [ -120.728976795505005, 36.299458932523898 ], [ -120.729032795734, 36.299500932504799 ], [ -120.729209795908005, 36.299605932514297 ], [ -120.729281796020999, 36.2996409325523 ], [ -120.729404795872, 36.299715932091402 ], [ -120.729460796588, 36.299754932096903 ], [ -120.729542795718004, 36.299834932415003 ], [ -120.729754796194996, 36.300009932222601 ], [ -120.729842795994003, 36.300074932519998 ], [ -120.729902796033997, 36.300109932300202 ], [ -120.730208796159999, 36.300256932212598 ], [ -120.730237796393993, 36.300270932140997 ], [ -120.730340796112003, 36.300377932756497 ], [ -120.730469796069002, 36.300549932480401 ], [ -120.730507795904003, 36.3006079323332 ], [ -120.730539796076997, 36.300644932051902 ], [ -120.730574796295002, 36.3006729319494 ], [ -120.730613796553996, 36.300688932085301 ], [ -120.730656796838005, 36.300692932455703 ], [ -120.730686796292005, 36.300690932737297 ], [ -120.730695795955995, 36.300716932274398 ], [ -120.730885796779006, 36.3010649326554 ], [ -120.731293796995004, 36.301274932226001 ], [ -120.731889796245994, 36.301309932634297 ], [ -120.732484797284002, 36.301349931936599 ], [ -120.733459796936998, 36.302155932110402 ], [ -120.734392796852006, 36.302273932704502 ], [ -120.735033797035001, 36.302583932318903 ], [ -120.735055797832004, 36.302574932130803 ], [ -120.735154796982997, 36.302632932597902 ], [ -120.735201797814, 36.3027499322286 ], [ -120.735217797472004, 36.302868932030599 ], [ -120.735276797195993, 36.303104932261199 ], [ -120.735334797305001, 36.303237932604503 ], [ -120.735453797491999, 36.303390932685303 ], [ -120.735534797510994, 36.303485932559298 ], [ -120.735554796939994, 36.303508932410701 ], [ -120.735809797710999, 36.303685931873098 ], [ -120.736034798006003, 36.303793932409597 ], [ -120.736218797717001, 36.303846932162699 ], [ -120.736368798027996, 36.303866932358197 ], [ -120.736445797909994, 36.303871932035797 ], [ -120.736491797431995, 36.303881931942598 ], [ -120.736727798141004, 36.303954932045997 ], [ -120.736855798152007, 36.304003931819103 ], [ -120.736950798156997, 36.3040469319103 ], [ -120.737038797737995, 36.304099932417202 ], [ -120.737132798163998, 36.304174932282002 ], [ -120.737274797801007, 36.304262931921599 ], [ -120.737342798143004, 36.304298932185397 ], [ -120.737396798204998, 36.304321932294897 ], [ -120.737528797527006, 36.304361932052799 ], [ -120.737600798093993, 36.304369931870497 ], [ -120.737808798127006, 36.304362931909402 ], [ -120.737880797806994, 36.304372932622698 ], [ -120.737927797430999, 36.3043909323546 ], [ -120.738130797516007, 36.304509932547198 ], [ -120.738265798328996, 36.304593932303497 ], [ -120.738333798034006, 36.304626932243202 ], [ -120.738490798327007, 36.304680932543 ], [ -120.738607798551996, 36.304699932537098 ], [ -120.738858797879004, 36.304763931979799 ], [ -120.738957797902998, 36.304773932018598 ], [ -120.739014798388993, 36.304769931805801 ], [ -120.739248798421997, 36.304765931991703 ], [ -120.740068798104005, 36.305336932053002 ], [ -120.741043798589999, 36.305844931878397 ], [ -120.741421798849998, 36.3061609318694 ], [ -120.741789799035004, 36.306628932207801 ], [ -120.742237799037994, 36.307097931744401 ], [ -120.742705799476994, 36.307290932175398 ], [ -120.743203799411006, 36.307573932243699 ], [ -120.743770799380997, 36.308179931856998 ], [ -120.744735799571004, 36.308841931956401 ], [ -120.745093799060996, 36.309301931878998 ], [ -120.745939800206003, 36.309811932219198 ], [ -120.746666799867, 36.310238932113499 ], [ -120.747472799636995, 36.310022932137002 ], [ -120.748030800058999, 36.310207932461097 ], [ -120.748846800181994, 36.310201931645899 ], [ -120.750369799954001, 36.310162932288797 ], [ -120.750628800173999, 36.309928931977097 ], [ -120.751020800269998, 36.309464931738802 ], [ -120.751323800585993, 36.309338931525801 ], [ -120.751613800409004, 36.3091389319261 ], [ -120.751854801080995, 36.308905931871202 ], [ -120.752065800504994, 36.308608931290202 ], [ -120.752227800170004, 36.308304931868598 ], [ -120.752398800471994, 36.3081439316285 ], [ -120.752589800761001, 36.3079029314301 ], [ -120.752948800219002, 36.307800931754201 ], [ -120.753236801132005, 36.307890931505902 ], [ -120.753593801150004, 36.307917931175503 ], [ -120.754350800517003, 36.307962931229198 ], [ -120.754757801474994, 36.307980931443801 ], [ -120.755474800784, 36.3078889314612 ], [ -120.755753801330997, 36.307817931657702 ], [ -120.756062800768007, 36.307803931082901 ], [ -120.756429801649006, 36.307845930873803 ], [ -120.756985801303998, 36.308035931381397 ], [ -120.757311801777007, 36.308190931133701 ], [ -120.757677801577003, 36.308450931169801 ], [ -120.757974801790994, 36.3086389309534 ], [ -120.758352801403007, 36.308608931084699 ], [ -120.758325801927, 36.308253931370899 ], [ -120.757999801406001, 36.3080669309456 ], [ -120.757872801637006, 36.3077929314953 ], [ -120.757736800919005, 36.307469931151601 ], [ -120.757092801425003, 36.3072159308376 ], [ -120.756745801337999, 36.307028931589102 ], [ -120.756390801367004, 36.306704931281502 ], [ -120.756136801132996, 36.306275931602897 ], [ -120.755881800479997, 36.305815931607903 ], [ -120.755795800860994, 36.305500930712398 ], [ -120.755738800654001, 36.305279930750999 ], [ -120.755271800513, 36.305005930937497 ], [ -120.754560800679997, 36.304881930789698 ], [ -120.753982800532995, 36.304780931090697 ], [ -120.753442800342, 36.304482931600198 ], [ -120.752786799931997, 36.304389931184502 ], [ -120.751628800169001, 36.304365930939397 ], [ -120.751031800462997, 36.304202931259603 ], [ -120.750461799742993, 36.303869931673397 ], [ -120.749367799793006, 36.302867931285199 ], [ -120.749346799299005, 36.302847931120397 ], [ -120.747573799633997, 36.301216931613801 ], [ -120.746631799241996, 36.300847930893497 ], [ -120.746290798361002, 36.300801931150502 ], [ -120.745913798418002, 36.300526931030099 ], [ -120.745795798844995, 36.300440931164196 ], [ -120.745725798964997, 36.300374931289099 ], [ -120.745471798281997, 36.300155931368003 ], [ -120.745313799025993, 36.299974931289498 ], [ -120.745163798234998, 36.299831931652001 ], [ -120.745068799085999, 36.299672930986702 ], [ -120.744959798547001, 36.299331931081802 ], [ -120.744932798538997, 36.299068931630501 ], [ -120.744864798701002, 36.298903931630797 ], [ -120.744679798478998, 36.298796931570401 ], [ -120.744591798722993, 36.298693931071597 ], [ -120.744520798752006, 36.298611931371603 ], [ -120.744241798632999, 36.298486931515903 ], [ -120.744042798085005, 36.298382931500399 ], [ -120.743846798266006, 36.298321931368001 ], [ -120.743411798275005, 36.298234931560899 ], [ -120.743331797929997, 36.298186930846498 ], [ -120.743126797892003, 36.298063930847498 ], [ -120.743051798473999, 36.297860931548499 ], [ -120.742956798508999, 36.297717931411398 ], [ -120.742895797974001, 36.297470931182303 ], [ -120.742739798317004, 36.297075931579499 ], [ -120.742724797451004, 36.296988931193702 ], [ -120.742698798391999, 36.296833931213797 ], [ -120.742691797416995, 36.296613931534402 ], [ -120.742609798089006, 36.296443931426701 ], [ -120.742195797842996, 36.296257930785302 ], [ -120.741869797670006, 36.2959769313644 ], [ -120.741774797933004, 36.295867931129301 ], [ -120.741631797118998, 36.295587931545199 ], [ -120.741516798103007, 36.295147931194997 ], [ -120.741285797109001, 36.2947359312112 ], [ -120.741088797592994, 36.294455931324897 ], [ -120.740796797428999, 36.294126931152903 ], [ -120.740538797067003, 36.293906931475803 ], [ -120.740402796805, 36.293719930891797 ], [ -120.740293796727997, 36.2934779314037 ], [ -120.740259797196003, 36.293335930777701 ], [ -120.740259796651003, 36.293121930623997 ], [ -120.740224797115005, 36.292909931184901 ], [ -120.740214797253998, 36.292728931068602 ], [ -120.740207796625, 36.292591930883397 ], [ -120.740193797014996, 36.292388930967299 ], [ -120.739935797008002, 36.292233930979101 ], [ -120.739858797199005, 36.292138931342997 ], [ -120.739668797508997, 36.292083930758501 ], [ -120.739634796668994, 36.292066930988902 ], [ -120.739478797282004, 36.291989930953797 ], [ -120.739349796577002, 36.291803930768197 ], [ -120.739254797285994, 36.291572930990903 ], [ -120.739188796828003, 36.291309930776102 ], [ -120.739097796224002, 36.290951930591802 ], [ -120.738887796914995, 36.290567930498497 ], [ -120.738914796694999, 36.290292930543202 ], [ -120.738961797065997, 36.290111931197004 ], [ -120.738918796582993, 36.290029930650903 ], [ -120.738896796131996, 36.289979931157497 ], [ -120.738776797114994, 36.289708931189999 ], [ -120.738601796547002, 36.289319930542199 ], [ -120.738544796618001, 36.289151931078599 ], [ -120.738521796563006, 36.289016931103603 ], [ -120.738470796673994, 36.288713931134303 ], [ -120.738439796248002, 36.288628930539303 ], [ -120.738406795887997, 36.288539930998297 ], [ -120.738301795848002, 36.288255931052902 ], [ -120.738223796837005, 36.288175930434598 ], [ -120.738056796405999, 36.288035930450803 ], [ -120.737597795865, 36.287930930600503 ], [ -120.737243796102007, 36.287865931093599 ], [ -120.736863795519994, 36.287184930750598 ], [ -120.736686796013004, 36.286761930676697 ], [ -120.736638795952999, 36.286547930280001 ], [ -120.736564795863998, 36.286349930462698 ], [ -120.736462795582995, 36.2861739302719 ], [ -120.736272795976006, 36.285723930840902 ], [ -120.736143795800004, 36.285575930248903 ], [ -120.735925795986006, 36.285386930539502 ], [ -120.735923795942995, 36.285342930314997 ], [ -120.735463795768993, 36.285219930314398 ], [ -120.735378795871, 36.2850459303272 ], [ -120.735252794977995, 36.284778930386899 ], [ -120.735201795845001, 36.284726930690603 ], [ -120.735172795211, 36.284696930819898 ], [ -120.735002795057994, 36.284554930765502 ], [ -120.734717795102, 36.284488930855098 ], [ -120.73455479527, 36.284488930536 ], [ -120.73450079573, 36.2844739308184 ], [ -120.734081795700007, 36.284344930351899 ], [ -120.733932795157997, 36.284248930845003 ], [ -120.733859795786003, 36.284200930715798 ], [ -120.733872795449997, 36.283925930263102 ], [ -120.733883794858997, 36.283695930464503 ], [ -120.734004794865996, 36.283230930314403 ], [ -120.734004794846996, 36.282955930581402 ], [ -120.733786794777998, 36.2825169306197 ], [ -120.733623795344002, 36.282362929987102 ], [ -120.733548795125998, 36.282169930334199 ], [ -120.733569795372006, 36.281775930546097 ], [ -120.733528795338003, 36.281714930706997 ], [ -120.733407795101002, 36.281609930346697 ], [ -120.733386794807004, 36.281522930037099 ], [ -120.733433794524998, 36.281214929998796 ], [ -120.733392794875002, 36.280841930712498 ], [ -120.733331795078001, 36.280649930555498 ], [ -120.733256795227007, 36.280506930023797 ], [ -120.733337794215004, 36.279841930109903 ], [ -120.733323794509005, 36.279627930027402 ], [ -120.733235794121001, 36.279451929935902 ], [ -120.733072794332003, 36.279292930504099 ], [ -120.732912794282001, 36.279082930467801 ], [ -120.732862794536004, 36.278874930391403 ], [ -120.732746794018993, 36.2785129300999 ], [ -120.732617794253002, 36.278215930307802 ], [ -120.732583794920998, 36.278045930017399 ], [ -120.732223793852, 36.277381929923003 ], [ -120.732088794161001, 36.276976929686803 ], [ -120.732067794551, 36.276712929651801 ], [ -120.73204679378, 36.276431929686098 ], [ -120.732038794298006, 36.276340930070099 ], [ -120.732026794546996, 36.276205929639801 ], [ -120.732114794639003, 36.275971930005298 ], [ -120.732145793707005, 36.275930929782398 ], [ -120.732157794630993, 36.275883929848298 ], [ -120.732152794472, 36.275825929955502 ], [ -120.732161793722995, 36.275656930315499 ], [ -120.732120794254001, 36.275469930338197 ], [ -120.732018793631994, 36.275370930177402 ], [ -120.731663794094999, 36.275136929678901 ], [ -120.731533794282001, 36.275043930071099 ], [ -120.731453793962999, 36.274944930018698 ], [ -120.731222794399997, 36.274659929764397 ], [ -120.731054793964006, 36.274452929463997 ], [ -120.730881793494007, 36.274083930103998 ], [ -120.730586793607003, 36.273866929568896 ], [ -120.730457794149999, 36.273827930046899 ], [ -120.730349793875007, 36.273783929635997 ], [ -120.730220793228995, 36.273772930200401 ], [ -120.730094793337003, 36.273790930062702 ], [ -120.729989793575996, 36.273805930143297 ], [ -120.729858793831994, 36.2737849298735 ], [ -120.729703792981994, 36.273759929483901 ], [ -120.729483793366001, 36.273701930112402 ], [ -120.729246792911994, 36.273627930043602 ], [ -120.729100793802004, 36.273432929862601 ], [ -120.728802793810999, 36.273064929809301 ], [ -120.728652793356005, 36.2727849300705 ], [ -120.728417793324994, 36.272275929865501 ], [ -120.728503793258994, 36.272026929865902 ], [ -120.728387793533003, 36.2719389301108 ], [ -120.728252793626993, 36.271911930077202 ], [ -120.728136793638996, 36.271927929841901 ], [ -120.72798079287, 36.272015930094803 ], [ -120.727831793285006, 36.272004930166801 ], [ -120.727729792594999, 36.2719339294609 ], [ -120.727621793278999, 36.271790929493299 ], [ -120.727485793195996, 36.271669929754097 ], [ -120.727288793311999, 36.271499929951297 ], [ -120.727044792544007, 36.271378929820102 ], [ -120.726517793298001, 36.271267930193801 ], [ -120.726486792691006, 36.271260929852502 ], [ -120.726087792344998, 36.2708689297639 ], [ -120.725721793071003, 36.270835929917801 ], [ -120.725422792250001, 36.270687930270903 ], [ -120.725191792223001, 36.270516929985398 ], [ -120.725056792141999, 36.270467930121001 ], [ -120.724825792431005, 36.2703249303391 ], [ -120.724648792489006, 36.270061929903001 ], [ -120.724628792762999, 36.269984929692299 ], [ -120.724662792518004, 36.269885930308199 ], [ -120.724831792841002, 36.269742930030297 ], [ -120.724859791843002, 36.269665930280297 ], [ -120.724858792053993, 36.2694899297883 ], [ -120.724777791847998, 36.269297929803898 ], [ -120.724784791800005, 36.269248930221202 ], [ -120.724661792480006, 36.268759929632601 ], [ -120.724580792140003, 36.268544930049401 ], [ -120.724363791894007, 36.268171929403103 ], [ -120.724227791529003, 36.2678209295172 ], [ -120.724179792152, 36.267616929746403 ], [ -120.724172792008005, 36.267380929957397 ], [ -120.724315791731001, 36.2669089298264 ], [ -120.724179791718001, 36.266803929465198 ], [ -120.723602791979005, 36.266529929488797 ], [ -120.723419791709006, 36.266359930054897 ], [ -120.723276792107995, 36.266128929915503 ], [ -120.723168792110002, 36.2658049291758 ], [ -120.723073791489995, 36.265639929414199 ], [ -120.722910792166999, 36.265496929519998 ], [ -120.722767791316002, 36.265326929339601 ], [ -120.722394791225, 36.265161929402502 ], [ -120.721616791729005, 36.2649549298011 ], [ -120.721541791247006, 36.264871929462799 ], [ -120.721478790828002, 36.264796929433601 ], [ -120.721432791468004, 36.264648929941799 ], [ -120.721485791266005, 36.264211929592001 ], [ -120.721478791614004, 36.264057929542901 ], [ -120.721363791109994, 36.263909929405301 ], [ -120.721252791693999, 36.263819929506198 ], [ -120.721234791290001, 36.263552929691201 ], [ -120.721084790749003, 36.263437929179098 ], [ -120.720935790853005, 36.2633939296379 ], [ -120.720732791472997, 36.263382929549898 ], [ -120.720521790682994, 36.263289929117001 ], [ -120.720425791062993, 36.262958929425601 ], [ -120.720424790939006, 36.262616929188901 ], [ -120.720424790875001, 36.262278929156899 ], [ -120.720424791171993, 36.262147929721998 ], [ -120.720399791085001, 36.262064929745598 ], [ -120.720276791258996, 36.261921929217401 ], [ -120.719816791157001, 36.261873929066098 ], [ -120.719683791053001, 36.261739928985897 ], [ -120.719587791238993, 36.261521929444598 ], [ -120.719516790268997, 36.260877929400699 ], [ -120.719441790244005, 36.260655929585297 ], [ -120.719241790210006, 36.260599929322098 ], [ -120.719003790228001, 36.260547929188299 ], [ -120.718831790326007, 36.2603789289657 ], [ -120.718702790484997, 36.2603399296624 ], [ -120.718576790843997, 36.260310928945103 ], [ -120.718107790730997, 36.260176929174897 ], [ -120.717965789800004, 36.260117929389402 ], [ -120.717708789862996, 36.260016929265603 ], [ -120.717751790153002, 36.259827929090399 ], [ -120.717807790498, 36.259582929283397 ], [ -120.717827789802001, 36.259483929175502 ], [ -120.717833789753996, 36.259451929103903 ], [ -120.717850789978002, 36.259382929605401 ], [ -120.717805790056005, 36.259118929125101 ], [ -120.717731790401999, 36.258742929380901 ], [ -120.71772479018, 36.258708929109197 ], [ -120.717700790655002, 36.258648928893102 ], [ -120.717696790009995, 36.258639928941598 ], [ -120.717672790654007, 36.258604929227602 ], [ -120.717602790236, 36.258462929462297 ], [ -120.717559790286003, 36.258295929230897 ], [ -120.717545790353995, 36.258092928972502 ], [ -120.717589789748999, 36.257697928750801 ], [ -120.717602790361994, 36.257472928720098 ], [ -120.717575790322996, 36.257313928964898 ], [ -120.717365790317004, 36.256725929036101 ], [ -120.717270789636004, 36.256368929501598 ], [ -120.717254790227997, 36.256038929316702 ], [ -120.717256789814996, 36.255934928658299 ], [ -120.717493790296999, 36.255665929383603 ], [ -120.717547789446002, 36.2555619290099 ], [ -120.717500789826005, 36.255308928898202 ], [ -120.717506790056007, 36.254665928739598 ], [ -120.717411789831004, 36.254511928679499 ], [ -120.717296789331996, 36.254380929258303 ], [ -120.717187789990007, 36.2541939287728 ], [ -120.717113789888003, 36.254133928803903 ], [ -120.716936789472001, 36.2540729289951 ], [ -120.716790789396995, 36.254063929204797 ], [ -120.716617789360001, 36.253971928631302 ], [ -120.716373788913998, 36.253847929316898 ], [ -120.716244789352004, 36.253655929170797 ], [ -120.716163788873004, 36.253430928884001 ], [ -120.715987789207006, 36.253089929312402 ], [ -120.715939789648999, 36.252935928403801 ], [ -120.715925789582002, 36.252765929076503 ], [ -120.715946789276003, 36.252573929034298 ], [ -120.716013789498007, 36.252386929236401 ], [ -120.716054788847003, 36.252122929079597 ], [ -120.716040789195006, 36.251892928883798 ], [ -120.715911789185995, 36.251655929122499 ], [ -120.715518788595006, 36.251084928953603 ], [ -120.715260788400002, 36.250540928425103 ], [ -120.714995788405005, 36.250260928397402 ], [ -120.714806788984006, 36.250071928248197 ], [ -120.714712788293994, 36.249947928342401 ], [ -120.714552788942001, 36.249829928733803 ], [ -120.714233788631006, 36.249609928260199 ], [ -120.714130788608998, 36.249471928998098 ], [ -120.714115788192998, 36.249362928207503 ], [ -120.714151788452, 36.249269928545402 ], [ -120.714522789038, 36.249346928698003 ], [ -120.714603788925999, 36.2492919290302 ], [ -120.714762788402993, 36.248916928399403 ], [ -120.714789789045994, 36.248476928740303 ], [ -120.714674788159996, 36.248263928936801 ], [ -120.714065788861006, 36.247869928508102 ], [ -120.713727788178005, 36.247678928279797 ], [ -120.713611788660998, 36.24757492885 ], [ -120.713474788889002, 36.247474928464598 ], [ -120.713219787751001, 36.246962928770699 ], [ -120.713101788505995, 36.246583928773397 ], [ -120.712848788650007, 36.246172928098403 ], [ -120.712732788086996, 36.245730928007703 ], [ -120.712670788094002, 36.2454389286045 ], [ -120.712567787726996, 36.244787928290997 ], [ -120.712492787396997, 36.244598928204098 ], [ -120.712452788133007, 36.244404928235198 ], [ -120.712361788143994, 36.243962928122002 ], [ -120.712207787926999, 36.243657928207099 ], [ -120.711991787315, 36.243220928543003 ], [ -120.711880787612998, 36.242994928288297 ], [ -120.711780787845996, 36.2425459278627 ], [ -120.711750787694996, 36.242384927708201 ], [ -120.711955787229002, 36.241957927819001 ], [ -120.712166787586995, 36.241562927971401 ], [ -120.712216787155, 36.241289927781899 ], [ -120.712099787507995, 36.241009928359802 ], [ -120.711837787293007, 36.2407639278414 ], [ -120.711698786824002, 36.240636927671197 ], [ -120.711418787322003, 36.240524928403602 ], [ -120.711223786801995, 36.240337927675498 ], [ -120.711069786889993, 36.240188928055197 ], [ -120.710971787741002, 36.240101927700103 ], [ -120.710972787383, 36.2400059277794 ], [ -120.710969787381998, 36.239890927840499 ], [ -120.711013787409996, 36.239865927726598 ], [ -120.711569787404997, 36.239711928241398 ], [ -120.711841787270998, 36.239541927914701 ], [ -120.711922787350005, 36.239321928011897 ], [ -120.711870787422995, 36.2391059282632 ], [ -120.711567787673005, 36.238939927643202 ], [ -120.711345787168995, 36.238818928000804 ], [ -120.711207786654995, 36.238683927596703 ], [ -120.711079787220996, 36.238152928109201 ], [ -120.711057787149002, 36.238016928192302 ], [ -120.710833786948001, 36.237858928061002 ], [ -120.710519787354997, 36.237648928011197 ], [ -120.710379786576993, 36.237446927590597 ], [ -120.710350787210004, 36.237056927665002 ], [ -120.710194786760994, 36.236764927673399 ], [ -120.709801786198, 36.236771927445297 ], [ -120.709549786183004, 36.236792927924803 ], [ -120.709386786237999, 36.236703927981701 ], [ -120.709258786533994, 36.235968927812998 ], [ -120.709163786231997, 36.235430927354301 ], [ -120.708915785992005, 36.235081927996603 ], [ -120.708648785790004, 36.234616927531697 ], [ -120.708557786127002, 36.234440927326702 ], [ -120.708457786230994, 36.234259927963301 ], [ -120.708338786208998, 36.233807927654802 ], [ -120.708308785615998, 36.233653927685403 ], [ -120.708119786392004, 36.232889927688497 ], [ -120.708032785819, 36.2325249271465 ], [ -120.707441785954003, 36.2317899277758 ], [ -120.707258786105996, 36.231229927303197 ], [ -120.707099785775995, 36.230737927571298 ], [ -120.707047785859999, 36.230005927378897 ], [ -120.707016785291998, 36.229573927251899 ], [ -120.706789785205999, 36.2292519275194 ], [ -120.70677378501, 36.229069927227499 ], [ -120.706761784961003, 36.2289359269651 ], [ -120.707126784872997, 36.2285179269251 ], [ -120.707210785670995, 36.228414926697198 ], [ -120.707241785055004, 36.228103927201801 ], [ -120.707058785890993, 36.2280339267108 ], [ -120.706584785472003, 36.227868927363602 ], [ -120.706423785442993, 36.227696926997602 ], [ -120.706485785279, 36.227200926958503 ], [ -120.706535785667995, 36.226807927441001 ], [ -120.706751785286997, 36.226291926551397 ], [ -120.706797785022999, 36.226180926975502 ], [ -120.707011785136004, 36.225672926992402 ], [ -120.707382785413003, 36.225390927057802 ], [ -120.707375785525997, 36.225325927073001 ], [ -120.707349785006997, 36.225102926769402 ], [ -120.706782784498003, 36.224791926870502 ], [ -120.706616784451995, 36.224696926573799 ], [ -120.706840785541999, 36.224638927077898 ], [ -120.706908784701, 36.224583926641301 ], [ -120.706888784805997, 36.224490926997603 ], [ -120.706927785272995, 36.224263926693403 ], [ -120.706810784816, 36.224029926790998 ], [ -120.706730784802005, 36.223875926296699 ], [ -120.706793784770994, 36.2234029263116 ], [ -120.706854784474999, 36.223144926431601 ], [ -120.706784784830006, 36.222895926781 ], [ -120.706847784854006, 36.222315926439698 ], [ -120.706899784841994, 36.221997926370904 ], [ -120.706813784787997, 36.221695926545898 ], [ -120.706449784789996, 36.221197926690202 ], [ -120.706446784546998, 36.220910926483597 ], [ -120.706643784593993, 36.220738926217699 ], [ -120.706792784979001, 36.220546926762097 ], [ -120.706898784949999, 36.220395926187003 ], [ -120.706926784770005, 36.2199839267115 ], [ -120.706873785, 36.219838926165302 ], [ -120.706639784358998, 36.219217926127101 ], [ -120.706269784867004, 36.218906926547596 ], [ -120.706139784559994, 36.218812926244603 ], [ -120.706077784594001, 36.218722926075003 ], [ -120.706041783740005, 36.218669926167003 ], [ -120.706024784497004, 36.218503925990099 ], [ -120.706069784427996, 36.217925926556603 ], [ -120.706099784444007, 36.2173999260607 ], [ -120.705831783994, 36.216671926092403 ], [ -120.705841784252996, 36.2157999263896 ], [ -120.705939784248997, 36.214426925494003 ], [ -120.705511783649996, 36.2137929257811 ], [ -120.705413783271993, 36.2137149260356 ], [ -120.705402783740993, 36.213690925708399 ], [ -120.705392783202996, 36.2134919254704 ], [ -120.705409783354, 36.213247925853601 ], [ -120.705598784057997, 36.213147925820202 ], [ -120.705844783716003, 36.2129679255805 ], [ -120.705970783333001, 36.212785926144299 ], [ -120.705994784083998, 36.212563925515497 ], [ -120.705909783055006, 36.212300925805003 ], [ -120.705402783078995, 36.212187926029799 ], [ -120.705083783568, 36.211996925562801 ], [ -120.704868782874996, 36.211675925482297 ], [ -120.704851782922006, 36.2112049254414 ], [ -120.704936782903005, 36.210961926058403 ], [ -120.704933783060994, 36.210773925476303 ], [ -120.704897783169997, 36.210391925541799 ], [ -120.704865782845005, 36.2102779258692 ], [ -120.704945783406004, 36.209918925744603 ], [ -120.705089783269997, 36.209895925663801 ], [ -120.705292783748007, 36.209933925925696 ], [ -120.705340783430998, 36.2099069258418 ], [ -120.705428783740004, 36.209807925161101 ], [ -120.705514783021997, 36.209603925096602 ], [ -120.705665783537995, 36.209367925272701 ], [ -120.705726782941994, 36.209285925337198 ], [ -120.705771783615006, 36.209203925824603 ], [ -120.705773783256006, 36.208273924914899 ], [ -120.705494782830996, 36.207525925317398 ], [ -120.705550783161996, 36.2068679255148 ], [ -120.706098782530006, 36.2060499253366 ], [ -120.706227783331997, 36.205912924772598 ], [ -120.706206783124003, 36.205720925248002 ], [ -120.706194783377001, 36.2053819252693 ], [ -120.706081782843995, 36.204992924644301 ], [ -120.706248783264996, 36.204306924772503 ], [ -120.706133783165001, 36.203734925302797 ], [ -120.706670783087006, 36.203873924615003 ], [ -120.706689783323, 36.203870925180802 ], [ -120.706837783132997, 36.203847924677099 ], [ -120.706999782379, 36.203704925111197 ], [ -120.706945782879998, 36.203308925157003 ], [ -120.707067782912006, 36.2032269244568 ], [ -120.707200782697996, 36.203214924536702 ], [ -120.707453783370994, 36.203193924759503 ], [ -120.707541783455, 36.203149925124897 ], [ -120.707819782471006, 36.2027379246965 ], [ -120.708090782906993, 36.202517924458697 ], [ -120.708327782845998, 36.202473925014701 ], [ -120.708343782463004, 36.202480924257898 ], [ -120.708619783165005, 36.202605924943903 ], [ -120.708856782685999, 36.202605924164999 ], [ -120.708971783411002, 36.202479924436403 ], [ -120.709092782721996, 36.202204924601702 ], [ -120.709256783539999, 36.201830924616601 ], [ -120.709520782588996, 36.201418924540498 ], [ -120.709757783618997, 36.201347924170101 ], [ -120.709801782891006, 36.201344924028596 ], [ -120.710333783454004, 36.201303924541499 ], [ -120.710659782963006, 36.201204924444802 ], [ -120.710842783597997, 36.201078924418603 ], [ -120.710862783015003, 36.201023923953002 ], [ -120.711160783240999, 36.200814924487098 ], [ -120.711228782934, 36.200677923943097 ], [ -120.711227783734998, 36.200666924468102 ], [ -120.711271782842999, 36.200414924219899 ], [ -120.711187783466997, 36.200156924378597 ], [ -120.711027783405001, 36.199933924591797 ], [ -120.710906783284997, 36.199768923793599 ], [ -120.710898782906, 36.199541924267201 ], [ -120.711248782615002, 36.1991779239004 ], [ -120.711442783441996, 36.1989359236998 ], [ -120.711686782688005, 36.198455923633396 ], [ -120.711885782977006, 36.1983649236847 ], [ -120.712047783084998, 36.198401924296498 ], [ -120.712786783625006, 36.198573924186 ], [ -120.713261783723993, 36.198419923943497 ], [ -120.713796783581998, 36.198257924002398 ], [ -120.713952783222993, 36.1982109239595 ], [ -120.714172782923001, 36.1981879235096 ], [ -120.714528783779002, 36.198149923430996 ], [ -120.714765783266003, 36.198160923651301 ], [ -120.715036783241004, 36.1981059237173 ], [ -120.715172783761005, 36.197979923795998 ], [ -120.715341784071995, 36.197798923496102 ], [ -120.716167783648999, 36.197484923970102 ], [ -120.716186783853999, 36.197477923577999 ], [ -120.716503783511996, 36.197437923435302 ], [ -120.716805783577996, 36.197316923970398 ], [ -120.717044784137997, 36.197221923878899 ], [ -120.717197784134996, 36.197216923857198 ], [ -120.717481784005003, 36.197211923893299 ], [ -120.718181783735005, 36.196852923580899 ], [ -120.718438783557005, 36.196852923405103 ], [ -120.718575783906005, 36.196919923080202 ], [ -120.718608784460997, 36.196935923352598 ], [ -120.718784784237002, 36.197193923072 ], [ -120.718872783869998, 36.197879923687402 ], [ -120.719028783975006, 36.198055923835902 ], [ -120.719354784686004, 36.198148923352697 ], [ -120.720235784178996, 36.198143923839801 ], [ -120.720458784030996, 36.1981989237768 ], [ -120.720716784694005, 36.198373923681203 ], [ -120.720804784541997, 36.198494923704303 ], [ -120.720872784158004, 36.198879923756003 ], [ -120.720825785014, 36.199016923453499 ], [ -120.720418784301003, 36.199340923763302 ], [ -120.720371785064003, 36.199478923792498 ], [ -120.720439785126004, 36.199560923468802 ], [ -120.721462784229004, 36.199620923596697 ], [ -120.721665785140004, 36.1996429231436 ], [ -120.722397785126006, 36.199801923260203 ], [ -120.722940784588999, 36.199977923659901 ], [ -120.723116784905002, 36.200114923518903 ], [ -120.723319785520005, 36.2005659236561 ], [ -120.723462785333993, 36.200713923891399 ], [ -120.723923785603006, 36.2009169235969 ], [ -120.724214785176997, 36.201174923367802 ], [ -120.724519785325, 36.201301923369698 ], [ -120.724791785641997, 36.201322923246501 ], [ -120.725197786050003, 36.201240923391197 ], [ -120.725583786070999, 36.200987923690001 ], [ -120.726519785690996, 36.201075922948696 ], [ -120.726776785224004, 36.201157923084402 ], [ -120.727271786109, 36.201454922986599 ], [ -120.727271786125002, 36.2014989228567 ], [ -120.727549785937995, 36.201684923578298 ], [ -120.727773786165002, 36.201931923179799 ], [ -120.727909786302007, 36.2022069235027 ], [ -120.728322785873999, 36.202612923432099 ], [ -120.728560785780999, 36.202722923333397 ], [ -120.728729786428005, 36.202695923076099 ], [ -120.728831786368005, 36.202541923418501 ], [ -120.728810786262002, 36.202294923169298 ], [ -120.728912786476002, 36.202222923616297 ], [ -120.729454786109002, 36.202096923086003 ], [ -120.729976786308995, 36.201761922782502 ], [ -120.730538786675993, 36.201607923117997 ], [ -120.730755786559996, 36.201617922619398 ], [ -120.730897786374996, 36.201700923089 ], [ -120.731033786167004, 36.201931922792802 ], [ -120.731407786675007, 36.2035519234215 ], [ -120.731597786527999, 36.203809922940401 ], [ -120.731807787201006, 36.203963923508702 ], [ -120.732058786720003, 36.203985923197898 ], [ -120.732235786386994, 36.203609923250198 ], [ -120.732520786945003, 36.2034729227844 ], [ -120.732712786438, 36.203379923213298 ], [ -120.732764787375999, 36.2033889228844 ], [ -120.733126786930995, 36.203453923325299 ], [ -120.733447786908002, 36.203523923029699 ], [ -120.734057787200001, 36.203462922720497 ], [ -120.734735786729004, 36.203319923064498 ], [ -120.734938786941996, 36.203292922728302 ], [ -120.735277786878001, 36.203204923347499 ], [ -120.735839787195005, 36.203171923168298 ], [ -120.736090786917998, 36.202758922953301 ], [ -120.736148787505002, 36.202707923038098 ], [ -120.736375787903, 36.202506923163597 ], [ -120.736525787535001, 36.202477922325201 ], [ -120.736578786875995, 36.202467922632799 ], [ -120.737073787238003, 36.202626922479297 ], [ -120.737479787514005, 36.202538922338697 ], [ -120.737649788064004, 36.202390922263298 ], [ -120.737662787540003, 36.2021439230044 ], [ -120.737778787230994, 36.202033922736298 ], [ -120.737821787588004, 36.2020079227159 ], [ -120.738116787967002, 36.201873923022497 ], [ -120.73826578712, 36.201698922796801 ], [ -120.738536787151006, 36.201500922812798 ], [ -120.739130787405003, 36.201403922426401 ], [ -120.739349787446002, 36.201367922676297 ], [ -120.739925787518999, 36.201296922333199 ], [ -120.740142787986997, 36.201131922390402 ], [ -120.740501788325005, 36.200961921985602 ], [ -120.740616787780993, 36.200757922273503 ], [ -120.740677788385, 36.200246922311898 ], [ -120.740779788386007, 36.200137922392599 ], [ -120.741002787715004, 36.200065921821903 ], [ -120.741219787975993, 36.200037922444601 ], [ -120.741612787432004, 36.200032922283697 ], [ -120.742290788049999, 36.199916921946702 ], [ -120.742405788263994, 36.199845921816603 ], [ -120.742595787699003, 36.199418922378101 ], [ -120.742616788559005, 36.199370922341899 ], [ -120.742838787542993, 36.199342922155999 ], [ -120.743101787642004, 36.199305921978699 ], [ -120.743537788192995, 36.199246921877602 ], [ -120.743693788027997, 36.199218922314998 ], [ -120.743805788565993, 36.199125921665299 ], [ -120.743923787735, 36.1990269222553 ], [ -120.744219788167001, 36.1988169221136 ], [ -120.744261788803001, 36.198787921997301 ], [ -120.744335788075006, 36.198784921620501 ], [ -120.744401787949002, 36.1987819217956 ], [ -120.745387788760993, 36.198871921973499 ], [ -120.745712788112996, 36.1992729221095 ], [ -120.746340788867997, 36.199651922025097 ], [ -120.746431789062996, 36.199706921537498 ], [ -120.746689789249004, 36.199783921705396 ], [ -120.746839788494995, 36.199757921899497 ], [ -120.747163788628001, 36.199700922056699 ], [ -120.747902789397003, 36.199194922013099 ], [ -120.747934788498, 36.199138922117399 ], [ -120.748003789334007, 36.1990189217398 ], [ -120.748204789400006, 36.198911921306298 ], [ -120.748218788493006, 36.198900921598501 ], [ -120.748236789149004, 36.198900921896197 ], [ -120.748613788406999, 36.198820921415098 ], [ -120.749135789283997, 36.198831921609496 ], [ -120.749786788663997, 36.198963921472803 ], [ -120.750023789394007, 36.198974921570098 ], [ -120.750382789089002, 36.199012921638598 ], [ -120.750891789446001, 36.1991449211448 ], [ -120.751019789828007, 36.199206921257399 ], [ -120.751189789562005, 36.199255921788001 ], [ -120.75276879, 36.199542921522799 ], [ -120.753113789780002, 36.199745921159199 ], [ -120.753397790207003, 36.200377921601401 ], [ -120.753573789778002, 36.200504921259899 ], [ -120.754353790070994, 36.200762921161399 ], [ -120.754624790497004, 36.200927921039998 ], [ -120.754915789774998, 36.201202921808701 ], [ -120.755138790583004, 36.201653921860597 ], [ -120.755165790019007, 36.201735921815903 ], [ -120.755208790024, 36.201842921651703 ], [ -120.755259790641006, 36.201955921536303 ], [ -120.755299789879999, 36.202136921554199 ], [ -120.755288790361007, 36.202189921767001 ], [ -120.755239790895004, 36.202603921770603 ], [ -120.755381790008997, 36.2029719213851 ], [ -120.755483790260996, 36.203098921240603 ], [ -120.755869790730003, 36.203345921439102 ], [ -120.756350790954002, 36.2033189214158 ], [ -120.756703791061, 36.203164921298999 ], [ -120.756825790728001, 36.2030389216741 ], [ -120.757008790192003, 36.202945921093097 ], [ -120.757165790803995, 36.202821921437803 ], [ -120.757256790908997, 36.2027559210403 ], [ -120.757343790166999, 36.202685920981899 ], [ -120.757364790411003, 36.202666921130998 ], [ -120.757457791125006, 36.202584921094399 ], [ -120.757808790485996, 36.2022259213431 ], [ -120.758147790482994, 36.202006921138398 ], [ -120.758201790803, 36.201998921382597 ], [ -120.758256790592995, 36.201989921558301 ], [ -120.758330790898995, 36.201978921700103 ], [ -120.758703791013005, 36.202088921409498 ], [ -120.758737790774006, 36.202160921311503 ], [ -120.759130791323997, 36.202363921415802 ], [ -120.759421791053995, 36.2025839216086 ], [ -120.759560791485001, 36.202658921244797 ], [ -120.760187791217007, 36.202996921343299 ], [ -120.760390791077995, 36.203089920841997 ], [ -120.760817791026, 36.2031729210969 ], [ -120.761305791154996, 36.203392921185802 ], [ -120.761495791683004, 36.203584920857899 ], [ -120.761528791447006, 36.203941920894998 ], [ -120.761650791064994, 36.204337921125003 ], [ -120.761785791258006, 36.2045189209515 ], [ -120.762381791699994, 36.205024920855003 ], [ -120.762449791481998, 36.2051459216488 ], [ -120.762469791992004, 36.2055629216567 ], [ -120.762841792445002, 36.206397921107801 ], [ -120.763153792056002, 36.207469921735601 ], [ -120.763376792157004, 36.207963921202797 ], [ -120.763430791736994, 36.208304921503 ], [ -120.763802792513005, 36.2090899220198 ], [ -120.764141792746003, 36.209364921999502 ], [ -120.764588792040001, 36.209540921854803 ], [ -120.764941792651001, 36.209584921607501 ], [ -120.764974792331998, 36.2095409211693 ], [ -120.765178792279002, 36.2095689215991 ], [ -120.765659792822007, 36.209513921571101 ], [ -120.766235792447006, 36.209596921637498 ], [ -120.766642792880006, 36.209728921243098 ], [ -120.766865792630995, 36.2098829212946 ], [ -120.766981792490995, 36.210058921186203 ], [ -120.766987792679998, 36.210678921187203 ], [ -120.766492792467005, 36.211447921717003 ], [ -120.766173793378002, 36.211656921405698 ], [ -120.765969792969997, 36.211859921273202 ], [ -120.765644793001997, 36.212331921972201 ], [ -120.765498793098999, 36.212660922075301 ], [ -120.765474792987007, 36.2127069221347 ], [ -120.765325793442003, 36.212864921831702 ], [ -120.765257793117001, 36.213029921845802 ], [ -120.765324793473994, 36.213485921908003 ], [ -120.765721792869002, 36.213770921640702 ], [ -120.766226793293995, 36.213881921576103 ], [ -120.766673793192993, 36.213881921389202 ], [ -120.76770479292, 36.2136299220628 ], [ -120.768253793445993, 36.213700921501299 ], [ -120.768490793674005, 36.213920921886803 ], [ -120.768591793428001, 36.2140969215314 ], [ -120.768625793238002, 36.214947921550198 ], [ -120.768848793461004, 36.215458921430603 ], [ -120.769038793993005, 36.2161299216801 ], [ -120.769275793793, 36.216651922358999 ], [ -120.770060794358997, 36.2177619218443 ], [ -120.770338794135, 36.2183939215858 ], [ -120.770622794342003, 36.2188219215966 ], [ -120.771069794048998, 36.219244922495399 ], [ -120.772343794521007, 36.220179922187498 ], [ -120.772974795118003, 36.220410922043698 ], [ -120.773482795096001, 36.220410921579202 ], [ -120.773808794843006, 36.220382922129502 ], [ -120.774113794927999, 36.220273922169298 ], [ -120.774669794824007, 36.219938921926797 ], [ -120.774791794766003, 36.219910922315897 ], [ -120.775523794947006, 36.219955922112398 ], [ -120.776032795842994, 36.220131921891202 ], [ -120.776221795184, 36.220279921842497 ], [ -120.776404795752001, 36.220708921989498 ], [ -120.776485795043996, 36.221174922235598 ], [ -120.776777795436999, 36.221499922033203 ], [ -120.777183796067007, 36.221741922014502 ], [ -120.777854795584005, 36.221983921641097 ], [ -120.778091795893999, 36.222158921663798 ], [ -120.778091795680993, 36.222213921537197 ], [ -120.778213795829998, 36.222312921927497 ], [ -120.778437796212003, 36.223010922046001 ], [ -120.778674795789996, 36.223202922015098 ], [ -120.778979796588999, 36.223219921577602 ], [ -120.779237796493007, 36.223120921704897 ], [ -120.779250796162998, 36.223065922264801 ], [ -120.779629795977996, 36.222763921811897 ], [ -120.779652796, 36.222745921888702 ], [ -120.779763796015004, 36.222711921404802 ], [ -120.780898796174995, 36.222363921986002 ], [ -120.781135796094006, 36.222374921385502 ], [ -120.781285796278993, 36.222445921745198 ], [ -120.781440796905997, 36.222593921617602 ], [ -120.781508796398001, 36.2230779220694 ], [ -120.781223796453006, 36.223527921603399 ], [ -120.781176796479997, 36.223736922166196 ], [ -120.780782796322995, 36.224192922269097 ], [ -120.780646796704005, 36.224549921690503 ], [ -120.780667796257006, 36.224824922028098 ], [ -120.781195796218, 36.225236922264301 ], [ -120.781344797130004, 36.225455921859798 ], [ -120.781689796600006, 36.226271921633703 ], [ -120.782103796504003, 36.227252922002997 ], [ -120.782441797283994, 36.227774922396698 ], [ -120.782767797567004, 36.228461921822699 ], [ -120.783072797413993, 36.228966921894497 ], [ -120.783261797739002, 36.229186921944198 ], [ -120.783451797392004, 36.229269922039698 ], [ -120.783532797191995, 36.229367922438897 ], [ -120.783892797484995, 36.2294889223935 ], [ -120.784244797083005, 36.229527921770597 ], [ -120.784841797685004, 36.229472921907899 ], [ -120.785383798275006, 36.229500922465398 ], [ -120.785756798375999, 36.2295939222141 ], [ -120.785790798202996, 36.229555922167201 ], [ -120.786611798448007, 36.229786922264203 ], [ -120.787702798572994, 36.230401921703702 ], [ -120.787919797824003, 36.230456922361398 ], [ -120.788631798252993, 36.230429921705202 ], [ -120.788868798975997, 36.230457921506002 ], [ -120.789010798538001, 36.230539921915202 ], [ -120.789160798124001, 36.230814921885298 ], [ -120.789261798313007, 36.2312819222931 ], [ -120.789234798861003, 36.231528921560198 ], [ -120.789030798807005, 36.231846922212497 ], [ -120.788773798218003, 36.232407922450498 ], [ -120.788725798914001, 36.2327259225695 ], [ -120.788759798808002, 36.233066921732203 ], [ -120.789152798844995, 36.233945922003699 ], [ -120.789172799382996, 36.234154922271998 ], [ -120.789070798534993, 36.234676922053502 ], [ -120.789124799221995, 36.234851922598303 ], [ -120.789294799141004, 36.235005922111199 ], [ -120.789748798491999, 36.235005922160397 ], [ -120.790331799068994, 36.234835921909401 ], [ -120.790548799600003, 36.2347149220003 ], [ -120.790917798883001, 36.2344469218515 ], [ -120.791090798835, 36.234321921937301 ], [ -120.791296798792004, 36.234186922432798 ], [ -120.791396798834, 36.234158922076197 ], [ -120.791721799686997, 36.2340669222543 ], [ -120.791789799392006, 36.234121921924903 ], [ -120.791925799680996, 36.234132921704898 ], [ -120.791959799631996, 36.2340949216822 ], [ -120.792162798871999, 36.234176921973699 ], [ -120.792269799517001, 36.234171922109901 ], [ -120.792589799604002, 36.234171921763497 ], [ -120.793213799271001, 36.234199922397003 ], [ -120.793722799719006, 36.2343099223759 ], [ -120.793932799868003, 36.2343919218957 ], [ -120.794318800151999, 36.234649922015301 ], [ -120.794596800123998, 36.234968921524498 ], [ -120.794745799975999, 36.235281921648401 ], [ -120.794793800196999, 36.235780921859302 ], [ -120.794820799768004, 36.236067921617199 ], [ -120.794921799687998, 36.236424922186302 ], [ -120.795281799795006, 36.236561922172598 ], [ -120.795837799929998, 36.236572922206904 ], [ -120.796196799648996, 36.236529921901699 ], [ -120.796583800261999, 36.236408921705099 ], [ -120.796617800245997, 36.236353921943902 ], [ -120.796874800333995, 36.236243922107199 ], [ -120.796947800267006, 36.236186922170397 ], [ -120.797575800751005, 36.235723921470502 ], [ -120.797736800335002, 36.235661921437199 ], [ -120.798207799991999, 36.235590921858702 ], [ -120.798943800575003, 36.235480921385403 ], [ -120.799112800966995, 36.235524921278198 ], [ -120.799349800898, 36.235672921288803 ], [ -120.799438800660994, 36.235771921897999 ], [ -120.799492800397999, 36.235963921894601 ], [ -120.799661800608007, 36.236167922114802 ], [ -120.800665801231006, 36.236771921892696 ], [ -120.800818801236005, 36.236844921293802 ], [ -120.801546801387005, 36.2371949215567 ], [ -120.801906801483995, 36.2374419216505 ], [ -120.802129800838998, 36.237755921663002 ], [ -120.802109800796998, 36.237936921874798 ], [ -120.801587801702993, 36.238172921625598 ], [ -120.801435801482, 36.238181921793903 ], [ -120.801397800635996, 36.238183921682001 ], [ -120.801248801664002, 36.238227922019398 ], [ -120.801180801406005, 36.2382939220333 ], [ -120.800922800875, 36.238348921973802 ], [ -120.800617800997003, 36.238611921457903 ], [ -120.800332801392997, 36.239215921968899 ], [ -120.800318800648995, 36.239452922325498 ], [ -120.800366801492004, 36.239836922422299 ], [ -120.800454801442001, 36.239985922257503 ], [ -120.800592800795002, 36.240122922249199 ], [ -120.800759800772994, 36.240287922174701 ], [ -120.801457801601003, 36.240600921889097 ], [ -120.801762801278002, 36.2406559224017 ], [ -120.802224801286997, 36.240490921889901 ], [ -120.802407801761007, 36.240216922264402 ], [ -120.802431801311002, 36.240202922032999 ], [ -120.802780801458994, 36.239996921460502 ], [ -120.802904802035997, 36.239996922194997 ], [ -120.803028801677002, 36.239995922271497 ], [ -120.804364801589998, 36.2399929213842 ], [ -120.804617802376001, 36.239991922077301 ], [ -120.805092802301999, 36.240046921894802 ], [ -120.805126801895995, 36.2400909220068 ], [ -120.805316801488004, 36.240101921694603 ], [ -120.805485801475001, 36.240172921956599 ], [ -120.806041802356006, 36.240485921350498 ], [ -120.806523802621001, 36.241046921400802 ], [ -120.806713801845007, 36.241557921836197 ], [ -120.806728802161999, 36.241631921796397 ], [ -120.806721802585997, 36.241650921615303 ], [ -120.806736802079001, 36.241675922016903 ], [ -120.806835802674996, 36.242172921529999 ], [ -120.806814802595994, 36.242793921743498 ], [ -120.806923802013003, 36.243243921738397 ], [ -120.807106802402998, 36.243573921877903 ], [ -120.807350802212994, 36.2437929221229 ], [ -120.807994802286998, 36.244150921545597 ], [ -120.809133803334007, 36.2443539222418 ], [ -120.809744803555006, 36.244831922303597 ], [ -120.810340802905003, 36.2449029217304 ], [ -120.810835803480003, 36.244738921625398 ], [ -120.811393803729999, 36.2447309214119 ], [ -120.811459803976007, 36.244729921936298 ], [ -120.811769803778006, 36.244814921692601 ], [ -120.811866803849, 36.244859922132299 ], [ -120.812178803893005, 36.245199921714601 ], [ -120.812327803905006, 36.245600921780301 ], [ -120.812382803323999, 36.246188921832498 ], [ -120.812117803494004, 36.246919922046203 ], [ -120.811812803807996, 36.247358921592998 ], [ -120.811079803568006, 36.247787921624102 ], [ -120.810672804194994, 36.248160922413099 ], [ -120.810455803843993, 36.248501922600397 ], [ -120.810421803547001, 36.248748922545403 ], [ -120.810455803428994, 36.248874922505301 ], [ -120.810679803306996, 36.249160921848301 ], [ -120.810679803734004, 36.249462921917498 ], [ -120.810522803816994, 36.249970922183202 ], [ -120.810453804285004, 36.250151922260599 ], [ -120.810399803915999, 36.2507069226045 ], [ -120.810372803754007, 36.250739921965902 ], [ -120.810467804208997, 36.251245922514897 ], [ -120.810630804528003, 36.251563922630702 ], [ -120.810786803976995, 36.251706922657696 ], [ -120.810894804347996, 36.251772922437397 ], [ -120.811036804259004, 36.2518169226352 ], [ -120.811206804126002, 36.251811922590399 ], [ -120.811843804012, 36.251481922748901 ], [ -120.812217804628006, 36.251195922749503 ], [ -120.812266804472998, 36.251147921950697 ], [ -120.812500803931997, 36.2509479218648 ], [ -120.812705803791999, 36.250685922649602 ], [ -120.813034803747996, 36.250263921982402 ], [ -120.813221803747993, 36.2501599224587 ], [ -120.813377803950004, 36.250146922585401 ], [ -120.813580804270998, 36.250201921988896 ], [ -120.813648804867, 36.250278922381703 ], [ -120.813650804096994, 36.250310921825601 ], [ -120.813669804808001, 36.250635922431897 ], [ -120.813702803869006, 36.250778921761601 ], [ -120.813627804204003, 36.251118921781902 ], [ -120.813621804799993, 36.251327922626402 ], [ -120.813655804966004, 36.251547922395801 ], [ -120.81391980459, 36.252041921895902 ], [ -120.813973804068993, 36.252179922536797 ], [ -120.813960804516995, 36.252223922721299 ], [ -120.814109804945005, 36.252481922271301 ], [ -120.814252804323004, 36.252992922150099 ], [ -120.814293804255996, 36.253102922464102 ], [ -120.814360805152006, 36.253184922476102 ], [ -120.814495804808004, 36.2532619219879 ], [ -120.814631804347002, 36.253305922345902 ], [ -120.815093804536005, 36.253365921941999 ], [ -120.815147804958997, 36.253398922625401 ], [ -120.815323804765995, 36.253420922489902 ], [ -120.815418804668994, 36.253420922729902 ], [ -120.815621804619994, 36.253409922530402 ], [ -120.815737804893999, 36.253371921863902 ], [ -120.815825804948005, 36.253310921863303 ], [ -120.815981805128999, 36.253217921984898 ], [ -120.816239804877995, 36.2531129221938 ], [ -120.816449804545002, 36.253074922125101 ], [ -120.816571805338995, 36.253068921833702 ], [ -120.817425805591, 36.253145922568699 ], [ -120.818036804813005, 36.253156921907099 ], [ -120.818653805717005, 36.253222921805197 ], [ -120.818660805036004, 36.253244921973597 ], [ -120.818918805785998, 36.253281922447698 ], [ -120.818957805248004, 36.253277922274201 ], [ -120.819291805221994, 36.253414921852297 ], [ -120.819596805458005, 36.253612921985599 ], [ -120.820315805811006, 36.253793922179199 ], [ -120.820533805330001, 36.253947921963402 ], [ -120.821149806091995, 36.2541789223853 ], [ -120.821210805370995, 36.254233922196399 ], [ -120.821312805405, 36.254497921709103 ], [ -120.821428805742997, 36.255419922433497 ], [ -120.821597805910002, 36.255996922118896 ], [ -120.821685806702007, 36.256133922045997 ], [ -120.822024806051004, 36.256381922222801 ], [ -120.822402806097003, 36.2565659225899 ], [ -120.822427806037993, 36.256597921747201 ], [ -120.822642806472004, 36.2567059216966 ], [ -120.823076806546993, 36.257029922380603 ], [ -120.823320806484006, 36.257172922487797 ], [ -120.823517806778, 36.257254922106199 ], [ -120.823707806615005, 36.257259922167201 ], [ -120.823727807140997, 36.257281922193201 ], [ -120.823883806846993, 36.257226921841699 ], [ -120.823917806674999, 36.257183922509597 ], [ -120.824080806530006, 36.2571009224215 ], [ -120.824222807062995, 36.256941922483399 ], [ -120.824305806956005, 36.2568749222131 ], [ -120.824651806662999, 36.256600921739697 ], [ -120.824740806218998, 36.256365921903303 ], [ -120.824741806215002, 36.256260922210501 ], [ -120.824741806217006, 36.2560509220543 ], [ -120.824741807066999, 36.2556279218866 ], [ -120.824650806449, 36.255477921754803 ], [ -120.824644806834996, 36.255467922093302 ], [ -120.824653806029005, 36.255154921910702 ], [ -120.825098806030994, 36.254582921941001 ], [ -120.825253807107003, 36.254474921435303 ], [ -120.825436806374995, 36.254408921821202 ], [ -120.825687806638996, 36.254414921906204 ], [ -120.825999807052995, 36.254459921827497 ], [ -120.826019806245995, 36.254469922146299 ], [ -120.826135806939007, 36.254568922085603 ], [ -120.826175806224001, 36.254688921398902 ], [ -120.826175807191007, 36.254820921375398 ], [ -120.826094807193002, 36.255183921389701 ], [ -120.826107806959996, 36.255479921601101 ], [ -120.826097806700005, 36.255702921592899 ], [ -120.826087806798, 36.2559089222054 ], [ -120.826053807302998, 36.256073922110602 ], [ -120.825992806670001, 36.256188922035598 ], [ -120.825931806534001, 36.256584922132902 ], [ -120.825837806457002, 36.256787922049298 ], [ -120.825758806804998, 36.2568549222093 ], [ -120.825572806335998, 36.257012922218699 ], [ -120.825532806503006, 36.257078922417101 ], [ -120.825504806427006, 36.257232922003404 ], [ -120.825524807250005, 36.257463922259397 ], [ -120.825593806550003, 36.257737921693497 ], [ -120.825654807375003, 36.257792921979203 ], [ -120.825823806551, 36.257825921998297 ], [ -120.825850806814998, 36.257853921725697 ], [ -120.826250807270995, 36.257858922418102 ], [ -120.826264807073002, 36.257886922183999 ], [ -120.826521807619002, 36.257853922335102 ], [ -120.826590807011996, 36.257820922137803 ], [ -120.826684806553004, 36.257754921643198 ], [ -120.826766807316005, 36.257633921757801 ], [ -120.826783806798005, 36.257566921612401 ], [ -120.826801806589003, 36.257497922085903 ], [ -120.826875807571, 36.257287921941199 ], [ -120.826944806662993, 36.257097922303799 ], [ -120.827073806602996, 36.2569769218034 ], [ -120.827186806872007, 36.256979921780001 ], [ -120.827207806656006, 36.257001922059303 ], [ -120.827355806829999, 36.257027921473401 ], [ -120.827424807430006, 36.257039921903697 ], [ -120.827647807478996, 36.257061921993603 ], [ -120.828252807151003, 36.257050921697797 ], [ -120.828543806789, 36.257045921348897 ], [ -120.828827807115999, 36.257072921346001 ], [ -120.829323807801998, 36.257165922067003 ], [ -120.829533807184006, 36.257253921830802 ], [ -120.829723807020997, 36.257413921294301 ], [ -120.829818807492003, 36.257577921318301 ], [ -120.829811807881001, 36.257748921831798 ], [ -120.829744807533004, 36.257874921390901 ], [ -120.829656807476994, 36.2579579221891 ], [ -120.829446807603006, 36.258116921547597 ], [ -120.829275807985994, 36.258208922193901 ], [ -120.829255807617002, 36.258237922109203 ], [ -120.829066808039002, 36.2583199215563 ], [ -120.828862807929994, 36.258374921881703 ], [ -120.828699807128004, 36.258363922285099 ], [ -120.828617807859999, 36.258304921590103 ], [ -120.828504807025993, 36.258223921792599 ], [ -120.828484807391007, 36.258203921825498 ], [ -120.828447807453003, 36.258194922316001 ], [ -120.828333807901998, 36.258165922009802 ], [ -120.828204807614995, 36.258226921739002 ], [ -120.828123807452002, 36.258352921662201 ], [ -120.828136807541, 36.258522922280797 ], [ -120.828177807206004, 36.258594921684697 ], [ -120.828299807329003, 36.258704922366803 ], [ -120.828299807644001, 36.258731921791899 ], [ -120.829459808158006, 36.259555921687998 ], [ -120.829608808247002, 36.259583922066199 ], [ -120.829676808094007, 36.2595559220117 ], [ -120.829799807556, 36.2595339219544 ], [ -120.830063808068005, 36.259434921817302 ], [ -120.830266808288002, 36.259364922184503 ], [ -120.830938807406994, 36.259264921643997 ], [ -120.831070808324, 36.2592579219653 ], [ -120.831731808339995, 36.259220922016802 ], [ -120.831745808045994, 36.2591989217579 ], [ -120.831996807666997, 36.259209921393897 ], [ -120.832253808204996, 36.259152922162599 ], [ -120.832396808458, 36.2591219217815 ], [ -120.832640808359997, 36.259132921861998 ], [ -120.832864808322995, 36.259214921525299 ], [ -120.833183808735996, 36.259505922127602 ], [ -120.833312807913998, 36.259708921768301 ], [ -120.833398807896998, 36.259927921573798 ], [ -120.833461808416004, 36.260087921968697 ], [ -120.833441808808004, 36.2603139213548 ], [ -120.833366808327995, 36.260455922053303 ], [ -120.833251808086999, 36.260675922211597 ], [ -120.833088808254999, 36.260889921884598 ], [ -120.832986808887, 36.261126922069202 ], [ -120.832967808478998, 36.261285921507898 ], [ -120.833014808168997, 36.2616489218073 ], [ -120.833143808439999, 36.262043922140997 ], [ -120.833326808495997, 36.262285922244601 ], [ -120.833516808336, 36.262422922237903 ], [ -120.833740808840005, 36.262537922219103 ], [ -120.833910808243004, 36.262581922200702 ], [ -120.834133808461999, 36.262587922331903 ], [ -120.834215808931006, 36.262584922333303 ], [ -120.834330808839994, 36.262581921977798 ], [ -120.835070808669997, 36.262460921995498 ], [ -120.835717808582004, 36.262310921596402 ], [ -120.835769809531996, 36.262314921864103 ], [ -120.835951808996995, 36.2622909221488 ], [ -120.835972809081994, 36.262268922062901 ], [ -120.836182809202995, 36.262240921615799 ], [ -120.836202809018005, 36.262262921419499 ], [ -120.836589808984002, 36.262295922175603 ], [ -120.836792808751994, 36.262361921932197 ], [ -120.836969808885001, 36.262542922031102 ], [ -120.837071809747002, 36.262746921939602 ], [ -120.837050809752, 36.2629389216251 ], [ -120.836908808803003, 36.2634059219763 ], [ -120.836908809635005, 36.2635809213917 ], [ -120.837023809366997, 36.263916922098097 ], [ -120.837044809825997, 36.264146921970102 ], [ -120.836935809235996, 36.264487921603397 ], [ -120.836705809470004, 36.264767922217203 ], [ -120.836497809845, 36.264930922273201 ], [ -120.836271808896001, 36.265108922284099 ], [ -120.836217809332993, 36.265306922259903 ], [ -120.836224809605, 36.265564921794201 ], [ -120.836318809976007, 36.265696922074099 ], [ -120.836434809783, 36.265805922333698 ], [ -120.836766809747999, 36.266020922354301 ], [ -120.837045809223994, 36.266239921781398 ], [ -120.837459810140004, 36.266717922149603 ], [ -120.837981809417997, 36.267612922444698 ], [ -120.838300810392994, 36.268480922314701 ], [ -120.838482809530007, 36.268808922502402 ], [ -120.838477809691, 36.2688269224439 ], [ -120.838572810448994, 36.268936922313898 ], [ -120.838626810600005, 36.269068921771897 ], [ -120.838789809679, 36.269304922323897 ], [ -120.838898810250001, 36.269426922364602 ], [ -120.839054810302997, 36.2696019219633 ], [ -120.839135809926006, 36.269749922291197 ], [ -120.839169810043003, 36.269875921933 ], [ -120.839257810202994, 36.270029922361701 ], [ -120.839366809978998, 36.270578922522503 ], [ -120.839387810275994, 36.270848922310599 ], [ -120.839373810316005, 36.2712059222279 ], [ -120.839304810849995, 36.271362921959202 ], [ -120.839287810816998, 36.271375922332098 ], [ -120.839252810957007, 36.271481922012697 ], [ -120.839079810238005, 36.271539922718198 ], [ -120.838963810200994, 36.2715119223963 ], [ -120.838874810139998, 36.271491922318802 ], [ -120.838585810731999, 36.271427922551503 ], [ -120.838465810005999, 36.271331922191699 ], [ -120.838163810604001, 36.271088922155599 ], [ -120.838145810076995, 36.271077922022897 ], [ -120.838106809737994, 36.271049922586499 ], [ -120.838045810029996, 36.271017922101102 ], [ -120.837718810520002, 36.270826922286297 ], [ -120.837568810410005, 36.270771922533598 ], [ -120.837534810422, 36.270733922884098 ], [ -120.837330810344994, 36.270683922200099 ], [ -120.837175809768993, 36.270683922279602 ], [ -120.837066809666993, 36.270738922929503 ], [ -120.836924810200003, 36.270903922474801 ], [ -120.836774809627002, 36.271299922527 ], [ -120.836727810572, 36.271513922999702 ], [ -120.836727810043001, 36.271716922347998 ], [ -120.836781809857996, 36.271897922388902 ], [ -120.836877810534006, 36.272057922878403 ], [ -120.837060809785996, 36.272194922355098 ], [ -120.837250810159006, 36.272232922953201 ], [ -120.837379809873994, 36.272223922328998 ], [ -120.837657809765005, 36.272205922617097 ], [ -120.838166810906003, 36.272106922960397 ], [ -120.838450810411004, 36.272122922722602 ], [ -120.838593810768003, 36.2721779226625 ], [ -120.839034811092006, 36.272501922536897 ], [ -120.839448810199002, 36.272737922759298 ], [ -120.839455810228003, 36.272770922399999 ], [ -120.839591811008006, 36.2728869225352 ], [ -120.839688810439995, 36.273010922589798 ], [ -120.839767811111003, 36.2731119223807 ], [ -120.839875810354997, 36.273457922848699 ], [ -120.839855811115996, 36.273627922434301 ], [ -120.839686810247002, 36.273902922180703 ], [ -120.839623810882998, 36.273970922634298 ], [ -120.839570810660007, 36.2741039225387 ], [ -120.839524810249998, 36.274161922389602 ], [ -120.839489811091994, 36.274229922916 ], [ -120.839367810561001, 36.274495922837502 ], [ -120.839387810833998, 36.274600922533601 ], [ -120.839483810499004, 36.274753922612298 ], [ -120.839496811298005, 36.275165923176097 ], [ -120.839555811414996, 36.2752389223552 ], [ -120.839585810952002, 36.275275922573002 ], [ -120.839700810436995, 36.275693922544697 ], [ -120.839944811018, 36.276182923231303 ], [ -120.840290811225998, 36.276648922710002 ], [ -120.840372811546004, 36.276724923199197 ], [ -120.840374811041997, 36.276755922672997 ], [ -120.840424810795, 36.276795923148597 ], [ -120.840732811682997, 36.277044922581297 ], [ -120.841030811414996, 36.277187922871001 ], [ -120.841363811522001, 36.277274922516298 ], [ -120.841539811502997, 36.277351922639099 ], [ -120.841960811095007, 36.2775989227409 ], [ -120.842170811122998, 36.277692922403702 ], [ -120.842170811366003, 36.2777149227393 ], [ -120.842311811138998, 36.2777849225198 ], [ -120.842343811621006, 36.277815922852803 ], [ -120.842482811205002, 36.2778789226277 ], [ -120.842964811664999, 36.2782089229609 ], [ -120.843616812120004, 36.278713923076602 ], [ -120.843609811381, 36.2787359231774 ], [ -120.843758811493004, 36.278883922615101 ], [ -120.843880812468001, 36.278960923214001 ], [ -120.844253811716001, 36.279482922782499 ], [ -120.844478812467003, 36.279900923282497 ], [ -120.844648812315, 36.280322922903302 ], [ -120.844885812580998, 36.280696922844903 ], [ -120.845034811996996, 36.280894922951497 ], [ -120.845272811951006, 36.281069922759301 ], [ -120.845883812002, 36.2813179228826 ], [ -120.846466812974001, 36.281448922950602 ], [ -120.847071813008, 36.281662922397601 ], [ -120.847443813002002, 36.281745923161203 ], [ -120.847681812606993, 36.281739922564 ], [ -120.847695813282002, 36.281761922948903 ], [ -120.847973812614001, 36.281733922925298 ], [ -120.848007812589998, 36.281711922827803 ], [ -120.848454812781995, 36.281645922945003 ], [ -120.849078813107994, 36.281574922936201 ], [ -120.849411812895994, 36.281618922753502 ], [ -120.849628813094, 36.281689922918297 ], [ -120.850205813076002, 36.282002922553602 ], [ -120.850456813449, 36.282178922656897 ], [ -120.850918813725997, 36.282562922250399 ], [ -120.8510748132, 36.2827279228759 ], [ -120.851189812985993, 36.282919922753599 ], [ -120.851278813194, 36.283007922352198 ], [ -120.851366813561995, 36.283205923129898 ], [ -120.851400813808993, 36.2835349229507 ], [ -120.851373813974007, 36.283858923022798 ], [ -120.851150813122004, 36.284474922939999 ], [ -120.851014814044007, 36.285007922518297 ], [ -120.851035813454999, 36.285270923169399 ], [ -120.851096814266995, 36.285424922913997 ], [ -120.851177813692004, 36.285583923334798 ], [ -120.851428814228996, 36.285874922538497 ], [ -120.851605813766, 36.285951923187298 ], [ -120.851706813614001, 36.2859739233688 ], [ -120.851897814352995, 36.285984922934396 ], [ -120.852032813568002, 36.285968922767999 ], [ -120.852446814063001, 36.285841923005201 ], [ -120.852636814438, 36.285809923281597 ], [ -120.852806813694997, 36.285737922550801 ], [ -120.852819814539004, 36.285764922698 ], [ -120.853280813732994, 36.285588922348602 ], [ -120.854204814493002, 36.285319922406003 ], [ -120.854386813752001, 36.285302922474997 ], [ -120.854696813957005, 36.285229922627401 ], [ -120.854734814235997, 36.285224922384998 ], [ -120.854760813808994, 36.285236922640102 ], [ -120.855180814608005, 36.2851599225963 ], [ -120.855411814597005, 36.285077922927499 ], [ -120.855571814054002, 36.284996922712502 ], [ -120.856008814914006, 36.284774922779398 ], [ -120.856300814053995, 36.2846929222857 ], [ -120.856371814846995, 36.284711922121701 ], [ -120.85646281468, 36.284736922276203 ], [ -120.856795815046993, 36.284900922619599 ], [ -120.856978815098003, 36.285104922839601 ], [ -120.857019814256006, 36.285279922633997 ], [ -120.857006815209004, 36.285417922697903 ], [ -120.856796814918994, 36.2858739225113 ], [ -120.856775815232993, 36.2860109228398 ], [ -120.856775815115995, 36.286114922400699 ], [ -120.856802814331004, 36.286120922194897 ], [ -120.856911815274003, 36.286307922306797 ], [ -120.857074815291, 36.286466922304399 ], [ -120.857963815462995, 36.287031922292101 ], [ -120.858133815263002, 36.287174922313802 ], [ -120.858995815244995, 36.287564922270299 ], [ -120.859260815569002, 36.287712922723699 ], [ -120.859301815660004, 36.287762922337102 ], [ -120.859619815513, 36.2879439224522 ], [ -120.859830815679004, 36.288124922908899 ], [ -120.859925814926996, 36.288316922739902 ], [ -120.859932815326999, 36.2885309227607 ], [ -120.859851815696999, 36.289168922709898 ], [ -120.859668815169002, 36.2901189223725 ], [ -120.859689815127993, 36.290255922786002 ], [ -120.859736815465993, 36.290343923038002 ], [ -120.859892815151994, 36.290459922485503 ], [ -120.859967815497001, 36.290481923198001 ], [ -120.860218815194997, 36.290491922761497 ], [ -120.860788815668997, 36.290574923080698 ], [ -120.861202815637, 36.290546922283603 ], [ -120.861406815652003, 36.290480922634401 ], [ -120.861575816065994, 36.290370923051903 ], [ -120.861677815899995, 36.290227922711402 ], [ -120.861693816243005, 36.2901829226115 ], [ -120.861751816143993, 36.2900189224424 ], [ -120.861826815515002, 36.289936922358798 ], [ -120.862050815635001, 36.289859922472502 ], [ -120.862063815810998, 36.289876922467798 ], [ -120.862254816095003, 36.289837923038903 ], [ -120.862282815702002, 36.289837922427999 ], [ -120.862484815613001, 36.289837922868699 ], [ -120.862613815635001, 36.289886922690997 ], [ -120.862776816270994, 36.289980922532202 ], [ -120.862979816269998, 36.290194922583701 ], [ -120.863089815937002, 36.290397922147399 ], [ -120.863272816073007, 36.290847922511702 ], [ -120.863401815911004, 36.2910729230233 ], [ -120.863999816572004, 36.2919359227255 ], [ -120.864345816487003, 36.292187922567699 ], [ -120.864664817077994, 36.292336923066401 ], [ -120.864705816666003, 36.292379922444503 ], [ -120.865092817174997, 36.292582922846798 ], [ -120.865193816355003, 36.292604922558198 ], [ -120.865302817184002, 36.292588922320299 ], [ -120.865424817014997, 36.292538922346402 ], [ -120.865987816965003, 36.292280922646597 ], [ -120.866034816403001, 36.292267922482097 ], [ -120.866360817312, 36.292175922305397 ], [ -120.866483817019002, 36.292159922454204 ], [ -120.866564817010996, 36.292181922896503 ], [ -120.866653817336001, 36.292226922760101 ], [ -120.866727816459004, 36.292263922557602 ], [ -120.867087816424004, 36.292527922609402 ], [ -120.867250816530998, 36.292615922168402 ], [ -120.867250817192001, 36.292637922587197 ], [ -120.867596817391998, 36.292873922339098 ], [ -120.868173817078997, 36.293317922660897 ], [ -120.868851817665998, 36.293509922359597 ], [ -120.868872817614999, 36.2935379224675 ], [ -120.869089817529996, 36.293647922848997 ], [ -120.869341817155998, 36.2937189221362 ], [ -120.869876818021993, 36.293751922767001 ], [ -120.870386817587999, 36.293734922502402 ], [ -120.870589817728998, 36.2937069222221 ], [ -120.870731817327993, 36.293657922835202 ], [ -120.871057817828003, 36.293497922654502 ], [ -120.871209817264003, 36.293450922001099 ], [ -120.871322818104005, 36.293415921951301 ], [ -120.871559817578003, 36.293387922666 ], [ -120.871618817948999, 36.293390921870603 ], [ -120.871810818289006, 36.293398921846297 ], [ -120.871885818337006, 36.293420922333503 ], [ -120.871987817887003, 36.293486922151097 ], [ -120.872231817484007, 36.293629921858198 ], [ -120.872971817703004, 36.294260922386101 ], [ -120.873270818463993, 36.294546922119601 ], [ -120.873542817718004, 36.2948919223251 ], [ -120.873902818272995, 36.295171921867897 ], [ -120.874146818504002, 36.295232921949903 ], [ -120.874330818763994, 36.295182922077103 ], [ -120.874431817993994, 36.295078922702103 ], [ -120.874510818279006, 36.294948922058303 ], [ -120.874634818670003, 36.294748922341 ], [ -120.874845818032995, 36.294583922573203 ], [ -120.874960818852003, 36.294542921988601 ], [ -120.875042818872004, 36.294512922600497 ], [ -120.875232818396995, 36.294561921835502 ], [ -120.875347818346, 36.294764922571296 ], [ -120.875456818868003, 36.294896921955903 ], [ -120.875713818996005, 36.295044921913501 ], [ -120.87595181911, 36.295088921733701 ], [ -120.876029818134995, 36.295062922254502 ], [ -120.876898819258003, 36.294882921704101 ], [ -120.877332819087997, 36.294888922440997 ], [ -120.877780818955998, 36.295009922347703 ], [ -120.878255819236003, 36.295168922466303 ], [ -120.878743819009998, 36.2953839216446 ], [ -120.878906818546, 36.295410922148399 ], [ -120.879069819284993, 36.295389921941997 ], [ -120.879084819574004, 36.295382922024302 ], [ -120.879571818659997, 36.295142922092602 ], [ -120.879796818681001, 36.295010921665799 ], [ -120.880040819488997, 36.294962922245602 ], [ -120.880279819566994, 36.294920921983199 ], [ -120.880488819798003, 36.294883921843301 ], [ -120.880673819188004, 36.294736921729502 ], [ -120.880786819299999, 36.294641921721997 ], [ -120.880850819003001, 36.294469922086201 ], [ -120.880904819785002, 36.294317921685902 ], [ -120.881040818892998, 36.293960921561997 ], [ -120.881094819810002, 36.293891922041603 ], [ -120.881181819323004, 36.293784921646498 ], [ -120.881286819826997, 36.293653921644498 ], [ -120.881452819520007, 36.293446921444698 ], [ -120.881497818813003, 36.2934329219568 ], [ -120.881713818769001, 36.2933639214992 ], [ -120.881861819150004, 36.293396921189597 ], [ -120.882417819712003, 36.293594921232298 ], [ -120.882593819700006, 36.293687921844104 ], [ -120.882729819269997, 36.293742921226197 ], [ -120.882932819578997, 36.293841921595799 ], [ -120.883258819142, 36.2940839214655 ], [ -120.883380819446003, 36.294127921728197 ], [ -120.883652819690994, 36.294160921763201 ], [ -120.884127819304993, 36.294144921177399 ], [ -120.884262819997005, 36.294034921458298 ], [ -120.884303820311999, 36.293982921851303 ], [ -120.884398820176003, 36.293859921871203 ], [ -120.884493819308005, 36.2936949219227 ], [ -120.884523820013996, 36.293660921290602 ], [ -120.884717819265006, 36.293633921317699 ], [ -120.885418819801004, 36.293521921809798 ], [ -120.885741819580005, 36.293450921168102 ], [ -120.886041820295006, 36.2933769212855 ], [ -120.886251819652998, 36.293261921036098 ], [ -120.886448819969004, 36.2931789213755 ], [ -120.886652819839995, 36.293063921159998 ], [ -120.886930819612004, 36.292832921091502 ], [ -120.887025820210994, 36.292701921660097 ], [ -120.887103820026994, 36.292559921478897 ], [ -120.88719882046, 36.292441921017598 ], [ -120.88735482, 36.292248921392499 ], [ -120.887429819787002, 36.292154921496497 ], [ -120.887529819793002, 36.291995921150303 ], [ -120.887783820172999, 36.291575920766398 ], [ -120.887832819723002, 36.291495921211997 ], [ -120.888025819842994, 36.291173920702697 ], [ -120.888136820027, 36.290990920644198 ], [ -120.888465820148994, 36.290709920813697 ], [ -120.888614819959997, 36.290580921343803 ], [ -120.888738820404001, 36.290527921266602 ], [ -120.888943819760996, 36.290441920762298 ], [ -120.889085820296003, 36.290380921267001 ], [ -120.889228819886, 36.2903689212499 ], [ -120.889443820259004, 36.290312920604897 ], [ -120.889545820395995, 36.2903409203984 ], [ -120.889734819896006, 36.290417920716202 ], [ -120.889992820586997, 36.290554921098099 ], [ -120.890520820590993, 36.291076921206901 ], [ -120.890880820739994, 36.291411920466501 ], [ -120.890927820073003, 36.291444920667502 ], [ -120.891076820353007, 36.291598920675597 ], [ -120.891307820747002, 36.291758920762703 ], [ -120.891558820666006, 36.2919019210334 ], [ -120.891599820311995, 36.291912920562197 ], [ -120.891917821218996, 36.292098921205898 ], [ -120.892202820989993, 36.292307921230503 ], [ -120.892379821147003, 36.292494920466297 ], [ -120.892562820414, 36.292785920455003 ], [ -120.89277982118, 36.293176921027701 ], [ -120.892867821154994, 36.293323921108097 ], [ -120.893049820862004, 36.293630920919597 ], [ -120.893205821226005, 36.2938399211384 ], [ -120.893525820891995, 36.294110920495399 ], [ -120.893907821281999, 36.2944869206326 ], [ -120.894427821378002, 36.295081921048798 ], [ -120.894454821612001, 36.295137921296302 ], [ -120.894899822068993, 36.295647920799098 ], [ -120.895640821943005, 36.296576920675101 ], [ -120.895879821714004, 36.296985921429702 ], [ -120.89599882233, 36.297108920669999 ], [ -120.896034821897999, 36.297164920969003 ], [ -120.896357821557999, 36.297536921387596 ], [ -120.896949821950003, 36.298106920840297 ], [ -120.897050822441003, 36.298235920899302 ], [ -120.897238822698995, 36.298404921064503 ], [ -120.897690822884002, 36.298765921015899 ], [ -120.897975822478998, 36.298965920725401 ], [ -120.898523822800001, 36.299336921415097 ], [ -120.898625822712006, 36.2994709214084 ], [ -120.898721823108005, 36.299633920852102 ], [ -120.898766822694995, 36.299780920848001 ], [ -120.898748822561004, 36.300062921038098 ], [ -120.898781823196003, 36.300401920959501 ], [ -120.898917822634999, 36.300639921331502 ], [ -120.899012822768995, 36.3007389215853 ], [ -120.899031822732994, 36.300759921216297 ], [ -120.899207822527003, 36.300854921366302 ], [ -120.899413822987995, 36.3009369213326 ], [ -120.900229823120995, 36.301144921168202 ], [ -120.901450823115994, 36.301371921051 ], [ -120.902309823760007, 36.301573920868798 ], [ -120.902336823349998, 36.301573920597598 ], [ -120.903334823345006, 36.301815921189998 ], [ -120.903680823103002, 36.301876921152697 ], [ -120.904094823161003, 36.301997920513799 ], [ -120.904528824324998, 36.302184920908402 ], [ -120.904718823741007, 36.302299921215699 ], [ -120.904799823624003, 36.3025199209617 ], [ -120.904759824148996, 36.302684920797802 ], [ -120.904568824099002, 36.303008920641098 ], [ -120.904473823572005, 36.303200920624597 ], [ -120.904432824218006, 36.303409921312102 ], [ -120.904500823568, 36.303557921130299 ], [ -120.904534823432002, 36.303661921117403 ], [ -120.904609823610002, 36.303815920913799 ], [ -120.904744824150995, 36.3039589211267 ], [ -120.904894824457003, 36.304035921085202 ], [ -120.905152824089001, 36.304046920949702 ], [ -120.905505823927001, 36.304134921209901 ], [ -120.905925824305996, 36.304173920898897 ], [ -120.906156823751999, 36.304217921003598 ], [ -120.906400824276005, 36.3040969214223 ], [ -120.906536824449006, 36.304014921048498 ], [ -120.906686824304003, 36.303832920810997 ], [ -120.906930823744005, 36.303673920493402 ], [ -120.90712782448, 36.303613921121702 ], [ -120.907195824268001, 36.303629921326198 ], [ -120.907405824367004, 36.303739921222302 ], [ -120.907595824680001, 36.3038939208231 ], [ -120.907866824620001, 36.304063920936599 ], [ -120.908084824647005, 36.304140921272001 ], [ -120.908335824871003, 36.3041959207277 ], [ -120.908654824132995, 36.304250920910903 ], [ -120.908884824949993, 36.304305920830899 ], [ -120.909108824230003, 36.304426920432803 ], [ -120.909122824652002, 36.304454920844101 ], [ -120.909271824643994, 36.304564921081798 ], [ -120.910031824504003, 36.305102921030802 ], [ -120.910248825227995, 36.305311920951802 ], [ -120.910438825290996, 36.3055809210598 ], [ -120.910526824765, 36.305778921025897 ], [ -120.910723825359995, 36.306317921344302 ], [ -120.910757825263005, 36.306360920668297 ], [ -120.910818825424002, 36.306509921284203 ], [ -120.911218825342004, 36.307135920643098 ], [ -120.911469825408005, 36.307987921130902 ], [ -120.911537825268994, 36.308108920945401 ], [ -120.911611825790004, 36.308179921326598 ], [ -120.911727825043002, 36.308267920600798 ], [ -120.912188826017996, 36.308492920776501 ], [ -120.912236826124001, 36.308536920869599 ], [ -120.912806826044999, 36.308745920556902 ], [ -120.913254826094004, 36.308817920643897 ], [ -120.913776825488, 36.308811921153101 ], [ -120.914123826471993, 36.308828920757797 ], [ -120.914584826094, 36.308812920891903 ], [ -120.914964825552005, 36.308746921295501 ], [ -120.915310825663994, 36.308718920962399 ], [ -120.915514825822001, 36.308718920395499 ], [ -120.915745826438993, 36.308729920549403 ], [ -120.916003826763003, 36.3088129203487 ], [ -120.916132826617002, 36.308839920924903 ], [ -120.916240826163005, 36.308960921171 ], [ -120.916356826734997, 36.309158920928098 ], [ -120.916416826280994, 36.309242921071302 ], [ -120.916525826251998, 36.309394920502697 ], [ -120.916539826599006, 36.309427921090403 ], [ -120.916763826983996, 36.309685920386499 ], [ -120.917034826063997, 36.309900920899601 ], [ -120.917326826331006, 36.3101099206052 ], [ -120.917787826495001, 36.310356920812403 ], [ -120.918154826960006, 36.310565920419599 ], [ -120.918595826534002, 36.310741920710598 ], [ -120.919070827084994, 36.310867920977103 ], [ -120.919790827361993, 36.310988920571397 ], [ -120.920056826849006, 36.311007920326603 ], [ -120.920339827053994, 36.3110279207215 ], [ -120.920563827546999, 36.311016920610697 ], [ -120.920842826672001, 36.3109449202612 ], [ -120.921168827282003, 36.310823920295199 ], [ -120.921639826944002, 36.310676920847499 ], [ -120.922119827705004, 36.310526920725501 ], [ -120.922409826877995, 36.310432920767099 ], [ -120.922648827591004, 36.310369920232503 ], [ -120.923455827910004, 36.3101489206325 ], [ -120.923537827209003, 36.310121920072604 ], [ -120.923747828125997, 36.310011920215203 ], [ -120.923835827862007, 36.309939920329697 ], [ -120.923891827361999, 36.309840920198702 ], [ -120.923977827162005, 36.309687920579698 ], [ -120.924427827361995, 36.309027920226399 ], [ -120.924444827504004, 36.309002920665797 ], [ -120.924691827643997, 36.308650920059698 ], [ -120.925566827246996, 36.308079919739399 ], [ -120.925702828141993, 36.307803920456898 ], [ -120.925797827246001, 36.307528920063803 ], [ -120.926172828123001, 36.306394920025802 ], [ -120.926166827371006, 36.306136919884203 ], [ -120.926141827061997, 36.305378919471501 ], [ -120.926067827702994, 36.304793919599298 ], [ -120.926024827313, 36.304488919427797 ], [ -120.925911826849003, 36.303629919575499 ], [ -120.925798826626007, 36.302786919602497 ], [ -120.925735827276, 36.302270919536397 ], [ -120.925717827216999, 36.302139919758297 ], [ -120.925772827608995, 36.302032919447498 ], [ -120.925949826625995, 36.301673919387298 ], [ -120.926051827148996, 36.301464919593599 ], [ -120.926422827649006, 36.301192919711198 ], [ -120.926923826817003, 36.300826919329303 ], [ -120.927104827049007, 36.300764918922098 ], [ -120.927508826896997, 36.300623919370899 ], [ -120.928148827298998, 36.300602919371897 ], [ -120.928299826962999, 36.300642919616202 ], [ -120.928690827279993, 36.300700919580997 ], [ -120.928839827402996, 36.300793919362903 ], [ -120.929090827910997, 36.300980918825601 ], [ -120.929219827523994, 36.301101919342798 ], [ -120.929281827978997, 36.301139919555403 ], [ -120.929355827394005, 36.301183919079897 ], [ -120.929525827551004, 36.301238919217397 ], [ -120.929932828144999, 36.301361918755802 ], [ -120.930108827378007, 36.301380919140698 ], [ -120.930391827964002, 36.3013809189056 ], [ -120.931028828283004, 36.301125919292801 ], [ -120.931266827543993, 36.3009579190756 ], [ -120.931766828288005, 36.300603919072302 ], [ -120.932033827886002, 36.300409918895802 ], [ -120.932212827417999, 36.300309919020798 ], [ -120.933116828018001, 36.299772919121502 ], [ -120.933237828231995, 36.2995969183794 ], [ -120.933305828418, 36.2994319185118 ], [ -120.93329982809, 36.299272918301398 ], [ -120.933251828107004, 36.299102918467199 ], [ -120.933240827429003, 36.298816918929802 ], [ -120.933239827449995, 36.298499918265101 ], [ -120.933315827799007, 36.298003919039601 ], [ -120.933407828249997, 36.297597918979299 ], [ -120.933434828046003, 36.297580918218301 ], [ -120.933597828329994, 36.297113918837603 ], [ -120.933889828342998, 36.296535918649099 ], [ -120.934252827400996, 36.295947918047503 ], [ -120.934930828266999, 36.2954299182867 ], [ -120.935225827750003, 36.295221918131098 ], [ -120.935661827342997, 36.294897917931699 ], [ -120.936055828256997, 36.294601917896799 ], [ -120.936338827680004, 36.294314918147997 ], [ -120.936491827690006, 36.294156918109898 ], [ -120.936495827396996, 36.294086917735001 ], [ -120.936523828405001, 36.294004918064502 ], [ -120.936516827906004, 36.2939059176882 ], [ -120.936463827930993, 36.293641917672197 ], [ -120.936312828192001, 36.293273917967603 ], [ -120.936305827832996, 36.293114917849003 ], [ -120.936115827725004, 36.292510917883199 ], [ -120.935973827762993, 36.292246918125301 ], [ -120.935742827897002, 36.291927917963001 ], [ -120.935545827601004, 36.291746917589002 ], [ -120.935267827153993, 36.291554917970899 ], [ -120.935077827906994, 36.291389918051401 ], [ -120.934548827054996, 36.290790918276798 ], [ -120.934439827112001, 36.290680918273203 ], [ -120.934278827005997, 36.290404917695902 ], [ -120.934236827513999, 36.290292918098899 ], [ -120.934241826673002, 36.290193917547199 ], [ -120.934258826803998, 36.289892917921797 ], [ -120.934439826816998, 36.289582917692996 ], [ -120.934515827268001, 36.289455917851797 ], [ -120.934586826743995, 36.2893369175166 ], [ -120.934807827084001, 36.289353917279598 ], [ -120.934965827011993, 36.289363917312201 ], [ -120.935091827229002, 36.289417917850898 ], [ -120.935137827413996, 36.2894439176671 ], [ -120.935206827049001, 36.289483917935598 ], [ -120.935464827280995, 36.289554917608299 ], [ -120.935858827451, 36.2896429180064 ], [ -120.93611682753, 36.289620917676302 ], [ -120.936238827376002, 36.289631917385897 ], [ -120.936268827109004, 36.289612918093901 ], [ -120.936346827289995, 36.289565917998701 ], [ -120.936570827390995, 36.289196917213197 ], [ -120.936735827576001, 36.289062917298999 ], [ -120.936916827055001, 36.288914917471203 ], [ -120.937091827360007, 36.288773917436103 ], [ -120.937215827361001, 36.288672917322899 ], [ -120.938043828126993, 36.288395917739201 ], [ -120.938280827639005, 36.2883079172544 ], [ -120.938362827950996, 36.288285917782403 ], [ -120.938548827418998, 36.288190917811498 ], [ -120.938803827219999, 36.287983916938899 ], [ -120.939034827986006, 36.287736917356902 ], [ -120.939108827927001, 36.287598917432298 ], [ -120.939349827984998, 36.287434917098103 ], [ -120.939667827408996, 36.287257917107297 ], [ -120.940000827790001, 36.287192917434503 ], [ -120.940490827429002, 36.287094916715901 ], [ -120.940811827472004, 36.286994917227197 ], [ -120.941042828082004, 36.286917917245802 ], [ -120.941145827610001, 36.286778916772697 ], [ -120.941180827943001, 36.2867019168065 ], [ -120.941225828260997, 36.2866049166824 ], [ -120.941130827536, 36.286472917297701 ], [ -120.940988828271998, 36.2863249170804 ], [ -120.940716827719001, 36.286110916936799 ], [ -120.940472827407007, 36.285956916732097 ], [ -120.940085828134002, 36.285786916826197 ], [ -120.939343827908999, 36.285369917005902 ], [ -120.939284827579002, 36.285333917486199 ], [ -120.939249827256006, 36.285232916822601 ], [ -120.939298827059005, 36.285038916891999 ], [ -120.939228826895999, 36.284809917359198 ], [ -120.939211827275003, 36.284679916902199 ], [ -120.939129827764006, 36.284214917366903 ], [ -120.939102827482998, 36.283896916908702 ], [ -120.939115826969001, 36.283704917209398 ], [ -120.939169827005998, 36.283467916610903 ], [ -120.939319827559999, 36.283218916966298 ], [ -120.939474826955006, 36.283025916737998 ], [ -120.939568827170007, 36.282923917162798 ], [ -120.939753827367994, 36.282731916867398 ], [ -120.939902827143001, 36.282577916419903 ], [ -120.940126827531998, 36.282303917020997 ], [ -120.940309827250999, 36.282132916285498 ], [ -120.940621826872004, 36.281913916373497 ], [ -120.941137827136004, 36.281611916414803 ], [ -120.942589828042003, 36.2804849161951 ], [ -120.942808827166004, 36.280344916306397 ], [ -120.943241827091995, 36.280143915897497 ], [ -120.943783827462994, 36.279995916269002 ], [ -120.943827828083002, 36.279980915828403 ], [ -120.943960827409995, 36.279935916085698 ], [ -120.944143827977996, 36.279847915819801 ], [ -120.944503828061997, 36.279578915726603 ], [ -120.944747828266003, 36.279457915984999 ], [ -120.945046827549007, 36.279243916317199 ], [ -120.945170828076002, 36.279170916124599 ], [ -120.945360828019005, 36.279069916121699 ], [ -120.945469827457003, 36.2790139162435 ], [ -120.946708827414994, 36.278628915706101 ], [ -120.947812827844004, 36.278283915588801 ], [ -120.948157827741994, 36.278148915781202 ], [ -120.948322828483995, 36.278089915534302 ], [ -120.948485828401004, 36.278028916138098 ], [ -120.948594828096006, 36.277973915692201 ], [ -120.948693827811994, 36.277937915410902 ], [ -120.949072828531996, 36.277637915476703 ], [ -120.949448827818998, 36.277340915747203 ], [ -120.949631828074004, 36.277192915858798 ], [ -120.950052828330996, 36.276897915541397 ], [ -120.951274828371993, 36.2759089156907 ], [ -120.951972828199004, 36.2754909152465 ], [ -120.952336828485997, 36.275288915220798 ], [ -120.952427828506998, 36.2752379149753 ], [ -120.952644829075993, 36.275089914766397 ], [ -120.952685828707004, 36.275078914882201 ], [ -120.953444828688006, 36.274710914890797 ], [ -120.953655828438997, 36.274649915283199 ], [ -120.954008829173006, 36.274638915452996 ], [ -120.954286829110998, 36.274666915349599 ], [ -120.954476828587005, 36.274732914641703 ], [ -120.954747828503997, 36.274809915309 ], [ -120.955127828588004, 36.2749629151091 ], [ -120.955398829372001, 36.2750949150848 ], [ -120.955500829114001, 36.275171915111301 ], [ -120.956158829675005, 36.275555915081704 ], [ -120.956389829282003, 36.2757159153022 ], [ -120.956667829775, 36.275978915149501 ], [ -120.956817828807004, 36.276160915023098 ], [ -120.957095829208001, 36.276561915301997 ], [ -120.957665829687002, 36.277302914858303 ], [ -120.957882829463998, 36.277632915201998 ], [ -120.957977829556, 36.277808914991503 ], [ -120.958120829791, 36.278121915381398 ], [ -120.958290829565996, 36.278445915077398 ], [ -120.958480829438997, 36.278939914976696 ], [ -120.958568830258997, 36.279197915458198 ], [ -120.958670829900996, 36.279631915160003 ], [ -120.958738830464995, 36.279840914927597 ], [ -120.958779830316999, 36.280043915476902 ], [ -120.958887830498, 36.280329915141401 ], [ -120.959016830229004, 36.280560914988101 ], [ -120.959145829812996, 36.280736915697503 ], [ -120.959322830633994, 36.2808459151696 ], [ -120.959539830064003, 36.280939915604101 ], [ -120.959736830289003, 36.280988915689299 ], [ -120.960061830328002, 36.2810279154466 ], [ -120.960889830374995, 36.280955915099 ], [ -120.962151830850004, 36.281021915373302 ], [ -120.962707830618001, 36.2810269146728 ], [ -120.963149830982999, 36.280955915071502 ], [ -120.963501830433998, 36.280740915144001 ], [ -120.963929830390001, 36.280570914578398 ], [ -120.964261831328997, 36.280493915132197 ], [ -120.964376830397995, 36.280509915311399 ], [ -120.964499830476996, 36.280625914983801 ], [ -120.964533831398995, 36.280872915217898 ], [ -120.964540830893, 36.281191915399198 ], [ -120.964492831293995, 36.281789914681603 ], [ -120.964377830591005, 36.282295915363399 ], [ -120.964404830730004, 36.282471915162198 ], [ -120.964513830924005, 36.282657915518499 ], [ -120.964716831239002, 36.282811915112397 ], [ -120.964832830812, 36.282872915105997 ], [ -120.964866830755, 36.282905915214997 ], [ -120.965382831658005, 36.283174914798799 ], [ -120.965517831268997, 36.283278915095103 ], [ -120.965585831644006, 36.283366914907397 ], [ -120.965762831505998, 36.283739914824402 ], [ -120.965897831571993, 36.283926915406397 ], [ -120.966183831411996, 36.284140915238403 ], [ -120.966821831803003, 36.284525915157701 ], [ -120.967628832046003, 36.285068914834703 ], [ -120.967805831514994, 36.2852119151922 ], [ -120.967900831920005, 36.285332915585798 ], [ -120.968090831954001, 36.285629915266199 ], [ -120.968348832000999, 36.285947915101303 ], [ -120.968647832447004, 36.2862339150387 ], [ -120.968816831929004, 36.286365915125799 ], [ -120.969271832416993, 36.286678914816903 ], [ -120.970248832902001, 36.287232915015302 ], [ -120.970893833169995, 36.287468915453204 ], [ -120.971334832750998, 36.287595915221097 ], [ -120.971579832805006, 36.287655914938298 ], [ -120.972278833405994, 36.287803915312601 ], [ -120.972393832511997, 36.287858914994501 ], [ -120.972508832917995, 36.287946915472197 ], [ -120.972576832775005, 36.288045915072097 ], [ -120.972624832850997, 36.2881939148293 ], [ -120.972665832729007, 36.2885899147307 ], [ -120.972739832516993, 36.288803914767598 ], [ -120.972950833612998, 36.289072914864299 ], [ -120.973120832701994, 36.28918291491 ], [ -120.973276833716994, 36.289347915073897 ], [ -120.973378833116996, 36.289495914912301 ], [ -120.973486833486007, 36.289737914798401 ], [ -120.973547833379001, 36.2899629152299 ], [ -120.973575833284997, 36.290094915501101 ], [ -120.973609833715997, 36.290171915034598 ], [ -120.973799833556996, 36.2903249152561 ], [ -120.974029833808999, 36.290429915106998 ], [ -120.974335832956996, 36.290522915466397 ], [ -120.974471833731997, 36.290522915142802 ], [ -120.974688833249999, 36.290489915629799 ], [ -120.974851833681001, 36.290461915323 ], [ -120.975020833136, 36.290478915584799 ], [ -120.975217833325004, 36.290533915576503 ], [ -120.975604833654998, 36.290566914802803 ], [ -120.975760833858999, 36.2905889152564 ], [ -120.976038834011007, 36.290664915350703 ], [ -120.976194833397997, 36.290692915096599 ], [ -120.976649834208004, 36.290681914620698 ], [ -120.976907834002006, 36.290659914690998 ], [ -120.977172833455995, 36.290609914826902 ], [ -120.977375834053007, 36.290477914605901 ], [ -120.977538833696997, 36.290351914619301 ], [ -120.977653834384, 36.290219915283302 ], [ -120.977769833815003, 36.290164914633202 ], [ -120.978155834248994, 36.290153914906597 ], [ -120.978447834327994, 36.2900599151858 ], [ -120.978535834227998, 36.290043914667201 ], [ -120.978827834369994, 36.290015915026501 ], [ -120.978976834090005, 36.290037914457201 ], [ -120.979044834684998, 36.290059914843397 ], [ -120.979221834724001, 36.290142914588699 ], [ -120.979479833853006, 36.2903069151605 ], [ -120.979506834041004, 36.290339914449397 ], [ -120.979653834828, 36.290469914835803 ], [ -120.979811834857998, 36.290608915122498 ], [ -120.980008834030997, 36.290762914664001 ], [ -120.980246834683996, 36.290899914599599 ], [ -120.980287834419002, 36.290938915120996 ], [ -120.980490834690002, 36.290993914435802 ], [ -120.980734834008004, 36.291080915167797 ], [ -120.981026834168006, 36.291130914532303 ], [ -120.981311834370999, 36.291152914822199 ], [ -120.981766834672996, 36.291157914797999 ], [ -120.981949835036005, 36.291135914767104 ], [ -120.982187834749993, 36.291063914857297 ], [ -120.982580834567997, 36.291091914478898 ], [ -120.982825834829995, 36.291173914778803 ], [ -120.983632834679, 36.291563914863097 ], [ -120.983782835108997, 36.291601914339097 ], [ -120.983958834788993, 36.2917009150787 ], [ -120.983985835159004, 36.291733914283398 ], [ -120.984135835144997, 36.291821915117097 ], [ -120.984257835250006, 36.291964914682403 ], [ -120.984373835314997, 36.2921729149706 ], [ -120.984570834739003, 36.292623914347203 ], [ -120.984753835421998, 36.292788915112901 ], [ -120.984923835914998, 36.292875915090903 ], [ -120.985031835935999, 36.292925915153099 ], [ -120.985282835185004, 36.292963914544401 ], [ -120.985472835273995, 36.292955914540499 ], [ -120.985812835687994, 36.292941914661697 ], [ -120.985945835338001, 36.292911914357703 ], [ -120.986056836087002, 36.292886914636497 ], [ -120.986137835812002, 36.292837914728501 ], [ -120.986205835933006, 36.292776914578504 ], [ -120.986239835975994, 36.292661914406999 ], [ -120.986330835264994, 36.292430915027502 ], [ -120.986408835309007, 36.292232914323797 ], [ -120.986425835972994, 36.292159914713103 ], [ -120.986461835311005, 36.292004914687297 ], [ -120.986344836019001, 36.2918839147816 ], [ -120.986133835741001, 36.291655914429299 ], [ -120.986082835797006, 36.291633914643803 ], [ -120.985743835330993, 36.291430914970597 ], [ -120.985465835368998, 36.291183914476598 ], [ -120.985105835604998, 36.290760914061003 ], [ -120.985103835646001, 36.290702914070998 ], [ -120.985099835075999, 36.290610914425898 ], [ -120.985091834616, 36.290447914618099 ], [ -120.985072835029996, 36.290213914596102 ], [ -120.985140834705007, 36.290108914882701 ], [ -120.985389835318998, 36.2897499147861 ], [ -120.985576835152997, 36.289405914127002 ], [ -120.985873835411994, 36.288950913951901 ], [ -120.986237835251998, 36.288342914213302 ], [ -120.986536835311995, 36.287984914000504 ], [ -120.986751835421998, 36.287725914182801 ], [ -120.986947835448007, 36.287491914048303 ], [ -120.987201835140993, 36.286643914095798 ], [ -120.987603834962002, 36.2859769141279 ], [ -120.988079835259001, 36.285230913867402 ], [ -120.988055835137999, 36.284913913908603 ], [ -120.988046835190005, 36.284831913709901 ], [ -120.988039835283004, 36.284678913771302 ], [ -120.988020834661, 36.284481913775601 ], [ -120.988012834863, 36.284362913285101 ], [ -120.987993834628995, 36.284129914104597 ], [ -120.987910834405994, 36.283387913706001 ], [ -120.987746834964, 36.282623913146999 ], [ -120.987707834768003, 36.281780913636702 ], [ -120.987731834981005, 36.281622913147999 ], [ -120.987764834285997, 36.281409913922197 ], [ -120.987785834091, 36.281272913643903 ], [ -120.987806834118004, 36.281156913777501 ], [ -120.988030834273999, 36.280667913064597 ], [ -120.988118835064995, 36.280370913091801 ], [ -120.988152834149005, 36.280079913148199 ], [ -120.988118834204997, 36.279860912968402 ], [ -120.987928834811001, 36.279288913192602 ], [ -120.987734834573004, 36.278831913281799 ], [ -120.987350834379001, 36.277695912793703 ], [ -120.987218833922995, 36.277330913396199 ], [ -120.987180834019995, 36.277073912955103 ], [ -120.987072834309004, 36.2762319132977 ], [ -120.987089833525005, 36.275851912620297 ], [ -120.987098833881006, 36.275745913251001 ], [ -120.987280833975007, 36.275404913289201 ], [ -120.987375833523998, 36.275267913318103 ], [ -120.987504834448998, 36.275141913184498 ], [ -120.987708834301003, 36.275003912725197 ], [ -120.988013834081002, 36.274844913069799 ], [ -120.988807834027995, 36.274492912359598 ], [ -120.989064834535, 36.274322912557999 ], [ -120.989295834258002, 36.274201912464498 ], [ -120.989342834164006, 36.2741519127012 ], [ -120.989607833939999, 36.2740089130141 ], [ -120.989858834546993, 36.273805912758597 ], [ -120.990095834700995, 36.273513912368998 ], [ -120.990190834201996, 36.2733219124095 ], [ -120.990312834394999, 36.272849912713703 ], [ -120.990420834190999, 36.2726019125096 ], [ -120.990454833656003, 36.272492912411899 ], [ -120.990549833627, 36.271948912832997 ], [ -120.990610833896, 36.271733912758101 ], [ -120.990684833811002, 36.271525912113901 ], [ -120.990806833568996, 36.271283912514797 ], [ -120.990982833901995, 36.271096912395699 ], [ -120.991213834427001, 36.270953912697102 ], [ -120.991559834013003, 36.270826912361997 ], [ -120.991776833686998, 36.270727912560901 ], [ -120.992284834439005, 36.270238912325198 ], [ -120.992359834157, 36.2701129124167 ], [ -120.992366833931001, 36.270057912560198 ], [ -120.992427833809998, 36.269925911771601 ], [ -120.992488834461, 36.269892912447503 ], [ -120.992589834127998, 36.269870911711998 ], [ -120.992847834041001, 36.269908912445999 ], [ -120.993011834287998, 36.269889911691997 ], [ -120.993323834669994, 36.269987912087203 ], [ -120.993490834626996, 36.269989912091503 ], [ -120.994028834879003, 36.270029912204699 ], [ -120.994049834403, 36.270012911598599 ], [ -120.994143834325996, 36.269968911713299 ], [ -120.994199834846995, 36.269958911571699 ], [ -120.994387834782998, 36.269930912039499 ], [ -120.994713834796997, 36.269902912134 ], [ -120.994991834570996, 36.269924912267903 ], [ -120.995324834984004, 36.269990911468298 ], [ -120.995643834532004, 36.270077911465201 ], [ -120.996002834679999, 36.2701939122095 ], [ -120.996202834358996, 36.2702739120475 ], [ -120.997510834777998, 36.270376912176999 ], [ -120.997864834655999, 36.270496911874801 ], [ -120.998069834991, 36.270512911573 ], [ -120.998465835551997, 36.270592911427002 ], [ -120.999273834883994, 36.2707849120929 ], [ -120.999721835857997, 36.270856911637303 ], [ -120.999972835745993, 36.2708509119228 ], [ -121.000182835898002, 36.270811911579202 ], [ -121.000433835479996, 36.270668911454798 ], [ -121.000548835683006, 36.270564911218401 ], [ -121.000595835282994, 36.270506911193301 ], [ -121.000690835914, 36.270388911954299 ], [ -121.000765835376995, 36.270295911278097 ], [ -121.000902835028, 36.270186911584503 ], [ -121.001032835355005, 36.270083911632597 ], [ -121.001195835496006, 36.269995911429703 ], [ -121.001290835717001, 36.269902911807698 ], [ -121.001358835673003, 36.269753911550403 ], [ -121.001453835385007, 36.2692599110703 ], [ -121.001548835267002, 36.2689299112482 ], [ -121.001596835138002, 36.268880911764398 ], [ -121.001759835889004, 36.268787911412701 ], [ -121.001942835047004, 36.268660911290702 ], [ -121.002103835569002, 36.268358910924498 ], [ -121.002226835200005, 36.2682339113042 ], [ -121.002446835431996, 36.268080911379201 ], [ -121.002472836150005, 36.268062911641898 ], [ -121.002605835129003, 36.268017911010801 ], [ -121.002740835756001, 36.267996911125799 ], [ -121.003133835160995, 36.267933911375501 ], [ -121.003532835263997, 36.267817911471901 ], [ -121.003819835957003, 36.267658910977197 ], [ -121.003988835209, 36.267508910820098 ], [ -121.004254835626995, 36.267266911105601 ], [ -121.004420835727004, 36.267162911169898 ], [ -121.004557835379003, 36.267075910857002 ], [ -121.004700835804996, 36.2670459106495 ], [ -121.004895835415994, 36.267045911239101 ], [ -121.004966836229002, 36.267045910558203 ], [ -121.005173835606996, 36.267118910788 ], [ -121.005783835721999, 36.267388910565998 ], [ -121.005973836164003, 36.2674759112587 ], [ -121.006192836081993, 36.267575910871003 ], [ -121.006570835881007, 36.267712911249397 ], [ -121.006787836569998, 36.267745910862303 ], [ -121.007127836839004, 36.267901911018697 ], [ -121.007265835857993, 36.2679219106655 ], [ -121.007276836211005, 36.267948910571199 ], [ -121.007477835969993, 36.268011910634499 ], [ -121.008574836427997, 36.2683919107278 ], [ -121.009310836463996, 36.268653910862398 ], [ -121.009526836947003, 36.268709910656497 ], [ -121.009703836672998, 36.268774911046897 ], [ -121.010117836638003, 36.268862910610402 ], [ -121.010172836872002, 36.268860910982298 ], [ -121.010470837455998, 36.268851910719498 ], [ -121.010538836546999, 36.268802910988299 ], [ -121.010647836388998, 36.268742910911001 ], [ -121.010776836535001, 36.268626911181897 ], [ -121.010986836398999, 36.268357910456899 ], [ -121.011142836838999, 36.268132910686603 ], [ -121.011156836872004, 36.268033911098101 ], [ -121.011115837096995, 36.267901910994397 ], [ -121.010898837382001, 36.267648910669401 ], [ -121.010797836419997, 36.267483910810597 ], [ -121.010758836365994, 36.267319910281401 ], [ -121.010743836513001, 36.267253910653203 ], [ -121.010750836211997, 36.266901910924297 ], [ -121.010764836499007, 36.266876910418603 ], [ -121.010817836485003, 36.266780910224803 ], [ -121.010831836684005, 36.266720910906699 ], [ -121.010750836786002, 36.266324910194299 ], [ -121.010798836605005, 36.265934910526703 ], [ -121.010817836499001, 36.265660910568499 ], [ -121.010865837126005, 36.265445910282203 ], [ -121.010914836644005, 36.265224910257501 ], [ -121.011052836076004, 36.265058910362399 ], [ -121.011315836745993, 36.264744910286304 ], [ -121.011633836396996, 36.2645899104701 ], [ -121.011769837141998, 36.264534910201299 ], [ -121.011938836686994, 36.264589909930102 ], [ -121.012013836405998, 36.264644910746199 ], [ -121.012040836195993, 36.264710910336497 ], [ -121.011999836209995, 36.264814910510601 ], [ -121.011992836530993, 36.264874910198301 ], [ -121.012033836656997, 36.264979910462799 ], [ -121.012108837143998, 36.265072909980702 ], [ -121.012257836825995, 36.2651939104245 ], [ -121.012460836686998, 36.265386910680199 ], [ -121.012541836981001, 36.265432910446897 ], [ -121.012826836779993, 36.265594910039802 ], [ -121.013060837279994, 36.265751910095901 ], [ -121.013185836554001, 36.265974910449202 ], [ -121.013194837124999, 36.266078910376699 ], [ -121.013202836728993, 36.266181910487298 ], [ -121.013212837430999, 36.266372910032501 ], [ -121.013213836809996, 36.266503910143101 ], [ -121.013215836699999, 36.2668899107058 ], [ -121.013210836940004, 36.267007910416801 ], [ -121.0131998377, 36.267138910509402 ], [ -121.013090837418005, 36.267369910194297 ], [ -121.013069837114003, 36.267386910664399 ], [ -121.013110837148005, 36.267699910458703 ], [ -121.013171836801007, 36.267842910344598 ], [ -121.013320837581006, 36.268039910682603 ], [ -121.013397837678994, 36.268110910411799 ], [ -121.013474837635997, 36.268180910412497 ], [ -121.013483837652004, 36.268188910103802 ], [ -121.013754837532005, 36.268397910517599 ], [ -121.014168837781, 36.268595910709003 ], [ -121.014381837661006, 36.268663910121603 ], [ -121.014423837994997, 36.268668910790602 ], [ -121.014588837101996, 36.268615910824302 ], [ -121.014716837433994, 36.268547910292703 ], [ -121.014925837513005, 36.2683909100205 ], [ -121.014976837404006, 36.268351910323098 ], [ -121.015116837128005, 36.268248910334002 ], [ -121.015334837940003, 36.268088910547597 ], [ -121.015523837364995, 36.2679099108109 ], [ -121.015727837377995, 36.267568910748203 ], [ -121.015831837671001, 36.267337910581901 ], [ -121.015899837432997, 36.267173910710603 ], [ -121.015912837898, 36.267090910662198 ], [ -121.015885837900001, 36.267019909872403 ], [ -121.015878837087996, 36.2668599100367 ], [ -121.015851837797001, 36.266717910054503 ], [ -121.015852837362004, 36.266398910140502 ], [ -121.015872837884999, 36.266151910570997 ], [ -121.015933836989007, 36.265838910025799 ], [ -121.016043837808994, 36.2647559102355 ], [ -121.016113837163999, 36.264268909782899 ], [ -121.016131837691006, 36.264146910013501 ], [ -121.016220837041999, 36.263821910186998 ], [ -121.016410837581006, 36.2634819101891 ], [ -121.016552837611997, 36.263316910095199 ], [ -121.016699837548998, 36.2631869101752 ], [ -121.017007837128006, 36.262915909462102 ], [ -121.017761836893996, 36.262091909713497 ], [ -121.018134836805999, 36.261586909350598 ], [ -121.018238837284997, 36.261313909166603 ], [ -121.018275837833997, 36.261174909140003 ], [ -121.018259837109994, 36.261040909178 ], [ -121.018254837232007, 36.2610029098201 ], [ -121.018296837483007, 36.260781909139403 ], [ -121.018348837781005, 36.260716909850899 ], [ -121.018474836940001, 36.260559909400698 ], [ -121.018752837120005, 36.260224909177602 ], [ -121.018793837651998, 36.260054909220003 ], [ -121.018801837791997, 36.259752909694399 ], [ -121.018802837194002, 36.259730909530397 ], [ -121.018848837847997, 36.259661909749802 ], [ -121.018887837446002, 36.259654909553603 ], [ -121.018931836812996, 36.259647908944501 ], [ -121.019064837627994, 36.259730909441402 ], [ -121.019242837095007, 36.2598389090087 ], [ -121.019573837042998, 36.260038909137897 ], [ -121.019702837474, 36.2600609097641 ], [ -121.019843837261007, 36.260015909038998 ], [ -121.020014837953994, 36.259961909171899 ], [ -121.020224837038995, 36.259977909424201 ], [ -121.020475837012995, 36.259977908869999 ], [ -121.020577838096003, 36.260071909663701 ], [ -121.020692837398997, 36.260269909403497 ], [ -121.020856837766004, 36.260500909037397 ], [ -121.020902837609995, 36.260565909527998 ], [ -121.021180837716997, 36.260879909148997 ], [ -121.021513837355997, 36.261110909744701 ], [ -121.022008837650006, 36.261401908933898 ], [ -121.022354838279, 36.261478909762602 ], [ -121.0226258382, 36.261423909037397 ], [ -121.022679838605001, 36.261390909586702 ], [ -121.022971837838995, 36.261280909672898 ], [ -121.023114838639003, 36.261193909373397 ], [ -121.023310838010005, 36.2610009095308 ], [ -121.023468838138001, 36.260848909439702 ], [ -121.023541838450001, 36.260777909173001 ], [ -121.023611838147005, 36.260720908795498 ], [ -121.023799838471007, 36.260568909138698 ], [ -121.024227838163, 36.260177909356699 ], [ -121.024383838329996, 36.260067909100798 ], [ -121.024722838162006, 36.259930909407203 ], [ -121.024946838659005, 36.259919908671399 ], [ -121.025305838731995, 36.259886908961299 ], [ -121.025502838549002, 36.259842909089699 ], [ -121.025706838575999, 36.259809909334201 ], [ -121.025746838287006, 36.259792909149901 ], [ -121.025991838112006, 36.259776908891602 ], [ -121.026696838619003, 36.2597659086588 ], [ -121.026825838006999, 36.2597939087144 ], [ -121.026845838756003, 36.259765909123203 ], [ -121.027123838313003, 36.259886908825102 ], [ -121.027252839029998, 36.259897909220797 ], [ -121.027334838434001, 36.2599479085575 ], [ -121.027361838401006, 36.259996909295097 ], [ -121.027374838924999, 36.260084909115903 ], [ -121.027306838426, 36.260315908684497 ], [ -121.027324838214994, 36.260416909098701 ], [ -121.027357839065999, 36.260570908632602 ], [ -121.027475838515997, 36.260955909367098 ], [ -121.027672839020994, 36.2612959090456 ], [ -121.027676838578998, 36.261792909317997 ], [ -121.027578838509001, 36.261916909304603 ], [ -121.027405838641002, 36.262094909082997 ], [ -121.027034838947003, 36.262474909433003 ], [ -121.026627839246999, 36.262672909404102 ], [ -121.026437838798998, 36.262787908846597 ], [ -121.026233838389999, 36.263012908967497 ], [ -121.026192839133003, 36.263155909355 ], [ -121.026233839339, 36.263254909617999 ], [ -121.026306838650001, 36.2635829095424 ], [ -121.026314838399998, 36.263616909095497 ], [ -121.026423838539998, 36.263781909183301 ], [ -121.026599838373002, 36.263886909693099 ], [ -121.027189838609999, 36.264084909558001 ], [ -121.027344839353006, 36.2641239091963 ], [ -121.027712839234994, 36.264216909249797 ], [ -121.027840839058001, 36.264326909622199 ], [ -121.027895839362003, 36.264425908801698 ], [ -121.027912839208, 36.2645389089489 ], [ -121.027928839539996, 36.264644909452997 ], [ -121.028010839266003, 36.264935909447097 ], [ -121.027962839367007, 36.265402909663301 ], [ -121.028003839551999, 36.265622909272999 ], [ -121.028280839077993, 36.266183909235501 ], [ -121.028430839381997, 36.266320909149897 ], [ -121.028504839630003, 36.266430909526001 ], [ -121.028599839137001, 36.266771909065 ], [ -121.028619839848005, 36.2669639096342 ], [ -121.028672839178, 36.267238909166501 ], [ -121.028670839328996, 36.267452909628503 ], [ -121.028669839950993, 36.267622909473602 ], [ -121.028669839442003, 36.268047909612797 ], [ -121.028642839580996, 36.268526909396499 ], [ -121.028640840172997, 36.269273909405797 ], [ -121.028636839838001, 36.269455909930599 ], [ -121.028632840182993, 36.269627909972698 ], [ -121.028632840046001, 36.269801909473102 ], [ -121.028565840034005, 36.269931909701803 ], [ -121.028443839966002, 36.270019909275703 ], [ -121.028292839970007, 36.270105909588302 ], [ -121.028272839604, 36.270122910111297 ], [ -121.028190839700997, 36.270155909557303 ], [ -121.028031839407006, 36.2702109100588 ], [ -121.027810839359006, 36.270286910206103 ], [ -121.027261840091001, 36.270413910141897 ], [ -121.026956840028006, 36.270429909514 ], [ -121.026833839217005, 36.270407909469597 ], [ -121.026555839701004, 36.270253909881099 ], [ -121.026512839431007, 36.270239909960097 ], [ -121.026420839, 36.270209909565601 ], [ -121.026250839585998, 36.2702319094738 ], [ -121.026033839584002, 36.2703469095038 ], [ -121.025890839317995, 36.270467909558597 ], [ -121.025734839170994, 36.270681910260699 ], [ -121.025605839337004, 36.271033910040401 ], [ -121.025544839323999, 36.2713519099933 ], [ -121.025591839681994, 36.271659909937 ], [ -121.025611839074998, 36.271994910068202 ], [ -121.025659839081996, 36.272181910233897 ], [ -121.025680839204, 36.272204910261102 ], [ -121.025720839901993, 36.272247910249298 ], [ -121.025903839601995, 36.272351909977701 ], [ -121.026052839490006, 36.272467910533898 ], [ -121.026229839208, 36.272692910236302 ], [ -121.026432839776007, 36.273049909757503 ], [ -121.026588839857993, 36.273374910040097 ], [ -121.026676839486001, 36.273621910516397 ], [ -121.026662840038995, 36.273654910427197 ], [ -121.026832840096006, 36.274176910301399 ], [ -121.027008839968005, 36.274615910117497 ], [ -121.027030840134003, 36.2746589099768 ], [ -121.027265840254998, 36.275110910074403 ], [ -121.027455840757, 36.2752919105952 ], [ -121.027743840379998, 36.275461909931899 ], [ -121.028002840344996, 36.275549910147397 ], [ -121.028065840455, 36.275570910606604 ], [ -121.028174840079998, 36.275596910630298 ], [ -121.028274840855005, 36.275619910359097 ], [ -121.029077840918006, 36.275808910087001 ], [ -121.030081840883, 36.275891909945301 ], [ -121.030278840931004, 36.275880910500597 ], [ -121.030895841008999, 36.275682909716998 ], [ -121.031486841290004, 36.275457909698702 ], [ -121.031793840765005, 36.275392909851099 ], [ -121.031877840394998, 36.275373909908303 ], [ -121.031932840706006, 36.275363909976001 ], [ -121.032293840543005, 36.275287910082497 ], [ -121.032856840522001, 36.275216910154903 ], [ -121.033338841488998, 36.275200909867799 ], [ -121.033525841013997, 36.275211910019401 ], [ -121.033623841468, 36.275216910035098 ], [ -121.034424841333006, 36.275414909710797 ], [ -121.035027841032999, 36.275552909625503 ], [ -121.035228841274005, 36.275573909822498 ], [ -121.035394841313007, 36.275590909490099 ], [ -121.035421842020995, 36.275618909670399 ], [ -121.035475841063999, 36.275596910096297 ], [ -121.035780841808005, 36.275579910173001 ], [ -121.036296841284994, 36.275459910142999 ], [ -121.036391841161006, 36.2754159098046 ], [ -121.036418841187995, 36.275371909728598 ], [ -121.036412842085994, 36.275305909862396 ], [ -121.036323841056003, 36.2751849092352 ], [ -121.036079841326995, 36.2749319094561 ], [ -121.035971841584995, 36.274755909404199 ], [ -121.035862841514003, 36.274502909925502 ], [ -121.035747841662996, 36.274112909217997 ], [ -121.035728841289995, 36.273702909151403 ], [ -121.035727841118003, 36.273678909479599 ], [ -121.035849841691999, 36.273464909287298 ], [ -121.035958841001005, 36.273146909541801 ], [ -121.035991841433002, 36.2731039098827 ], [ -121.036141840995995, 36.272909909173599 ], [ -121.036270841396004, 36.2727949097427 ], [ -121.036725841098004, 36.272508909680198 ], [ -121.036983841272004, 36.272371909179199 ], [ -121.037261841215994, 36.272272909627098 ], [ -121.037287841506995, 36.272266909229401 ], [ -121.037329840946001, 36.272256909242998 ], [ -121.037485841687001, 36.272250909057298 ], [ -121.037736841549005, 36.272212909741803 ], [ -121.038218841065003, 36.272097909354798 ], [ -121.038570841899997, 36.271981909278701 ], [ -121.038828841107005, 36.271872909487101 ], [ -121.038869841833005, 36.271866909548201 ], [ -121.039690842206994, 36.271476909084498 ], [ -121.040009841742005, 36.271306909461799 ], [ -121.040158842230994, 36.271206909375898 ], [ -121.040212841851996, 36.271169908616699 ], [ -121.040314842059004, 36.271062908731501 ], [ -121.040334842546002, 36.273186909435097 ], [ -121.040463843549006, 36.287108910221399 ], [ -121.040463843362005, 36.287188910488503 ], [ -121.040477843003998, 36.2872889106606 ], [ -121.040465843777, 36.287409910740699 ], [ -121.040497843731004, 36.290770910562898 ], [ -121.040504843628, 36.291533910511099 ], [ -121.040662845159005, 36.308304912301402 ], [ -121.040676846107004, 36.309785912781201 ], [ -121.040683845461004, 36.310500912421297 ], [ -121.040682845988002, 36.3105489127488 ], [ -121.040693846300002, 36.311390912754398 ], [ -121.040702845835, 36.3125759124759 ], [ -121.040704845617, 36.312779913200302 ], [ -121.040713845924998, 36.313857913038198 ], [ -121.040809847158002, 36.323973913557701 ], [ -121.044309848127, 36.326797913527201 ], [ -121.047388848447, 36.329279914310099 ], [ -121.04957084886, 36.331043914333698 ], [ -121.058467851702005, 36.338218914117 ], [ -121.063348853050996, 36.342154914131299 ], [ -121.063558852330004, 36.342326913824003 ], [ -121.070956854033, 36.348293914511899 ], [ -121.077371856371002, 36.353467914564497 ], [ -121.088502858598005, 36.362452914347401 ], [ -121.095379860513006, 36.367998914097299 ], [ -121.095805859886994, 36.368349914070897 ], [ -121.095829860600006, 36.3683389138588 ], [ -121.096053860777999, 36.368541914363902 ], [ -121.096271860002005, 36.368717914191599 ], [ -121.097868861289996, 36.370006913854397 ], [ -121.103255861852006, 36.374414914519598 ], [ -121.107048863011002, 36.377410914809602 ], [ -121.116014865617998, 36.384464914347099 ], [ -121.116175864599001, 36.384590914543899 ], [ -121.116632865309995, 36.384951914506999 ], [ -121.116859865335002, 36.385130914007199 ], [ -121.116962865793994, 36.385194914675402 ], [ -121.117044865386006, 36.385275913989702 ], [ -121.119452866160998, 36.387168914551303 ], [ -121.120262866328005, 36.387806914572998 ], [ -121.120384866069998, 36.387893914179998 ], [ -121.120434865576001, 36.387928914144801 ], [ -121.120574865837995, 36.388053914221302 ], [ -121.120763866317006, 36.388199914410997 ], [ -121.123822867455999, 36.390610914702499 ], [ -121.126041867300998, 36.392397914162601 ], [ -121.131170868826004, 36.396372914382397 ], [ -121.131742868904993, 36.396827914716802 ], [ -121.131848869307007, 36.396920914263603 ], [ -121.131931868894995, 36.396978914306501 ], [ -121.134453869945006, 36.398986914397497 ], [ -121.143488871884998, 36.406181914813097 ], [ -121.148554872253996, 36.410217914335298 ], [ -121.149429872659994, 36.410912914690002 ], [ -121.153192874084993, 36.413901914946102 ], [ -121.155850874378999, 36.416012915078703 ], [ -121.158671875481005, 36.418252914975 ], [ -121.167728876967999, 36.425447914639598 ], [ -121.167776876969995, 36.425485914737003 ], [ -121.170197878172999, 36.427408914695697 ], [ -121.173375878195998, 36.429880914841497 ], [ -121.173630878240004, 36.4300639148776 ], [ -121.173652878393, 36.430097914398701 ], [ -121.173808878971997, 36.430219914794002 ], [ -121.178131880126003, 36.433631914783199 ], [ -121.184064881359006, 36.438281914577999 ], [ -121.189460882234997, 36.442598915223599 ], [ -121.190893882805995, 36.443725914383499 ], [ -121.193477883501998, 36.4457559152412 ], [ -121.195150883769998, 36.447236915246599 ], [ -121.195407884003998, 36.447486914727001 ], [ -121.196012884156005, 36.448072914900699 ], [ -121.196765884415996, 36.449546914936001 ], [ -121.197449884443998, 36.450722915266702 ], [ -121.197931884959999, 36.451720914866897 ], [ -121.197677885296002, 36.453472915306797 ], [ -121.197531884902006, 36.454424915225601 ], [ -121.197682885033998, 36.455069915802 ], [ -121.198364885130999, 36.455841915374798 ], [ -121.199055885690001, 36.4564689158316 ], [ -121.200144885987996, 36.456917915333797 ], [ -121.200477885745002, 36.4570189158094 ], [ -121.200644886118994, 36.457069915757003 ], [ -121.200963886184994, 36.457267915097503 ], [ -121.201361885696002, 36.457514915657299 ], [ -121.201724885904994, 36.457739915136997 ], [ -121.201803885849003, 36.457789915700403 ], [ -121.202054885848, 36.457944914996503 ], [ -121.202177886130002, 36.458134915000201 ], [ -121.202425885804004, 36.4585189152073 ], [ -121.202476886262005, 36.458596915755102 ], [ -121.202838885746999, 36.4589639153889 ], [ -121.203067886490004, 36.459196915432898 ], [ -121.203128886214003, 36.459257915624903 ], [ -121.203427886368004, 36.459561915834399 ], [ -121.204249886395999, 36.460462915147801 ], [ -121.204721886586995, 36.461404915638298 ], [ -121.205574887178003, 36.4624269154572 ], [ -121.205999887415999, 36.462648915817198 ], [ -121.206536886902995, 36.462929915532698 ], [ -121.206659887098994, 36.462993915239601 ], [ -121.206705887656, 36.463017915268203 ], [ -121.207026887443007, 36.463172915759998 ], [ -121.207186887008007, 36.463249915658103 ], [ -121.208331887060993, 36.463803915314799 ], [ -121.209835887555002, 36.464808915725897 ], [ -121.21000688785, 36.464991915633597 ], [ -121.210186888493993, 36.4651839157439 ], [ -121.210917888550995, 36.465960915587601 ], [ -121.211016888613003, 36.466090915381599 ], [ -121.211410887883005, 36.466612915261202 ], [ -121.211761888263993, 36.4676189157557 ], [ -121.212046888027004, 36.467931915995301 ], [ -121.212374888328995, 36.468294915823698 ], [ -121.213025888900006, 36.468986915738299 ], [ -121.213928888762993, 36.470177915361603 ], [ -121.214442888830007, 36.471683915890097 ], [ -121.214765889201999, 36.472634915434902 ], [ -121.214994889118998, 36.473034915560703 ], [ -121.215066889306996, 36.473160916028498 ], [ -121.215097889163005, 36.473207916227899 ], [ -121.215119890032, 36.473221916042903 ], [ -121.215648889383999, 36.473375915969001 ], [ -121.215836889675003, 36.473430915678399 ], [ -121.216317889652998, 36.473727915836903 ], [ -121.216837890256997, 36.474039915473902 ], [ -121.217295890250995, 36.473740916041301 ], [ -121.217793890257994, 36.473287915313001 ], [ -121.217856890226997, 36.473230915832701 ], [ -121.217959890450004, 36.4731379160879 ], [ -121.218062890398997, 36.473044915351799 ], [ -121.218519890018996, 36.472542915162201 ], [ -121.218898890359995, 36.472444915513798 ], [ -121.219378889832996, 36.472507915621598 ], [ -121.219612890071005, 36.472972915116898 ], [ -121.219710890179002, 36.473167915149403 ], [ -121.219786890628995, 36.4732379156546 ], [ -121.219905889968999, 36.473347915753699 ], [ -121.220200890038001, 36.473618915529798 ], [ -121.220680890965994, 36.473818915214103 ], [ -121.222368890525999, 36.473845915362702 ], [ -121.222846890393996, 36.473496915068203 ], [ -121.222895890252005, 36.4733709149844 ], [ -121.222936890436003, 36.473266915693003 ], [ -121.223004890314002, 36.473093915467601 ], [ -121.223039890791, 36.472964915602397 ], [ -121.223124890289995, 36.472649914976202 ], [ -121.223289891066997, 36.472474915018999 ], [ -121.223621890352007, 36.472131915556901 ], [ -121.224099890594005, 36.471976915470499 ], [ -121.224729891075, 36.472208914992599 ], [ -121.225000891277006, 36.472062914717498 ], [ -121.225477890917006, 36.471996914866203 ], [ -121.225946890646995, 36.472172915096102 ], [ -121.226138891275994, 36.472501914674901 ], [ -121.227024891403005, 36.473089915052199 ], [ -121.227119890951002, 36.473152914993904 ], [ -121.227289891709006, 36.4732919150794 ], [ -121.227402891249, 36.473383915450498 ], [ -121.227610891205998, 36.473554915191002 ], [ -121.227822892104996, 36.474126915005797 ], [ -121.228082891835996, 36.474398914887601 ], [ -121.229523891537994, 36.475281915536797 ], [ -121.229959891917005, 36.4768139149486 ], [ -121.230052892079996, 36.477748915134399 ], [ -121.230373892347998, 36.478223915082999 ], [ -121.230484892429999, 36.478561914924903 ], [ -121.230266892304002, 36.478821915617999 ], [ -121.229866892282999, 36.478910915716 ], [ -121.229814891958995, 36.478923915423302 ], [ -121.229217892102994, 36.479132915088996 ], [ -121.228321892856997, 36.480120915789499 ], [ -121.228292892154997, 36.4801529155325 ], [ -121.228199892481996, 36.4802559160225 ], [ -121.228133892469998, 36.480328915802403 ], [ -121.228015892456, 36.480458915321201 ], [ -121.227994892442993, 36.480553915553998 ], [ -121.227966891826, 36.480684915824298 ], [ -121.228415892946003, 36.481153915681702 ], [ -121.228595892651995, 36.481341915505702 ], [ -121.228858892274999, 36.481616915461203 ], [ -121.229010892616003, 36.482156915710902 ], [ -121.228671892316001, 36.482480915571699 ], [ -121.228088892735002, 36.484208915736701 ], [ -121.228120892738005, 36.484603915598797 ], [ -121.228700892564007, 36.484948915951499 ], [ -121.230313893263997, 36.486266916112001 ], [ -121.230380893431004, 36.486514916050702 ], [ -121.230829893752997, 36.488143915780398 ], [ -121.230968894019, 36.488204916493103 ], [ -121.231057893216004, 36.488242916143903 ], [ -121.232181893680007, 36.488728916031 ], [ -121.232330893728005, 36.488792915924797 ], [ -121.232590893891, 36.489050916093397 ], [ -121.232502893703, 36.489413916200299 ], [ -121.232136893751999, 36.489878916626601 ], [ -121.231837894424004, 36.490258916002901 ], [ -121.231552894214005, 36.490620916651601 ], [ -121.231020893736996, 36.4912989164688 ], [ -121.230833893929002, 36.491725916713897 ], [ -121.231022894193003, 36.4920399163179 ], [ -121.231222893644997, 36.492153916467899 ], [ -121.232333893817, 36.492787916086797 ], [ -121.232473893947002, 36.4928679161914 ], [ -121.232586894603998, 36.492931916486903 ], [ -121.232612894265003, 36.492946916262902 ], [ -121.232633894070005, 36.492958916109799 ], [ -121.232935894769994, 36.493131916023898 ], [ -121.233197895016005, 36.493895916813997 ], [ -121.233480894921996, 36.4943589166067 ], [ -121.234594895360999, 36.496181916990999 ], [ -121.235217895036001, 36.496577916491603 ], [ -121.235257895176005, 36.496603916249903 ], [ -121.23687789505, 36.497627916561399 ], [ -121.237423896161999, 36.498611916821098 ], [ -121.237913896169005, 36.499494916624897 ], [ -121.237301895518002, 36.499969917112601 ], [ -121.238010896524003, 36.501022917033403 ], [ -121.238769896223999, 36.501354917164399 ], [ -121.239163896120004, 36.502421916543298 ], [ -121.239538896113004, 36.5034389171933 ], [ -121.239307896350994, 36.504786917288598 ], [ -121.239982896658006, 36.505056916681603 ], [ -121.240516896867007, 36.505271916828399 ], [ -121.240855896569997, 36.5054419172507 ], [ -121.242935897319995, 36.505588916571902 ], [ -121.243730897546996, 36.506486916732001 ], [ -121.244017897945994, 36.506811917228198 ], [ -121.244103898055997, 36.506915917272501 ], [ -121.244118897115996, 36.506899917421002 ], [ -121.244187896994006, 36.506792917292202 ], [ -121.244319897118004, 36.506667917168201 ], [ -121.244478897598995, 36.506581917262302 ], [ -121.244637897748007, 36.506480916930798 ], [ -121.244750897510002, 36.506467916467003 ], [ -121.245176897571994, 36.506639916487501 ], [ -121.246044898132993, 36.5064889164764 ], [ -121.246082897958004, 36.506481916667099 ], [ -121.246210897593997, 36.506525917245597 ], [ -121.246917898044003, 36.5067679171826 ], [ -121.247230897910995, 36.506875916465098 ], [ -121.247270897782002, 36.506788916677699 ], [ -121.247634897655004, 36.506369916787698 ], [ -121.247724898176003, 36.506272916848097 ], [ -121.248030897573997, 36.506087916316503 ], [ -121.248135898578994, 36.506014916854603 ], [ -121.248377897910999, 36.505962916990001 ], [ -121.248527898329996, 36.505909916312099 ], [ -121.248689898619006, 36.505828916519498 ], [ -121.248817897966006, 36.505756916750997 ], [ -121.248911897683996, 36.505637916840399 ], [ -121.249029898150994, 36.505509916324399 ], [ -121.249183897592999, 36.505299916390904 ], [ -121.249323897864997, 36.505181916769203 ], [ -121.249451898592994, 36.504973916253299 ], [ -121.249506897841997, 36.504894916335999 ], [ -121.249579897928001, 36.504823916208203 ], [ -121.249776897629999, 36.504737915989402 ], [ -121.249852898208005, 36.5047359168002 ], [ -121.251049898298007, 36.5053649163034 ], [ -121.252199899074995, 36.505590916150403 ], [ -121.252619898944999, 36.5052349163984 ], [ -121.253742898864004, 36.504284916413702 ], [ -121.254099898277005, 36.503986915611598 ], [ -121.254311899288993, 36.503805916315699 ], [ -121.254894898840007, 36.503515916176802 ], [ -121.255576898539999, 36.503586915700701 ], [ -121.256103898700999, 36.503918915509502 ], [ -121.257180899703002, 36.504323915653103 ], [ -121.257894899313001, 36.504539915428303 ], [ -121.258823899003005, 36.504527915734002 ], [ -121.259611899738005, 36.504468915371802 ], [ -121.260363900038001, 36.504112916023999 ], [ -121.260976899959999, 36.503837915309802 ], [ -121.261695899566007, 36.503787915600498 ], [ -121.262222899521007, 36.503692915369903 ], [ -121.262658900420007, 36.503476915672103 ], [ -121.263106900157993, 36.503446915823702 ], [ -121.263592900221994, 36.503730914949401 ], [ -121.263924899919004, 36.503855915246099 ], [ -121.264553900148996, 36.503846914917197 ], [ -121.265209900116005, 36.503684915109503 ], [ -121.265622900593002, 36.503340915030897 ], [ -121.266100900058007, 36.5027619146909 ], [ -121.266491900099993, 36.502377915385203 ], [ -121.266799900042002, 36.502252914961701 ], [ -121.267309900635993, 36.502286914662697 ], [ -121.267601900133997, 36.502403914958997 ], [ -121.267911900385997, 36.502407914875903 ], [ -121.268246901278005, 36.502201915189602 ], [ -121.268971900834003, 36.501973914675297 ], [ -121.269472900864002, 36.502047915060501 ], [ -121.270036900741999, 36.502258914855503 ], [ -121.270736901522994, 36.502289914316798 ], [ -121.271184901048997, 36.502242914746702 ], [ -121.271555901056004, 36.502310915068897 ], [ -121.271881901651, 36.5025889146903 ], [ -121.271948901273007, 36.5029509148454 ], [ -121.272263901545003, 36.503171915051098 ], [ -121.273505901139004, 36.5033329145039 ], [ -121.274325901607995, 36.5033699142827 ], [ -121.275133902356004, 36.503334914619998 ], [ -121.275623902321001, 36.503304914185797 ], [ -121.276138901685002, 36.503071914377301 ], [ -121.276582902635994, 36.502799914601702 ], [ -121.277368902063003, 36.502651914035098 ], [ -121.277986902516005, 36.5025549143527 ], [ -121.278482902270994, 36.502395913960903 ], [ -121.279042902171994, 36.502443914082299 ], [ -121.280096903182994, 36.502647913986799 ], [ -121.280835902514994, 36.502629914293102 ], [ -121.281295902919993, 36.502679914349699 ], [ -121.282005903048002, 36.502710913680602 ], [ -121.282931902857001, 36.503052913875599 ], [ -121.283429902834996, 36.503417914133699 ], [ -121.284099903424007, 36.503932914186898 ], [ -121.284584903985007, 36.504707913621303 ], [ -121.284793903356004, 36.505106913862498 ], [ -121.284797903783002, 36.505340913881497 ], [ -121.284811903324993, 36.505525913848203 ], [ -121.284975903323996, 36.505701914025401 ], [ -121.285203904148005, 36.505641914272502 ], [ -121.285820903624995, 36.505512913986699 ], [ -121.286189903915997, 36.5054679135689 ], [ -121.286514903878995, 36.5052619143474 ], [ -121.286898904240005, 36.504965914324004 ], [ -121.287233903461001, 36.504767914201203 ], [ -121.288165903806998, 36.505383913469601 ], [ -121.289086904664998, 36.505460914202501 ], [ -121.290017904660999, 36.505552914026303 ], [ -121.290547904362995, 36.505577913505199 ], [ -121.290985904123005, 36.505482913671699 ], [ -121.291369905169006, 36.505711913321903 ], [ -121.291807905227998, 36.5060689134014 ], [ -121.29266690467, 36.506080913696003 ], [ -121.293202904759994, 36.506073913543702 ], [ -121.293425905139003, 36.506070913801601 ], [ -121.294068905504005, 36.506239913116701 ], [ -121.294543905652006, 36.506113913502503 ], [ -121.294996905733996, 36.505653913197797 ], [ -121.295642905178994, 36.505322913582098 ], [ -121.295796905041001, 36.505275913550904 ], [ -121.295998905860003, 36.505213913032598 ], [ -121.296194905112003, 36.505154913621901 ], [ -121.296294905029995, 36.505009913071 ], [ -121.296641905179996, 36.504503913373 ], [ -121.296814905914005, 36.504129912982201 ], [ -121.297158905852996, 36.503940912693601 ], [ -121.297572905986002, 36.504176913441803 ], [ -121.297935905326, 36.504324913427901 ], [ -121.298256905722994, 36.504384913135503 ], [ -121.298676905297, 36.5047569130613 ], [ -121.298929905769995, 36.504980912965799 ], [ -121.299438905621003, 36.505330913330504 ], [ -121.299851905772002, 36.505644913462099 ], [ -121.300529905778006, 36.505763912670801 ], [ -121.300744906098998, 36.505802912666397 ], [ -121.301099905984003, 36.505571913289202 ], [ -121.301488906502996, 36.505542912973603 ], [ -121.302058905932, 36.505074912799302 ], [ -121.302353905960004, 36.504393913057598 ], [ -121.302702906068006, 36.503848912679103 ], [ -121.303445905960004, 36.503564912554502 ], [ -121.304019906418006, 36.5033309128276 ], [ -121.304380906250003, 36.502906912304098 ], [ -121.304511906423997, 36.502461912510299 ], [ -121.305035906076995, 36.5022049126867 ], [ -121.305954906148997, 36.502224912381699 ], [ -121.306416906669, 36.501822912597802 ], [ -121.306793906284, 36.5012619123018 ], [ -121.306995906698006, 36.500879912491101 ], [ -121.307415906665994, 36.500438912486402 ], [ -121.307445906902004, 36.4999689117139 ], [ -121.307695906741998, 36.4997739122838 ], [ -121.307723906758, 36.499676911706999 ], [ -121.307970906839003, 36.499520911565199 ], [ -121.308128906758995, 36.499437911991798 ], [ -121.308247907159, 36.4993969122743 ], [ -121.308456906887997, 36.499345911722898 ], [ -121.308646906719005, 36.499383912160802 ], [ -121.308857906298996, 36.499429911735596 ], [ -121.309029906378001, 36.499572911775303 ], [ -121.309181907118997, 36.499740911823899 ], [ -121.309373906709993, 36.499866911682197 ], [ -121.309215907090007, 36.499968912293198 ], [ -121.309518907473006, 36.500675912320702 ], [ -121.309741907255997, 36.500817912018697 ], [ -121.3101639068, 36.500932911686398 ], [ -121.310608907705998, 36.501192911654698 ], [ -121.311184907487998, 36.501840912092597 ], [ -121.311208907492002, 36.501867911714903 ], [ -121.311253907495001, 36.501917911726103 ], [ -121.311574907047998, 36.502421911933801 ], [ -121.311800907383002, 36.502740911910401 ], [ -121.311819907808996, 36.503167911684997 ], [ -121.311707907088007, 36.503524911858499 ], [ -121.311787907630006, 36.504022912098002 ], [ -121.311979907720996, 36.504592911819799 ], [ -121.311850907427001, 36.505102911858202 ], [ -121.311349907907996, 36.505488912445799 ], [ -121.310863908063993, 36.505656912610803 ], [ -121.310363907354997, 36.505670912383202 ], [ -121.309966907041996, 36.505781912719499 ], [ -121.309795907478005, 36.506218912582497 ], [ -121.310050907830004, 36.506908912242103 ], [ -121.310323907335999, 36.507558912439102 ], [ -121.310546907855993, 36.5081519125008 ], [ -121.310738908166996, 36.508753912492999 ], [ -121.310659908161995, 36.509278912452999 ], [ -121.310416907934993, 36.509580912973298 ], [ -121.309771907794996, 36.5097749125867 ], [ -121.309311907931999, 36.5097979124914 ], [ -121.308848907962002, 36.510109913069002 ], [ -121.308384907294993, 36.510333912672102 ], [ -121.308153907413001, 36.510764912657699 ], [ -121.308161907848998, 36.5111679131155 ], [ -121.307756907775001, 36.511398912658898 ], [ -121.307183908004006, 36.511664912845397 ], [ -121.306774907744995, 36.5121789132047 ], [ -121.306851907815997, 36.513023912954601 ], [ -121.306763907402996, 36.513548913599699 ], [ -121.306989908068005, 36.5138529130423 ], [ -121.307326907529003, 36.514226913518499 ], [ -121.307427908137001, 36.514708913824101 ], [ -121.307370907681999, 36.515322913120002 ], [ -121.307451908448996, 36.515885913258899 ], [ -121.307344908798001, 36.5164919135632 ], [ -121.307201908184993, 36.516816913194397 ], [ -121.306954908636996, 36.516940913580903 ], [ -121.306177907827006, 36.517072914102997 ], [ -121.304835908059999, 36.5173729140147 ], [ -121.303676907799002, 36.517855914357497 ], [ -121.303242907585997, 36.5181449139547 ], [ -121.303128907543993, 36.5184119142965 ], [ -121.303373907411995, 36.518682914075001 ], [ -121.303627907546002, 36.5188889137196 ], [ -121.303662908133006, 36.519121914130899 ], [ -121.303479908086004, 36.519414914135602 ], [ -121.303167908063003, 36.519822914389003 ], [ -121.303258908494996, 36.520133914531101 ], [ -121.302918907709994, 36.520324914282597 ], [ -121.302468908364006, 36.520766914293802 ], [ -121.301945907624997, 36.521178914374801 ], [ -121.301484908380999, 36.521473914782703 ], [ -121.301187907320994, 36.521493914102898 ], [ -121.300957907823999, 36.521522914241501 ], [ -121.300625907698006, 36.521557914266303 ], [ -121.300443907905006, 36.5218819146667 ], [ -121.300573907667001, 36.522418914418601 ], [ -121.300638907562998, 36.522612914875403 ], [ -121.300501908122996, 36.522809914690299 ], [ -121.300067907881996, 36.523016914376001 ], [ -121.299578907696997, 36.5231809146362 ], [ -121.299430907569004, 36.523230914701799 ], [ -121.298744907347995, 36.5234069150533 ], [ -121.297835907299998, 36.523820914460202 ], [ -121.297206907662002, 36.524337915118203 ], [ -121.296963907077, 36.524712915063901 ], [ -121.296914907827002, 36.525177915117602 ], [ -121.296964907662996, 36.525605915207002 ], [ -121.296901907869994, 36.525993915579399 ], [ -121.296569907925999, 36.526428915055398 ], [ -121.296086907558006, 36.526731915565897 ], [ -121.295699907135997, 36.526910915129001 ], [ -121.295374908042007, 36.527133915712803 ], [ -121.295604907688002, 36.527574915718503 ], [ -121.295767907653996, 36.528222915867197 ], [ -121.296023907673998, 36.528940915481598 ], [ -121.296029908086993, 36.529254915606302 ], [ -121.296461908449999, 36.529575915259301 ], [ -121.296880908277998, 36.529808915577597 ], [ -121.296942908280002, 36.529894915443499 ], [ -121.297035907950004, 36.530022915467903 ], [ -121.297130908342993, 36.530265915293803 ], [ -121.296963907629006, 36.5305119153508 ], [ -121.296817908405004, 36.530728915302703 ], [ -121.296606908265005, 36.530988915619098 ], [ -121.296655908196001, 36.531401915549999 ], [ -121.296671908644996, 36.531546915406302 ], [ -121.296697908723004, 36.531736915306404 ], [ -121.296758908528005, 36.532143915974999 ], [ -121.296784907819998, 36.532316916065902 ], [ -121.297188908300996, 36.532601915704902 ], [ -121.298025908517005, 36.532833915958697 ], [ -121.298258908711006, 36.532939916125301 ], [ -121.298518908784004, 36.533060915670802 ], [ -121.298599908240007, 36.5335499157447 ], [ -121.298566908859996, 36.533694915434403 ], [ -121.298489908628, 36.534043915338998 ], [ -121.298721909220006, 36.534667915868603 ], [ -121.299224909060996, 36.5351959158113 ], [ -121.299677909417994, 36.535453915413399 ], [ -121.299997908929996, 36.535909916204702 ], [ -121.300138909127995, 36.536399916282001 ], [ -121.300038909717998, 36.536765916204502 ], [ -121.300107909391002, 36.5369109161255 ], [ -121.300229909449996, 36.537040916064001 ], [ -121.300486909450001, 36.537073915491 ], [ -121.300682909608994, 36.537141915836997 ], [ -121.300763909143001, 36.537168916161299 ], [ -121.30081590943, 36.5371849158972 ], [ -121.300873909356994, 36.537227915627398 ], [ -121.300924909418001, 36.537268916021297 ], [ -121.301063909972001, 36.5374359160094 ], [ -121.301162909921004, 36.537604916313299 ], [ -121.301183909372, 36.5376409158171 ], [ -121.301308909884995, 36.537842916074702 ], [ -121.301373909659006, 36.538187915686102 ], [ -121.301373909448003, 36.538483915807703 ], [ -121.301372909676999, 36.538885915822902 ], [ -121.301572909301001, 36.539247915617601 ], [ -121.301789909644, 36.539331915597103 ], [ -121.302305909485995, 36.539529916083701 ], [ -121.303294910378995, 36.539603915922903 ], [ -121.303795909727, 36.539985916076297 ], [ -121.304105909973003, 36.5400889162391 ], [ -121.304501910609005, 36.540434915608401 ], [ -121.305157910130006, 36.540748916361601 ], [ -121.305793910570998, 36.541351915739398 ], [ -121.306588911145994, 36.542261915709702 ], [ -121.306658910639996, 36.542615916116198 ], [ -121.306700911201006, 36.542814916053501 ], [ -121.307044911301006, 36.543036916442702 ], [ -121.307547911114, 36.543158916326497 ], [ -121.307879911594, 36.543331916273502 ], [ -121.308042911412002, 36.543899915660397 ], [ -121.307916911264996, 36.544507916327603 ], [ -121.307756911609999, 36.544969915984801 ], [ -121.307957911418001, 36.545571916411397 ], [ -121.308717912074002, 36.545972916314 ], [ -121.309308911935005, 36.5459969164352 ], [ -121.309735912231005, 36.5459019158912 ], [ -121.310054911332998, 36.545905915979397 ], [ -121.310640911882999, 36.546419915685199 ], [ -121.310777911960997, 36.546541916412501 ], [ -121.310687912366006, 36.546968916415302 ], [ -121.310903912008001, 36.547281916105703 ], [ -121.311189911618996, 36.547534915710401 ], [ -121.311694912663995, 36.548253916181601 ], [ -121.312131912385993, 36.548660916377699 ], [ -121.312519912434993, 36.549023916542303 ], [ -121.312616912047005, 36.5491089166335 ], [ -121.312937913078002, 36.549389915758901 ], [ -121.313045912142002, 36.549492915837497 ], [ -121.313488912544997, 36.5499219165741 ], [ -121.313979912389001, 36.549972915867201 ], [ -121.314635913093994, 36.549866915979798 ], [ -121.316137913343994, 36.5494839163945 ], [ -121.316507912613005, 36.549518916153097 ], [ -121.316842913377997, 36.549698916275297 ], [ -121.317227913341, 36.550052915567697 ], [ -121.317609913832996, 36.550485916142598 ], [ -121.318063913093994, 36.550705915721302 ], [ -121.318423913667999, 36.550685915752702 ], [ -121.318759913402005, 36.550962915960397 ], [ -121.318888913831003, 36.551410915550697 ], [ -121.319267913369004, 36.551825915842599 ], [ -121.320319914150005, 36.552378915818402 ], [ -121.320662914395001, 36.552557915712001 ], [ -121.321457914186993, 36.552812916071801 ], [ -121.322043914114005, 36.552829915612001 ], [ -121.323038913982003, 36.552855916030403 ], [ -121.323475915033995, 36.553011915706399 ], [ -121.323773914870998, 36.553118916161502 ], [ -121.323801914506006, 36.553123916187097 ], [ -121.323936914178006, 36.553152915369203 ], [ -121.324424915158005, 36.553248915650499 ], [ -121.324947914644994, 36.5533529159 ], [ -121.325559914598003, 36.553401915250703 ], [ -121.326000914621005, 36.553507916123102 ], [ -121.326417915153996, 36.5538009152394 ], [ -121.326736915390995, 36.554222915940997 ], [ -121.327142914825004, 36.5544519152565 ], [ -121.327710915631997, 36.554492915243699 ], [ -121.328295915363, 36.554564915905701 ], [ -121.328709915828995, 36.554744915550501 ], [ -121.329154916186994, 36.555447915691197 ], [ -121.329155916171004, 36.555796915589198 ], [ -121.329155915933001, 36.555940916047803 ], [ -121.329317916351997, 36.556703915662403 ], [ -121.329355916262003, 36.5568749159766 ], [ -121.329409916386993, 36.557258915608003 ], [ -121.329447915819998, 36.557529915695497 ], [ -121.329602916320994, 36.557761916205699 ], [ -121.329768915795995, 36.558011915380099 ], [ -121.329646916363998, 36.558400915745302 ], [ -121.329575916579003, 36.5587259160055 ], [ -121.329483915702994, 36.559148915573203 ], [ -121.329511915694994, 36.559575916396199 ], [ -121.329526915816999, 36.559795916183802 ], [ -121.329387916469997, 36.560079915980701 ], [ -121.329152915671997, 36.560371916089998 ], [ -121.328797915709004, 36.560717915841401 ], [ -121.328695916045007, 36.561129915758698 ], [ -121.328891916803997, 36.561464916226903 ], [ -121.329275916097004, 36.561521915752003 ], [ -121.329720916252995, 36.561599916019503 ], [ -121.329810916748002, 36.561610916479097 ], [ -121.329847916573001, 36.561603916235299 ], [ -121.330024916987995, 36.561652915979501 ], [ -121.3306249165, 36.561758916125697 ], [ -121.331722916269001, 36.561950916118903 ], [ -121.332028916336, 36.562164916319396 ], [ -121.331885916993002, 36.562528916094102 ], [ -121.331481916444005, 36.562905916119099 ], [ -121.331208916508999, 36.563159915780602 ], [ -121.331087916732997, 36.563255916396699 ], [ -121.330785916580993, 36.563495916154601 ], [ -121.330661916558, 36.563737916262298 ], [ -121.330666916541006, 36.564029916204298 ], [ -121.330671916895, 36.564223916753697 ], [ -121.330777916857997, 36.564503916518198 ], [ -121.330812917413994, 36.5646099161699 ], [ -121.330825917154002, 36.564653916431098 ], [ -121.330849916355007, 36.5647829160703 ], [ -121.330880916862995, 36.564883916066201 ], [ -121.330942917328002, 36.565081916236103 ], [ -121.330959916891999, 36.565138916638197 ], [ -121.331408917285998, 36.565439915986303 ], [ -121.331647916750001, 36.565926916387497 ], [ -121.331668917342995, 36.566435916766402 ], [ -121.331615917449994, 36.566779916179598 ], [ -121.331633917494003, 36.566876916608798 ], [ -121.331622917192007, 36.567118916290198 ], [ -121.331597917367006, 36.567218916184302 ], [ -121.331601917499995, 36.5672759169044 ], [ -121.331589916810003, 36.567439916919803 ], [ -121.331572916976995, 36.567842917040402 ], [ -121.331814917310993, 36.568253916963897 ], [ -121.331562917778996, 36.568489916997002 ], [ -121.331394917367007, 36.568589916778102 ], [ -121.331142917275997, 36.568860917112097 ], [ -121.331184917797003, 36.569195916989202 ], [ -121.331431917912994, 36.569364916635102 ], [ -121.331432917925994, 36.569703916929299 ], [ -121.331138917559002, 36.570006916928598 ], [ -121.331191917599, 36.570229916837803 ], [ -121.331260917623993, 36.570508917079401 ], [ -121.331761918142007, 36.5708809170726 ], [ -121.332539918351003, 36.571111917135099 ], [ -121.332936918404002, 36.5713099171317 ], [ -121.333196917894995, 36.571436917006501 ], [ -121.333317918191, 36.571539916906303 ], [ -121.333490918077999, 36.571683916559699 ], [ -121.333559917727996, 36.572107916496797 ], [ -121.333522918428002, 36.572194916624902 ], [ -121.333421917883996, 36.5724399164529 ], [ -121.333371917779999, 36.572649916827203 ], [ -121.333313917707997, 36.572922916994301 ], [ -121.333289917724002, 36.5730379168957 ], [ -121.333476918360006, 36.573343916948403 ], [ -121.333573918669003, 36.573420917300403 ], [ -121.333562918062, 36.573928917198998 ], [ -121.333932918106996, 36.574408917222598 ], [ -121.333126918781005, 36.574750917091102 ], [ -121.332791918679007, 36.574919917182001 ], [ -121.332329917928007, 36.575357917454298 ], [ -121.331867918566999, 36.575863916934203 ], [ -121.331406917913995, 36.576234917579697 ], [ -121.331113917915999, 36.576301916937801 ], [ -121.330485917633993, 36.576369917239802 ], [ -121.329816917906001, 36.576471917531997 ], [ -121.329517918440999, 36.576514917938802 ], [ -121.328644918267997, 36.576641917226503 ], [ -121.327975917678998, 36.576608917272203 ], [ -121.327306917311006, 36.576508917625198 ], [ -121.326136917699003, 36.576408918063599 ], [ -121.325884917566, 36.576510917616602 ], [ -121.325797917505994, 36.576557917674599 ], [ -121.325260917502007, 36.576849917471499 ], [ -121.325173917257999, 36.576965917816302 ], [ -121.325094916744007, 36.577069917520397 ], [ -121.324678917232006, 36.577228917516301 ], [ -121.324190917164003, 36.577291917618403 ], [ -121.323853917633002, 36.577377917856403 ], [ -121.323663917233006, 36.577468917862198 ], [ -121.323535917095001, 36.577558917558299 ], [ -121.323482916733994, 36.577873918155497 ], [ -121.323853917660003, 36.578475918462701 ], [ -121.324341917127001, 36.579263917698398 ], [ -121.324545918043, 36.579553918230403 ], [ -121.324647917318998, 36.579695918324397 ], [ -121.324907918137995, 36.580066918389001 ], [ -121.325002917735006, 36.580198917924903 ], [ -121.325306917945994, 36.580380917966004 ], [ -121.325726918173004, 36.580455918359903 ], [ -121.326086918190995, 36.580459918379702 ], [ -121.326240917587995, 36.580600918328201 ], [ -121.326294917515, 36.580761918446797 ], [ -121.326070917764994, 36.581119918470598 ], [ -121.325994918201005, 36.581242917856599 ], [ -121.325602917797994, 36.581601918249397 ], [ -121.325239918063005, 36.581933918171899 ], [ -121.325101918361, 36.582060918712799 ], [ -121.325004918161, 36.582183918253897 ], [ -121.324981918280002, 36.582296918679504 ], [ -121.324950917682997, 36.582457918685897 ], [ -121.325060918123, 36.582663918439202 ], [ -121.325152918122001, 36.582836918198502 ], [ -121.325252918353002, 36.583024917946098 ], [ -121.325324917737007, 36.583580918876699 ], [ -121.325346917735004, 36.583750918010601 ], [ -121.325501917560004, 36.583948918747602 ], [ -121.325784917655, 36.584019918818903 ], [ -121.326734917848, 36.5839649186196 ], [ -121.327031918231, 36.583967917913 ], [ -121.327245918729005, 36.584181918155799 ], [ -121.327265918601, 36.585032918818598 ], [ -121.327271919002001, 36.585287918349799 ], [ -121.327362918478002, 36.585890918688001 ], [ -121.327189918721004, 36.586252918445197 ], [ -121.327066918141995, 36.586506919018497 ], [ -121.326751918986005, 36.586745918416199 ], [ -121.326336918953004, 36.5868669185461 ], [ -121.325896918374994, 36.586942918666203 ], [ -121.325598918113002, 36.587002918342797 ], [ -121.325494918271005, 36.587125918677501 ], [ -121.325304918339995, 36.587347918558997 ], [ -121.325248918040003, 36.587663919187101 ], [ -121.324960917962997, 36.587845918739703 ], [ -121.324689918469005, 36.588016918643604 ], [ -121.324381918355002, 36.588173919331197 ], [ -121.324237918069997, 36.5884409191301 ], [ -121.324300918974004, 36.589082918610202 ], [ -121.324327918910001, 36.589358918648799 ], [ -121.324264918237006, 36.589697919038599 ], [ -121.324228918830002, 36.589890918898398 ], [ -121.324218919027999, 36.590061919489301 ], [ -121.324206918634999, 36.590256919079401 ], [ -121.324325918252001, 36.590502919232001 ], [ -121.324404919098995, 36.590663918779804 ], [ -121.324672918724005, 36.590878919446602 ], [ -121.324781918607002, 36.590965918924603 ], [ -121.324865918355002, 36.591130919531601 ], [ -121.325043919101006, 36.591470919022797 ], [ -121.325146918909994, 36.591669919382603 ], [ -121.325214918848999, 36.592000919068703 ], [ -121.325324918991001, 36.592530919262799 ], [ -121.325236919546995, 36.593085918858598 ], [ -121.325081919547003, 36.593373919144398 ], [ -121.325061919278994, 36.593838919367002 ], [ -121.325147919597001, 36.594516919591499 ], [ -121.325181919694003, 36.595168919193902 ], [ -121.325143918969999, 36.596201919146999 ], [ -121.324718918909994, 36.596948919991299 ], [ -121.324772919360001, 36.597593919453402 ], [ -121.325010919730005, 36.598444919831699 ], [ -121.324655918988, 36.599134919598697 ], [ -121.324261919809999, 36.599914920244998 ], [ -121.323987920055004, 36.6006439204073 ], [ -121.323901919880001, 36.601789920395397 ], [ -121.323793920081002, 36.602371919981302 ], [ -121.323542919725995, 36.602675920037903 ], [ -121.323367919714997, 36.602764920663702 ], [ -121.322659919653006, 36.603124920353601 ], [ -121.322669919597004, 36.603208920756302 ], [ -121.322682919296994, 36.603322920022201 ], [ -121.322375920064999, 36.603890920236203 ], [ -121.322110920008996, 36.6041369205603 ], [ -121.321566919955004, 36.604304920204697 ], [ -121.320586919959993, 36.6042459210407 ], [ -121.320067919, 36.604253920696301 ], [ -121.319750919265005, 36.604257920516098 ], [ -121.319294919423996, 36.6043589209144 ], [ -121.319085919266996, 36.604403920724202 ], [ -121.318947918942001, 36.604582920570103 ], [ -121.318723918973006, 36.6048589211806 ], [ -121.319103919886999, 36.605844920443502 ], [ -121.319427919850995, 36.606178920532201 ], [ -121.319681919030998, 36.606532920867103 ], [ -121.319362919642003, 36.606976920600601 ], [ -121.319323919748996, 36.607030921124 ], [ -121.318844919534996, 36.607613920891197 ], [ -121.318417919585002, 36.608248921048698 ], [ -121.318465919172993, 36.608409920978197 ], [ -121.318515919080994, 36.6085719213293 ], [ -121.318616919910994, 36.608737921076496 ], [ -121.318856919850006, 36.609130921376298 ], [ -121.318716919466993, 36.609614920973897 ], [ -121.318450919442995, 36.609821921202702 ], [ -121.318385919812002, 36.610030921086199 ], [ -121.318701920044006, 36.610332921218003 ], [ -121.318950920258999, 36.610480921008502 ], [ -121.319080919414006, 36.6105569212503 ], [ -121.321687920363004, 36.612017921268396 ], [ -121.322371920419002, 36.612263921491703 ], [ -121.322937920357006, 36.612468921327 ], [ -121.323111921109998, 36.612532921598202 ], [ -121.323835920487994, 36.613308921178501 ], [ -121.324030920602993, 36.613862920969503 ], [ -121.324474921386994, 36.614630921039698 ], [ -121.325073921547002, 36.615106921594901 ], [ -121.325349921252993, 36.615337921354602 ], [ -121.325470921451, 36.6155819213649 ], [ -121.325582921751007, 36.615817921647903 ], [ -121.326277921121005, 36.616171921763197 ], [ -121.327005921278001, 36.616841921400997 ], [ -121.327876922366002, 36.6174489209371 ], [ -121.328111921944, 36.617679921613998 ], [ -121.328658921808994, 36.617969921612001 ], [ -121.329144922569, 36.618237921002297 ], [ -121.329534922586006, 36.618707921666498 ], [ -121.329826922901006, 36.619243921753302 ], [ -121.329903922270006, 36.619589921793697 ], [ -121.330343922826998, 36.620050921648698 ], [ -121.330867922869999, 36.620205921217902 ], [ -121.331271922447996, 36.620376921505198 ], [ -121.331445923355005, 36.620382920936898 ], [ -121.331792923368994, 36.620393920902799 ], [ -121.331981922489007, 36.620342921465898 ], [ -121.332259923223006, 36.620362921528702 ], [ -121.332586923273993, 36.620607921257502 ], [ -121.332785923128995, 36.621006921637502 ], [ -121.333031922714, 36.621255921454903 ], [ -121.333296922979002, 36.621462921015997 ], [ -121.333811923257997, 36.621980921618302 ], [ -121.334078923757005, 36.622261921688398 ], [ -121.334430922945003, 36.622627920914503 ], [ -121.334807923385, 36.622938921471501 ], [ -121.335259923825006, 36.623480921717203 ], [ -121.335422924105998, 36.623543921282 ], [ -121.335616923581, 36.623653921628403 ], [ -121.335796924093998, 36.623754921043599 ], [ -121.335880923434999, 36.623875921134797 ], [ -121.335748924347001, 36.624256921388699 ], [ -121.335786923712007, 36.624690921379397 ], [ -121.335839923549003, 36.624964921046598 ], [ -121.336448924619006, 36.625614921645401 ], [ -121.337166924011996, 36.626423921277002 ], [ -121.337439924853001, 36.627016921374597 ], [ -121.338051924756002, 36.627546921512398 ], [ -121.338243925173998, 36.627967921795801 ], [ -121.338412925114, 36.628397921796903 ], [ -121.338940924968995, 36.628800921786201 ], [ -121.339960925301995, 36.629189921705702 ], [ -121.340688924765999, 36.630068921987601 ], [ -121.341370925321996, 36.630813921288002 ], [ -121.341636924959005, 36.631092921766196 ], [ -121.341879925087994, 36.6312089219835 ], [ -121.342101925490994, 36.631358922049202 ], [ -121.342129926189003, 36.631594921863801 ], [ -121.342082925864005, 36.632083921433903 ], [ -121.341913925211003, 36.632332922078298 ], [ -121.341791925920006, 36.632510921825201 ], [ -121.341653925187998, 36.632806921488502 ], [ -121.341612926156003, 36.632890922116601 ], [ -121.341618925812995, 36.633120921574204 ], [ -121.341622925593995, 36.633311921725301 ], [ -121.342459926424993, 36.634080921387898 ], [ -121.343385926050004, 36.635138921706599 ], [ -121.343492926463, 36.635419922273798 ], [ -121.343412926059003, 36.635765921890602 ], [ -121.343147926632, 36.636319921618004 ], [ -121.343136926246004, 36.6367549217128 ], [ -121.342983926222999, 36.637001922237303 ], [ -121.342722926177998, 36.637309922264201 ], [ -121.342506926637995, 36.637561921716397 ], [ -121.342251925851997, 36.637730922089901 ], [ -121.341897926787993, 36.63787192225 ], [ -121.341598926531006, 36.638013921911003 ], [ -121.341636925811997, 36.638342922396802 ], [ -121.341808926149994, 36.638499922211899 ], [ -121.341933926316997, 36.638613922046297 ], [ -121.342095925989994, 36.639070922474303 ], [ -121.342326926712005, 36.6395279220148 ], [ -121.343055927150999, 36.639935921916504 ], [ -121.343442926530003, 36.640228922277103 ], [ -121.343936926645, 36.6404059226141 ], [ -121.344655927416994, 36.640806922376903 ], [ -121.345001926563, 36.641043921893598 ], [ -121.345406927137006, 36.641270922048001 ], [ -121.345748927719001, 36.641362921838997 ], [ -121.345817927238002, 36.6417569226764 ], [ -121.346203927184007, 36.642000922605497 ], [ -121.346305927238006, 36.642499922575098 ], [ -121.346486927075006, 36.6429249227727 ], [ -121.346602927378996, 36.643156922148101 ], [ -121.346901927323003, 36.643127922607199 ], [ -121.347686927808994, 36.642970922036902 ], [ -121.348472928007993, 36.642869922237999 ], [ -121.349024928128998, 36.642949921909299 ], [ -121.349482928249998, 36.643305921817799 ], [ -121.349834928554003, 36.643800922385097 ], [ -121.349915928317003, 36.644226922484002 ], [ -121.349866928650997, 36.644679922150502 ], [ -121.349799928306993, 36.645196922474298 ], [ -121.349919928217005, 36.645605922623098 ], [ -121.350196928233004, 36.645876922781099 ], [ -121.350518928393996, 36.645967922759901 ], [ -121.350683928668005, 36.646175922200896 ], [ -121.350580928607997, 36.646450922325101 ], [ -121.350429929035002, 36.6468169222263 ], [ -121.350261928677995, 36.647270922315499 ], [ -121.350240928356001, 36.647625922811102 ], [ -121.350227928690003, 36.647900922338799 ], [ -121.350123929019006, 36.648168922862503 ], [ -121.350104928754007, 36.648361922269302 ], [ -121.350127928773006, 36.6483699225465 ], [ -121.350603929097005, 36.648556922168197 ], [ -121.350882928833997, 36.648519922198197 ], [ -121.351364928720997, 36.648205922601598 ], [ -121.352143928844001, 36.647753921947199 ], [ -121.352527929063001, 36.647646922190098 ], [ -121.352981929395995, 36.647877922361801 ], [ -121.353022929155998, 36.648360922634701 ], [ -121.353020928725996, 36.6489899222952 ], [ -121.353184928876999, 36.649461922516402 ], [ -121.354101929101006, 36.649624922844197 ], [ -121.354888929268, 36.649449922709998 ], [ -121.355535929216998, 36.6496949220357 ], [ -121.356411929624997, 36.650128922488499 ], [ -121.357501930351006, 36.650814922421098 ], [ -121.359521931057003, 36.652813922615103 ], [ -121.359567931095, 36.652836922154599 ], [ -121.359749930324995, 36.652925922740302 ], [ -121.360092930742994, 36.653097922360097 ], [ -121.360130931168001, 36.653118922019203 ], [ -121.360163930788005, 36.653132922607 ], [ -121.361456930868002, 36.653775922030803 ], [ -121.361531930978003, 36.653931921932497 ], [ -121.361572931067997, 36.6540179219338 ], [ -121.361622931065995, 36.654121922428899 ], [ -121.361777931223003, 36.6542149220626 ], [ -121.362059930545001, 36.654381922157299 ], [ -121.362811931357996, 36.654538922321301 ], [ -121.362834931578007, 36.654547922620701 ], [ -121.362902931345999, 36.654572922262602 ], [ -121.363162930928993, 36.654670921873901 ], [ -121.363329931094, 36.654733922545198 ], [ -121.363425931438002, 36.654770922155002 ], [ -121.363780931473997, 36.6549829218919 ], [ -121.364182931817993, 36.655066921831398 ], [ -121.364530932125007, 36.655390922390502 ], [ -121.364816932104006, 36.655652921992498 ], [ -121.365060931507998, 36.655817922470199 ], [ -121.365531932177007, 36.655884921761299 ], [ -121.365902931554004, 36.655862921819804 ], [ -121.366138931600005, 36.656124922064997 ], [ -121.366175931661004, 36.6563899220777 ], [ -121.366260932133002, 36.656614922210203 ], [ -121.366539932042997, 36.656562921804898 ], [ -121.367028931543004, 36.656570922295003 ], [ -121.367450931589005, 36.656644921736202 ], [ -121.367679932588999, 36.656684922570498 ], [ -121.367822932126998, 36.656692922453303 ], [ -121.367943931889997, 36.656731922454902 ], [ -121.368042932015001, 36.656748922090898 ], [ -121.368706932357, 36.656560922036 ], [ -121.369199932816997, 36.656230921890597 ], [ -121.369593932160001, 36.656014921882203 ], [ -121.369879932911999, 36.655954921725197 ], [ -121.370089931991004, 36.655910921602903 ], [ -121.370664932349996, 36.6557239222183 ], [ -121.371176932476004, 36.6554339220556 ], [ -121.371669932570995, 36.6555799215867 ], [ -121.371841932560997, 36.655596922025197 ], [ -121.371863932609003, 36.655612921442902 ], [ -121.372035933267995, 36.655650922072198 ], [ -121.372282932868998, 36.655698921388797 ], [ -121.372909933029007, 36.655624921813001 ], [ -121.373435933370999, 36.655470921633999 ], [ -121.374014932709997, 36.655215921662602 ], [ -121.374097933067006, 36.655178921811199 ], [ -121.374654932854, 36.654920921417201 ], [ -121.374837932977997, 36.654835921263803 ], [ -121.375459932918005, 36.654551921545902 ], [ -121.376057933634002, 36.654279921299199 ], [ -121.376572933709994, 36.6537079216344 ], [ -121.376623933806002, 36.653651921527 ], [ -121.376773933072997, 36.653494921087699 ], [ -121.377072933497999, 36.653181921197699 ], [ -121.377075933651994, 36.653152920735202 ], [ -121.377111933044006, 36.6531569209127 ], [ -121.377268933357001, 36.653101921495498 ], [ -121.377306932899003, 36.653068920762401 ], [ -121.377460933779005, 36.653033921319398 ], [ -121.377689932915004, 36.652951921175898 ], [ -121.378346933008004, 36.652865920964402 ], [ -121.378950933211001, 36.653006921046902 ], [ -121.379170933257001, 36.653300921157999 ], [ -121.379243934138998, 36.6533589207286 ], [ -121.379447933357994, 36.6535209209679 ], [ -121.379740933275997, 36.653619920618802 ], [ -121.380149933881995, 36.6535959209181 ], [ -121.380507934090005, 36.653845921207299 ], [ -121.380733934375996, 36.654035921051701 ], [ -121.381142934158007, 36.654010920978898 ], [ -121.381404933612004, 36.653771921266298 ], [ -121.381919933917999, 36.653639920997698 ], [ -121.382509933796996, 36.653627920411097 ], [ -121.382776934719004, 36.653557920835702 ], [ -121.383182934326001, 36.6534279204513 ], [ -121.383596934428994, 36.6532739211628 ], [ -121.384092934817005, 36.653457920833503 ], [ -121.384243933912003, 36.653785920941502 ], [ -121.384920934863999, 36.654005920674301 ], [ -121.385249934331995, 36.654595921026001 ], [ -121.385536935049004, 36.654807920943597 ], [ -121.386119934429004, 36.654908920807202 ], [ -121.386523935241001, 36.654755920261003 ], [ -121.387036935444002, 36.654534920789203 ], [ -121.387399934865002, 36.654648920851898 ], [ -121.387773935363995, 36.654753920922403 ], [ -121.388379934821003, 36.654636920461201 ], [ -121.388861935807, 36.654997920134797 ], [ -121.389250935638998, 36.655271920400502 ], [ -121.389668935768995, 36.655513920892901 ], [ -121.390041935661998, 36.655618920518798 ], [ -121.390458935270999, 36.655537920117602 ], [ -121.39058693538, 36.6551799201672 ], [ -121.390827935733, 36.654908919983299 ], [ -121.391149935833994, 36.654659920610598 ], [ -121.392049935470993, 36.6546819200993 ], [ -121.392651935402995, 36.654757920144 ], [ -121.393066935706003, 36.654910920316198 ], [ -121.393249936255003, 36.655011920231402 ], [ -121.393423936152004, 36.655121920604699 ], [ -121.393631936185997, 36.655068920380899 ], [ -121.393874936510002, 36.654869919880198 ], [ -121.394128935772997, 36.654993920235903 ], [ -121.394436936023993, 36.655245919922002 ], [ -121.394681935673006, 36.655377920193501 ], [ -121.395020935941005, 36.655362920605 ], [ -121.395248935894003, 36.655309920369 ], [ -121.395599936897, 36.65534292001 ], [ -121.395872936860002, 36.655433920540801 ], [ -121.395924936319005, 36.655819919744999 ], [ -121.396004935952007, 36.656116920102697 ], [ -121.396245936854001, 36.656450920283 ], [ -121.396265936806998, 36.656749920164501 ], [ -121.396639936311999, 36.656894919848398 ], [ -121.398923937508002, 36.657032919702303 ], [ -121.399214937113001, 36.6567609200468 ], [ -121.399493936992002, 36.6567549197758 ], [ -121.399633936672998, 36.656453920098599 ], [ -121.399943936658005, 36.656140920250003 ], [ -121.400513937672002, 36.655853919399703 ], [ -121.401077936812996, 36.655680920227397 ], [ -121.401543937767997, 36.655550920012899 ], [ -121.401958937225999, 36.655428919678798 ], [ -121.402498937291995, 36.6554179200687 ], [ -121.403037937180997, 36.655397919868598 ], [ -121.403640938101006, 36.655514919145702 ], [ -121.404019937520005, 36.655773919374198 ], [ -121.404105937313005, 36.655964919788602 ], [ -121.404299937467002, 36.6560989192796 ], [ -121.404642938172998, 36.655889919753001 ], [ -121.40515693767, 36.6557179198903 ], [ -121.405927938505002, 36.655749919456397 ], [ -121.407005938083003, 36.656039919653999 ], [ -121.407768938809994, 36.656361919024299 ], [ -121.408358938790002, 36.6566639193369 ], [ -121.408407938184993, 36.657043919728103 ], [ -121.408464938750996, 36.657493918987399 ], [ -121.408545938729006, 36.657800919594202 ], [ -121.408879938322997, 36.6580119193614 ], [ -121.409312939024005, 36.658333919851998 ], [ -121.409400938757003, 36.658584919643999 ], [ -121.409588938417997, 36.659126919887299 ], [ -121.409717939180993, 36.6597289193395 ], [ -121.409835939418997, 36.659968919153002 ], [ -121.409714938584003, 36.6602929195965 ], [ -121.409644939290999, 36.6604799198428 ], [ -121.409387939335005, 36.6609059196497 ], [ -121.409246939409002, 36.661166919752901 ], [ -121.409324938642996, 36.6613349195461 ], [ -121.409406939337998, 36.661509919448498 ], [ -121.410249939175998, 36.662204919889398 ], [ -121.410910939022997, 36.662820919717902 ], [ -121.411436939178998, 36.663616919982402 ], [ -121.411787939224993, 36.664270919602799 ], [ -121.412066939433004, 36.664854920277598 ], [ -121.412153939663995, 36.665368919880102 ], [ -121.411977940232006, 36.665776920216203 ], [ -121.411776939449993, 36.666038920027901 ], [ -121.411790939534001, 36.666474919648799 ], [ -121.412050940165003, 36.666767919716897 ], [ -121.412439940325996, 36.667065920345003 ], [ -121.412900939726995, 36.667387919745003 ], [ -121.413237940775005, 36.667912919638098 ], [ -121.413374940875002, 36.668119919781098 ], [ -121.413306940374, 36.668468919915803 ], [ -121.413229940321997, 36.668881919987001 ], [ -121.413510940322993, 36.669513919830798 ], [ -121.413781940619998, 36.6701459205064 ], [ -121.414102940594006, 36.670768920008904 ], [ -121.414502940842993, 36.671090920290403 ], [ -121.414590940772996, 36.671331919899401 ], [ -121.414522940987993, 36.6716879204807 ], [ -121.414857941402005, 36.672463920436897 ], [ -121.415547940920007, 36.673062920592301 ], [ -121.416121941884995, 36.673195920042502 ], [ -121.416738941101002, 36.673174920300099 ], [ -121.417495941235998, 36.673312920020798 ], [ -121.418208942220005, 36.673402919935299 ], [ -121.418856941496003, 36.673389920051001 ], [ -121.419454941728006, 36.673225920016201 ], [ -121.419541941960006, 36.6731999198445 ], [ -121.419887941499994, 36.673093920012199 ], [ -121.420371942301003, 36.673447919911901 ], [ -121.420878941804006, 36.673679919849803 ], [ -121.421150942039006, 36.673816919851902 ], [ -121.421551942039002, 36.673873919981503 ], [ -121.421843942693997, 36.673915919801601 ], [ -121.422231942536996, 36.674432919760797 ], [ -121.422855942769999, 36.674564919857801 ], [ -121.423254942770001, 36.674588919667499 ], [ -121.423439942664999, 36.674512920099303 ], [ -121.423529942344999, 36.674474919654401 ], [ -121.423697942274998, 36.674375919883097 ], [ -121.423871942668001, 36.674339919828299 ], [ -121.423916942877, 36.674474919722797 ], [ -121.424010942449002, 36.674751920101002 ], [ -121.424124942299002, 36.674980919557498 ], [ -121.425403943339006, 36.675163919808298 ], [ -121.426216942983004, 36.675589919562697 ], [ -121.426762943282995, 36.675959919876099 ], [ -121.427551943283007, 36.676540919892403 ], [ -121.428342943147001, 36.676959920045398 ], [ -121.428771943334993, 36.677387920199898 ], [ -121.429194944347003, 36.677618919671303 ], [ -121.429556944230001, 36.677659919802601 ], [ -121.429866943605006, 36.677604919924697 ], [ -121.430055943732995, 36.6778849194651 ], [ -121.431050944128003, 36.678646919587102 ], [ -121.431583944501, 36.678732920125498 ], [ -121.432343944604, 36.6783399197435 ], [ -121.432712944973005, 36.678125919171599 ], [ -121.432823944413002, 36.677858919944299 ], [ -121.433242944886999, 36.677809919822103 ], [ -121.434011944977996, 36.677825919938499 ], [ -121.435907944429999, 36.677373919535299 ], [ -121.436496945334, 36.677029919523498 ], [ -121.436731944635, 36.676614918862903 ], [ -121.436778944693998, 36.6763779195363 ], [ -121.436808944494999, 36.676225918897302 ], [ -121.436852945173001, 36.676200919382303 ], [ -121.437524944521002, 36.675819919038801 ], [ -121.437926944519006, 36.675597918634601 ], [ -121.438616945410004, 36.675681918681903 ], [ -121.438716945099003, 36.675692919031199 ], [ -121.438922945512005, 36.675709918813901 ], [ -121.439055945700005, 36.675727918840401 ], [ -121.439239945677002, 36.675747918509401 ], [ -121.439793945657996, 36.675558918858499 ], [ -121.440204945627997, 36.675256918737901 ], [ -121.440323945078006, 36.675015918752102 ], [ -121.440389945809997, 36.674875918753102 ], [ -121.440477945720005, 36.674692918642997 ], [ -121.440838945804003, 36.674162918890701 ], [ -121.441117945296995, 36.674016918734203 ], [ -121.441171944901996, 36.673986918740397 ], [ -121.441266944909998, 36.673963918262601 ], [ -121.441848945543995, 36.673826918292299 ], [ -121.442276945718007, 36.673510918475003 ], [ -121.442830945180006, 36.673353918310703 ], [ -121.443464945070005, 36.673130918275398 ], [ -121.444345946048998, 36.673152918785902 ], [ -121.445554946456994, 36.6734579186719 ], [ -121.446125946066005, 36.6737769184355 ], [ -121.446408946692003, 36.674212918413197 ], [ -121.446675946512002, 36.674669917957097 ], [ -121.447004945811997, 36.674991918133102 ], [ -121.447303946139002, 36.675489918496197 ], [ -121.447433946719997, 36.675831918536304 ], [ -121.447982946766999, 36.676384918071399 ], [ -121.448553947115997, 36.677002918667 ], [ -121.449333947202007, 36.677922918439002 ], [ -121.449440947306996, 36.678412918496399 ], [ -121.449542947097996, 36.678765918184901 ], [ -121.449968947504004, 36.678949918573998 ], [ -121.450497947575002, 36.679221918229302 ], [ -121.450991947801, 36.679662918570301 ], [ -121.451511947523002, 36.679942918333701 ], [ -121.452020947394999, 36.6799159184906 ], [ -121.452759947630994, 36.679883918441398 ], [ -121.453222947938002, 36.679986918214198 ], [ -121.453538947305006, 36.679867918440998 ], [ -121.453750948136005, 36.679935918365103 ], [ -121.454040948444003, 36.680243918363303 ], [ -121.454268948440003, 36.680457918705201 ], [ -121.454539948494002, 36.680499918245403 ], [ -121.454845948327005, 36.680678918013299 ], [ -121.454818947899, 36.681074918337302 ], [ -121.454800948571005, 36.681438918298397 ], [ -121.455333948795001, 36.681822918046102 ], [ -121.455868948811002, 36.681956918660099 ], [ -121.456507948422995, 36.681943918033298 ], [ -121.456848948303005, 36.681968918591402 ], [ -121.457114949076995, 36.682132917900098 ], [ -121.457045949193002, 36.682464918599301 ], [ -121.457313948853994, 36.682700917965398 ], [ -121.457613949065006, 36.6830019180668 ], [ -121.457694948615, 36.6833229181048 ], [ -121.457839949068997, 36.6834179185621 ], [ -121.458113948508995, 36.683596918216303 ], [ -121.458436948914994, 36.684000918327001 ], [ -121.458671949476994, 36.684423918301299 ], [ -121.458570949329996, 36.684700918892901 ], [ -121.458760949044006, 36.684986918684501 ], [ -121.458928948765006, 36.685241918459099 ], [ -121.458974949368994, 36.685724918549198 ], [ -121.459769949432996, 36.685853918784296 ], [ -121.460039948943006, 36.685855918345702 ], [ -121.460342949950004, 36.685921918252099 ], [ -121.460686949545007, 36.686350918903202 ], [ -121.460968950028004, 36.686691918658703 ], [ -121.461513949605006, 36.686542918670803 ], [ -121.461753950119004, 36.686263918009502 ], [ -121.461791949388996, 36.685907918095701 ], [ -121.462458949888003, 36.685529918330097 ], [ -121.462987949890007, 36.685187918609003 ], [ -121.463811950242004, 36.685016918549103 ], [ -121.464440949977998, 36.684995917869998 ], [ -121.464966950584, 36.684871918343099 ], [ -121.465441949831003, 36.684731917891902 ], [ -121.465896950108998, 36.684867918049903 ], [ -121.466325950482002, 36.685148917529098 ], [ -121.466768950588005, 36.685244917890699 ], [ -121.467293950300999, 36.685079917711001 ], [ -121.467696950805006, 36.685176918247599 ], [ -121.468098950452998, 36.685522918155897 ], [ -121.468389950705998, 36.685572917719099 ], [ -121.468624950917999, 36.685422917913797 ], [ -121.469035950698995, 36.685438917953 ], [ -121.468850951112998, 36.685877917517999 ], [ -121.468391951357006, 36.686509917815101 ], [ -121.468768950433997, 36.687009918419299 ], [ -121.468917951476996, 36.687579917681198 ], [ -121.468971951460006, 36.687998918227798 ], [ -121.468984950825998, 36.6883779181317 ], [ -121.468829951103999, 36.688517917685303 ], [ -121.468641951316002, 36.688868918414101 ], [ -121.468702951262998, 36.689489918367897 ], [ -121.469204951395994, 36.690476917822103 ], [ -121.469403951575998, 36.6907749183882 ], [ -121.470000951814001, 36.691415918655601 ], [ -121.470171951631997, 36.691460917975697 ], [ -121.470285952129998, 36.691758918459598 ], [ -121.470964951547003, 36.692267917861003 ], [ -121.471245951667001, 36.692235918513497 ], [ -121.471569951625, 36.6923499179725 ], [ -121.471615951909996, 36.692542917921003 ], [ -121.471430951996993, 36.692691918226203 ], [ -121.471252951490996, 36.692779918718301 ], [ -121.471394952340006, 36.693177918697302 ], [ -121.471849951625998, 36.693589918767302 ], [ -121.471849952222996, 36.6938099187227 ], [ -121.471849951858005, 36.6942079186732 ], [ -121.471929952327997, 36.694415918277997 ], [ -121.472134952331999, 36.694940918045702 ], [ -121.472361952651994, 36.695123918380403 ], [ -121.472383952043998, 36.695230918650303 ], [ -121.472418952409996, 36.695397918687597 ], [ -121.472576952192, 36.695553918528297 ], [ -121.472792952537006, 36.6954149183832 ], [ -121.473044952429007, 36.695414918639798 ], [ -121.473170952334002, 36.695448918802903 ], [ -121.473129952126001, 36.695919918263201 ], [ -121.473042952544006, 36.696156918052999 ], [ -121.472836952305997, 36.696456918386801 ], [ -121.472837952432997, 36.696893918958899 ], [ -121.473005952253004, 36.696927918215103 ], [ -121.473621952917995, 36.696704918867503 ], [ -121.473812952190002, 36.696885918413301 ], [ -121.474125952424004, 36.697114918702901 ], [ -121.474055952705001, 36.697432918750501 ], [ -121.474056953132006, 36.697634918809001 ], [ -121.474098953334007, 36.6978029189154 ], [ -121.474434953108002, 36.697937918956001 ], [ -121.474824952473995, 36.697907918088902 ], [ -121.475384953241999, 36.697821918828403 ], [ -121.475687953659005, 36.698186918169803 ], [ -121.475676953581001, 36.698452918331 ], [ -121.475482952945995, 36.698634918174797 ], [ -121.475181953573994, 36.698585918668499 ], [ -121.474854953633994, 36.6987129185759 ], [ -121.474919952985999, 36.699056918413 ], [ -121.475446953447999, 36.699337918710299 ], [ -121.476170953779004, 36.699758918562701 ], [ -121.476688954002, 36.6999649187632 ], [ -121.476977953539006, 36.700515918867303 ], [ -121.477322953699996, 36.700952918364301 ], [ -121.477557953545002, 36.701391918522503 ], [ -121.477574954125004, 36.701915918558598 ], [ -121.477510954343003, 36.702303918426097 ], [ -121.477380953430995, 36.702670919221802 ], [ -121.477492953711007, 36.7030229190593 ], [ -121.477802953715994, 36.703032919137399 ], [ -121.478152953765004, 36.7030169187083 ], [ -121.478250954150994, 36.702990918871301 ], [ -121.478558954128999, 36.702911918431496 ], [ -121.478921953707001, 36.7029929188773 ], [ -121.479200954101003, 36.703252918276903 ], [ -121.479476954391998, 36.703440918684997 ], [ -121.479946954645001, 36.703438918496602 ], [ -121.480373954846996, 36.703631918618299 ], [ -121.480525954924005, 36.703999918987897 ], [ -121.480810954120003, 36.704209918258499 ], [ -121.481122954753999, 36.7043239189058 ], [ -121.481720955106994, 36.704598918543503 ], [ -121.481634955098997, 36.704689918848203 ], [ -121.481322955146993, 36.704804919036398 ], [ -121.481037954548, 36.7048739184184 ], [ -121.480782954405001, 36.705102918801103 ], [ -121.480725954392, 36.705331918631003 ], [ -121.480896954711994, 36.705651918770897 ], [ -121.480839955074003, 36.705926918463398 ], [ -121.480498955024999, 36.7062019184931 ], [ -121.480498954295996, 36.706544919125498 ], [ -121.481152954631995, 36.707116918862397 ], [ -121.481607954786995, 36.7075289185318 ], [ -121.481807955353005, 36.707826919084603 ], [ -121.481823954725002, 36.707948918796099 ], [ -121.481657955265007, 36.7082429186542 ], [ -121.481604954776003, 36.708453918622901 ], [ -121.481786955125997, 36.7088129192217 ], [ -121.482344955249005, 36.709638919349302 ], [ -121.482535955087997, 36.709674918695697 ], [ -121.483087954962997, 36.709420919216598 ], [ -121.483196955512994, 36.709417919392003 ], [ -121.483441955589001, 36.7092729186516 ], [ -121.48365195561, 36.7092399187651 ], [ -121.483568955148002, 36.709575919006902 ], [ -121.483406955147004, 36.709868919371999 ], [ -121.483330956143007, 36.710108919172697 ], [ -121.483364955097997, 36.710519919029601 ], [ -121.483559956061995, 36.710935919170801 ], [ -121.483571956068005, 36.7111229193236 ], [ -121.483717955483996, 36.7113279187476 ], [ -121.483710955852004, 36.711600919127399 ], [ -121.483875956364997, 36.712032919196403 ], [ -121.484089955464995, 36.712148919497601 ], [ -121.484227955815996, 36.7124039187606 ], [ -121.484520955850996, 36.713066918869799 ], [ -121.484389956368005, 36.713343919559101 ], [ -121.484212955768996, 36.713758919449297 ], [ -121.484165955703006, 36.714125919089703 ], [ -121.484141956062999, 36.714317919432297 ], [ -121.483970956237002, 36.714579919097602 ], [ -121.483645956494001, 36.714763919431803 ], [ -121.483410956502993, 36.714898919080198 ], [ -121.483398956021006, 36.715148919337999 ], [ -121.483525956150004, 36.715347919504303 ], [ -121.483380956496006, 36.715503919901103 ], [ -121.483170955871003, 36.715508919880399 ], [ -121.482889955630995, 36.715474919385599 ], [ -121.482171956035003, 36.715546919415999 ], [ -121.481422956217997, 36.715297919634999 ], [ -121.480514955241006, 36.7153749192682 ], [ -121.480030955478995, 36.715272920139 ], [ -121.479993955159003, 36.715275919792397 ], [ -121.479024955995996, 36.715347920188101 ], [ -121.478803955863, 36.715376919410303 ], [ -121.478776955262006, 36.7153619201748 ], [ -121.478174955707004, 36.715305920019702 ], [ -121.477946955817998, 36.715305920113899 ], [ -121.477495954953994, 36.715304919984298 ], [ -121.476818954650994, 36.715263920142299 ], [ -121.476450954795993, 36.7153659196848 ], [ -121.475993955215003, 36.715491919595898 ], [ -121.475458954730996, 36.715914920225401 ], [ -121.475230955433005, 36.716231920466903 ], [ -121.474907954863994, 36.716507920023702 ], [ -121.474394954942994, 36.716736920004998 ], [ -121.473800955060995, 36.716765920325798 ], [ -121.472975954795999, 36.716735920078101 ], [ -121.472562954091003, 36.716761920137401 ], [ -121.471969954846003, 36.716733919975802 ], [ -121.471852953997001, 36.7167289203691 ], [ -121.471159954162005, 36.7167589207967 ], [ -121.470502954436995, 36.716791920721199 ], [ -121.470032954358004, 36.7169129209895 ], [ -121.469964954310996, 36.716940920994901 ], [ -121.469629954005001, 36.717076920713097 ], [ -121.469347953828006, 36.717019920508797 ], [ -121.469308954425003, 36.717012920279103 ], [ -121.469066954048998, 36.716943920169001 ], [ -121.468763953806999, 36.716995920750399 ], [ -121.468455954589999, 36.717047920346801 ], [ -121.468331953507004, 36.717074920306601 ], [ -121.468257953652994, 36.717101920254798 ], [ -121.468150953933005, 36.717113921003403 ], [ -121.468007953889, 36.717144920592901 ], [ -121.467834953462997, 36.717181920773399 ], [ -121.467430954330993, 36.717383920862702 ], [ -121.467357954250005, 36.717579920732803 ], [ -121.467160954050996, 36.717648921149397 ], [ -121.466991953584994, 36.717708920498502 ], [ -121.466682953317004, 36.717779921194399 ], [ -121.466215954212998, 36.717862920846002 ], [ -121.466098953656001, 36.717986921107297 ], [ -121.466074953841996, 36.718033920820602 ], [ -121.466033953934001, 36.718115921109501 ], [ -121.465804953968998, 36.718145921382401 ], [ -121.465623954161998, 36.7180779212418 ], [ -121.465360953909993, 36.718010920825698 ], [ -121.465283954135003, 36.717978920790003 ], [ -121.465211953514995, 36.717924920559803 ], [ -121.464971953623007, 36.717785920909002 ], [ -121.464603953779999, 36.7176949208812 ], [ -121.464290953420999, 36.717617920917498 ], [ -121.464133953246005, 36.717578920727703 ], [ -121.463506953020996, 36.717639920869402 ], [ -121.463170953456995, 36.717858921489999 ], [ -121.462938953467003, 36.718117921050897 ], [ -121.462916952770996, 36.718142921603899 ], [ -121.462883953071994, 36.718179920727103 ], [ -121.462637953094998, 36.718345921525199 ], [ -121.462417953140005, 36.718317921515698 ], [ -121.462252952699998, 36.7182089214134 ], [ -121.462065953445006, 36.7179549215208 ], [ -121.461895952594006, 36.717841921559902 ], [ -121.461604952708001, 36.717642921076902 ], [ -121.461580952842993, 36.717644920973001 ], [ -121.461297952733005, 36.7176729215116 ], [ -121.461121952534995, 36.7178639211144 ], [ -121.460971952885004, 36.718164921721701 ], [ -121.460752952952006, 36.718474921705401 ], [ -121.460154953000995, 36.718845921787903 ], [ -121.459694952346993, 36.718974921104198 ], [ -121.459374952523007, 36.7190289212351 ], [ -121.459056952810997, 36.719076921426399 ], [ -121.458763952799004, 36.7191149219016 ], [ -121.458411953056, 36.719158921886297 ], [ -121.458246953284004, 36.719579921825101 ], [ -121.457861952225002, 36.720040921906502 ], [ -121.457411953117003, 36.720364921677401 ], [ -121.457017952357006, 36.720558921402301 ], [ -121.456351952796993, 36.720985921610399 ], [ -121.455883952598001, 36.721382922111097 ], [ -121.455292952652997, 36.721363921998403 ], [ -121.455248952939002, 36.721357921563602 ], [ -121.454599952899002, 36.721265921744802 ], [ -121.454373951874004, 36.721117921867702 ], [ -121.454069952517003, 36.720979921830001 ], [ -121.453730952081997, 36.720986922469301 ], [ -121.453554952031993, 36.721143922073203 ], [ -121.453338951652995, 36.7212859224488 ], [ -121.453084952500006, 36.7212029224006 ], [ -121.452855952522, 36.721522922347603 ], [ -121.452956952597006, 36.721882921954503 ], [ -121.453272952746005, 36.722319922172801 ], [ -121.453263952010005, 36.722650921862503 ], [ -121.453096952256004, 36.7230499219474 ], [ -121.452243951908997, 36.724237922204303 ], [ -121.451967951998, 36.724268922053902 ], [ -121.451716951931004, 36.724322922252703 ], [ -121.451476952460993, 36.724617922906098 ], [ -121.451352951787001, 36.724797922116402 ], [ -121.451409952408, 36.725046922105001 ], [ -121.451530951758002, 36.725172922714698 ], [ -121.451570952362005, 36.725213922483398 ], [ -121.451668952701993, 36.725315922549399 ], [ -121.452293952328006, 36.725720922387097 ], [ -121.452409952463, 36.7258429223278 ], [ -121.452510953024003, 36.725948922969899 ], [ -121.452571952512997, 36.726247922289602 ], [ -121.452552952269002, 36.726560922912398 ], [ -121.452496952800004, 36.727337922540499 ], [ -121.452267953174001, 36.7276569226117 ], [ -121.452303952348004, 36.727979922822399 ], [ -121.452543952490998, 36.728142922440398 ], [ -121.452635953219001, 36.728206922858298 ], [ -121.452675953344993, 36.7285119230839 ], [ -121.452646952910001, 36.728850922943202 ], [ -121.452658952551005, 36.729213922465 ], [ -121.452885952545998, 36.729402922995398 ], [ -121.453118953463999, 36.7295019231873 ], [ -121.454686953579994, 36.730007923132099 ], [ -121.454802952899996, 36.730182922788401 ], [ -121.454770953243994, 36.730416923153797 ], [ -121.454438953541995, 36.730979922752503 ], [ -121.454579953117005, 36.7312999225366 ], [ -121.454834953073998, 36.731447923261399 ], [ -121.456281953228, 36.731931922638701 ], [ -121.456918953634002, 36.732425922974102 ], [ -121.457351954226993, 36.732819922469503 ], [ -121.457969954697006, 36.733345922434403 ], [ -121.458571954215003, 36.733687922792001 ], [ -121.458906954198994, 36.7338339228221 ], [ -121.459231954627001, 36.734277922441699 ], [ -121.459714954272997, 36.7352519228304 ], [ -121.459673954695006, 36.735526923255499 ], [ -121.459358954486007, 36.735694923129699 ], [ -121.459011954570997, 36.735807923187998 ], [ -121.457838954558, 36.736349923479303 ], [ -121.457470954119998, 36.7364309230407 ], [ -121.457401954421002, 36.736762923088499 ], [ -121.457711954423999, 36.736739922974003 ], [ -121.458042954044004, 36.736772923161297 ], [ -121.458791954313, 36.737021923554202 ], [ -121.459255954845005, 36.737140923413399 ], [ -121.459554955360005, 36.737101923330599 ], [ -121.459836955306002, 36.7371529233003 ], [ -121.460180954462004, 36.737265922756002 ], [ -121.460324955071002, 36.737681922922 ], [ -121.460392954612004, 36.737922923068901 ], [ -121.460160955583007, 36.738782922732099 ], [ -121.460142955310999, 36.739145923562397 ], [ -121.460219955357999, 36.739353922858797 ], [ -121.460312955551998, 36.739758922903903 ], [ -121.460430955459003, 36.740268923377997 ], [ -121.46039895477, 36.740527923708399 ], [ -121.460233955483005, 36.740668923022703 ], [ -121.460042955706001, 36.740946923524099 ], [ -121.460129955263, 36.741154923082298 ], [ -121.460392955667004, 36.741245923441298 ], [ -121.460643955519998, 36.7412729230292 ], [ -121.461169956066001, 36.741736923087899 ], [ -121.461761955830994, 36.7420949237627 ], [ -121.462231956270998, 36.7426889236175 ], [ -121.462287956219001, 36.743155923449201 ], [ -121.462331955850999, 36.743573923627899 ], [ -121.462380956334002, 36.743855923176902 ], [ -121.462868955546, 36.744086923252503 ], [ -121.463256955988996, 36.744005923085801 ], [ -121.463546956147994, 36.7439989230555 ], [ -121.463791955806997, 36.744146923558198 ], [ -121.464123956370003, 36.744195923107497 ], [ -121.464480956448995, 36.744074923652697 ], [ -121.464682955764005, 36.743836923224997 ], [ -121.465066956662994, 36.743634923311099 ], [ -121.465561956236996, 36.743486923327403 ], [ -121.465784956950998, 36.743569923182299 ], [ -121.465929956240004, 36.743719922954 ], [ -121.466250957148006, 36.7443339230364 ], [ -121.466497956896006, 36.744844923073401 ], [ -121.466561957153004, 36.745270922888402 ], [ -121.466591957209005, 36.745560923057504 ], [ -121.466814956676004, 36.745652923203302 ], [ -121.467122956463001, 36.745564923093703 ], [ -121.467369957087996, 36.7454549230211 ], [ -121.467564956472003, 36.745280923479903 ], [ -121.467818957377006, 36.745097923540598 ], [ -121.468178956982996, 36.745073923100499 ], [ -121.468758957120002, 36.745375923458703 ], [ -121.469055957563995, 36.745562923102099 ], [ -121.469357957723005, 36.745628923242499 ], [ -121.469844957329997, 36.745528923086397 ], [ -121.470364957428998, 36.7454929226761 ], [ -121.470894956935993, 36.745480922809698 ], [ -121.471394956992995, 36.745453923104598 ], [ -121.471727957552005, 36.7455439231654 ], [ -121.472052957369002, 36.745697923057598 ], [ -121.472385957525006, 36.7458819231367 ], [ -121.472787957294997, 36.746116922765097 ], [ -121.473014957363006, 36.746329923225801 ], [ -121.473031957494001, 36.746538923138601 ], [ -121.473033957788999, 36.746893923411299 ], [ -121.473126958508004, 36.747286923042701 ], [ -121.473217957629998, 36.747615922672203 ], [ -121.473395958482001, 36.7478539226652 ], [ -121.473503957716005, 36.748068923010798 ], [ -121.473864958413998, 36.748415923236799 ], [ -121.473965957798995, 36.748727923268902 ], [ -121.474086958680999, 36.749055923361297 ], [ -121.474214958152004, 36.749278922702601 ], [ -121.474428958313993, 36.749403923543198 ], [ -121.474847958444002, 36.749369922911796 ], [ -121.475184958586993, 36.749265923362998 ], [ -121.475461959049994, 36.749146923149098 ], [ -121.475663958571005, 36.749214922847699 ], [ -121.475712958792002, 36.749471923487697 ], [ -121.475724958813998, 36.749963922908002 ], [ -121.476127958359001, 36.751080922904301 ], [ -121.476382959248994, 36.7517889235205 ], [ -121.476388958618003, 36.751805923354802 ], [ -121.476583959295994, 36.752346923607703 ], [ -121.476675959556005, 36.753419923521299 ], [ -121.476182958815997, 36.754264923307403 ], [ -121.476029959504999, 36.754533923803599 ], [ -121.475047959433994, 36.755256923926801 ], [ -121.474380959059999, 36.756676923521702 ], [ -121.47473495925, 36.757507924102903 ], [ -121.475508959845996, 36.7584049235751 ], [ -121.476249960098997, 36.759271924203503 ], [ -121.477233959545003, 36.760659923528998 ], [ -121.477867960482001, 36.760835923482901 ], [ -121.479288960274005, 36.7610829237857 ], [ -121.479668960696003, 36.762127923768404 ], [ -121.479732960887006, 36.762291923502602 ], [ -121.479872960386004, 36.762591923576899 ], [ -121.480440961081001, 36.763052923842999 ], [ -121.480482960876003, 36.763146924278999 ], [ -121.480546960468999, 36.763292923957501 ], [ -121.480680960591997, 36.763595924415199 ], [ -121.480709961236002, 36.763752923763299 ], [ -121.480787960574006, 36.7638809238276 ], [ -121.480786961272003, 36.7640279238529 ], [ -121.480745961226006, 36.764083924451398 ], [ -121.480684960556999, 36.764326924292 ], [ -121.480752960538993, 36.764551923934597 ], [ -121.481120961428999, 36.764787923879297 ], [ -121.481308961240998, 36.765176924419798 ], [ -121.481535961201004, 36.765451924292101 ], [ -121.481868961505995, 36.765463924189497 ], [ -121.482398960940003, 36.765305923597502 ], [ -121.482656960875005, 36.765412924097198 ], [ -121.482964961237002, 36.7650889240008 ], [ -121.483014960934, 36.7650549241717 ], [ -121.483520961050004, 36.7646889239331 ], [ -121.483929961743002, 36.764482923994798 ], [ -121.484344961841003, 36.764241923415703 ], [ -121.484738961483998, 36.764146923569001 ], [ -121.484967962045999, 36.7641259235441 ], [ -121.485300961236007, 36.764094923538899 ], [ -121.485479961080003, 36.764006923468898 ], [ -121.485750962180006, 36.763987923777499 ], [ -121.486110961443003, 36.763961923883798 ], [ -121.486532961619005, 36.763980923437302 ], [ -121.486894961619001, 36.764014923787897 ], [ -121.487198962348998, 36.763981923805098 ], [ -121.487545961400997, 36.763953923311902 ], [ -121.487786961576006, 36.763983923597898 ] ] ] } },
{ "type": "Feature", "properties": { "FID": 4, "ID": 17, "AREA": 2.66, "DISTRICT": "3", "NAME": "District 3", "POPULATION": 13029, "HISPANIC": 8648, "WHITE": 3349, "BLACK": 164, "NATIVEAMER": 132, "ASIAN": 563, "PACIFICISL": 28, "OTHER": 92, "OTHERMULTI": 53, "VAP_TOTAL": 9548, "VAP_LATINO": 5988, "VAP_WHITE": 2764, "VAP_BLACK": 125, "VAP_NATIVE": 112, "VAP_ASIAN": 436, "VAP_PACIFI": 22, "VAP_OTHER": 66, "VAP_OTHERM": 35, "CVAP_TOTAL": 7598.1675, "CVAP_LATIN": 4362.6835, "CVAP_WHITE": 2746.5932, "CVAP_BLACK": 81.0374, "CVAP_ASIAN": 251.6835, "CVAP_NATIV": 81.1698, "CVAP_OTHER": 75.0, "IDEAL_VALU": 12867, "DEVIATION": 162, "Supervisor": "Mindy Sotelo", "Email": "SupervisorSotelo@cosb.us", "Website": "https://www.cosb.us/government/county-of-san-benito-board-of-supervisors-bos", "Image": "https://www.cosb.us/home/showpublishedimage/2631", "DIST_ID": 3, "DIST_NAME": "3", "SHAPE_Leng": 0.12231921, "DX_DEV": 162, "SUP_NAME": "Mindy Sotelo", "Shape__Are": 7089479.34375, "Shape__Len": 14707.437582099999, "Shape__Area": 74083978.9296875, "Shape__Length": 40370.825189436197, "Hispanic2": 8648, "POP2": 13029, "Afr2": 164, "AMer2": 132, "Asian2": 563, "Haw2": 28, "Other2": 92, "OtherM2": 53, "Whi2": 3349 }, "geometry": { "type": "Polygon", "coordinates": [ [ [ -121.412619959129003, 36.848623936265199 ], [ -121.409442959461003, 36.848488936016601 ], [ -121.408560958256999, 36.848458936728598 ], [ -121.407765958705994, 36.848434936293501 ], [ -121.406783959004002, 36.848407937023602 ], [ -121.406765958959994, 36.848407936349297 ], [ -121.406737958644996, 36.848406936409802 ], [ -121.405907958184997, 36.848375936755403 ], [ -121.405846958189997, 36.848384936390303 ], [ -121.405825958888002, 36.8483949369949 ], [ -121.405780958769995, 36.8484439364967 ], [ -121.404040958262996, 36.848395937047798 ], [ -121.403142957700993, 36.848366937309301 ], [ -121.403147958131001, 36.847907937216 ], [ -121.403115957834999, 36.846408936269398 ], [ -121.402947957194996, 36.846407937134501 ], [ -121.402326957943004, 36.846393937090603 ], [ -121.402238958118005, 36.846392936442598 ], [ -121.402027957141001, 36.846392936739399 ], [ -121.401220956887002, 36.8463789366943 ], [ -121.400268956999, 36.846357936773302 ], [ -121.399612957463006, 36.846342936530498 ], [ -121.398995956967994, 36.846329936829001 ], [ -121.397029957262006, 36.846283936695698 ], [ -121.395955956256998, 36.846265937010898 ], [ -121.395502956287999, 36.845606937292303 ], [ -121.394548956009999, 36.8441759366751 ], [ -121.394033955967998, 36.843419936942198 ], [ -121.393958956508001, 36.843418937473501 ], [ -121.393898956390998, 36.843418937266598 ], [ -121.393734956304996, 36.843412936843698 ], [ -121.393593955727994, 36.843407937514698 ], [ -121.393452955344998, 36.8432269368014 ], [ -121.392852955625997, 36.842327937004001 ], [ -121.392770955898996, 36.842173937044002 ], [ -121.392684955131003, 36.841979936736898 ], [ -121.392423954975001, 36.841334936613599 ], [ -121.392340955343997, 36.841092936828602 ], [ -121.392253955791006, 36.840861937045098 ], [ -121.392033955355998, 36.840274937153303 ], [ -121.391763954899005, 36.839872936715999 ], [ -121.391553955576001, 36.839567936672601 ], [ -121.391591955723001, 36.839366936890102 ], [ -121.391423954876004, 36.839358936657597 ], [ -121.391303955034005, 36.839359937081902 ], [ -121.391135954950997, 36.839352937021097 ], [ -121.390956955662006, 36.839344937230202 ], [ -121.390752955498002, 36.839337936907597 ], [ -121.390726955054006, 36.839336936530003 ], [ -121.390662954592997, 36.839333937325698 ], [ -121.390558955101, 36.839329936558798 ], [ -121.390272954964004, 36.8393189369447 ], [ -121.389258954819994, 36.839277936783901 ], [ -121.386819954261, 36.839184937097698 ], [ -121.384716953755003, 36.839103936948902 ], [ -121.384541954247993, 36.839097937246201 ], [ -121.384543953543997, 36.839020937585303 ], [ -121.384453953841003, 36.839013936956299 ], [ -121.384216954346996, 36.8390049375678 ], [ -121.381700953109004, 36.838903937871599 ], [ -121.381709953934006, 36.838949937845499 ], [ -121.381207953724001, 36.838923937614702 ], [ -121.381210953807994, 36.838886937162897 ], [ -121.381250952920993, 36.837742937408898 ], [ -121.381272952838998, 36.837308937351303 ], [ -121.381299953688, 36.836330937090999 ], [ -121.381315953232999, 36.836064937348901 ], [ -121.381329953193998, 36.835722937159701 ], [ -121.381336952669997, 36.835518936992003 ], [ -121.381197953072999, 36.835498936797599 ], [ -121.381184952652006, 36.834919937557899 ], [ -121.381043952856999, 36.834943937210298 ], [ -121.380793953297996, 36.835013936796301 ], [ -121.380714952836996, 36.835027937535202 ], [ -121.379309952780005, 36.834968937259902 ], [ -121.378021952639003, 36.834912937786001 ], [ -121.377236952237993, 36.8348909376923 ], [ -121.377103952095993, 36.834891937517902 ], [ -121.376995952201, 36.8349019372003 ], [ -121.377040952212994, 36.834223937143797 ], [ -121.377059952400003, 36.833847937149002 ], [ -121.377068952844994, 36.833497937778603 ], [ -121.377112952755994, 36.832792936936997 ], [ -121.377130952084002, 36.832537936944597 ], [ -121.377145951950993, 36.832065937285002 ], [ -121.377162951770003, 36.831756937029297 ], [ -121.377175952111003, 36.831362937401003 ], [ -121.37718395217, 36.831218936706399 ], [ -121.377187951609997, 36.831021937509803 ], [ -121.377203951515995, 36.830651937330799 ], [ -121.377243951471002, 36.829947936790603 ], [ -121.377361952233997, 36.829960936944097 ], [ -121.377475951982007, 36.829990937402499 ], [ -121.377578952114007, 36.8300119368526 ], [ -121.377673952335002, 36.830021936629798 ], [ -121.377647951691998, 36.829945937015097 ], [ -121.377655951655996, 36.829741936889803 ], [ -121.377661952051, 36.8295589366614 ], [ -121.377674952346993, 36.829229937210599 ], [ -121.377683951961998, 36.828888937272602 ], [ -121.377691951486, 36.828590936616401 ], [ -121.377700951668999, 36.828261936483898 ], [ -121.377768952371, 36.828275936913002 ], [ -121.378036952095002, 36.828141936437703 ], [ -121.378112951567999, 36.828103936924698 ], [ -121.378190951988998, 36.828064936594302 ], [ -121.378315952435997, 36.8279809365321 ], [ -121.378558951957999, 36.827893936653702 ], [ -121.378595952184, 36.827882937021201 ], [ -121.378746951912007, 36.827839936934097 ], [ -121.378998951545995, 36.827779936907099 ], [ -121.379081951979003, 36.8277649371027 ], [ -121.379390952625002, 36.827759936713797 ], [ -121.379965952535002, 36.827768936222 ], [ -121.380106952369005, 36.8277659364351 ], [ -121.380266952000994, 36.827752936855703 ], [ -121.380396952634996, 36.827731936147302 ], [ -121.380532951768998, 36.827703936905799 ], [ -121.380785952029996, 36.827625936741903 ], [ -121.380959952200996, 36.827553936878999 ], [ -121.381102952475004, 36.8274849363345 ], [ -121.381209952524003, 36.827425936284499 ], [ -121.381284952374997, 36.827388936292202 ], [ -121.381798952550994, 36.827100936132098 ], [ -121.382101952818005, 36.826936936230503 ], [ -121.382366952341997, 36.826800936633497 ], [ -121.382439952210007, 36.826760936143501 ], [ -121.382589952539007, 36.8266789360678 ], [ -121.382656952304004, 36.826646936366799 ], [ -121.382819952294994, 36.826569936536004 ], [ -121.382902952910001, 36.826535936303003 ], [ -121.383049952391005, 36.826488935987697 ], [ -121.383143952156999, 36.826464936591698 ], [ -121.383240952177005, 36.826447936387297 ], [ -121.383282952798993, 36.826439936431697 ], [ -121.383368953016998, 36.826430935887899 ], [ -121.383495952407998, 36.826424936507699 ], [ -121.383704952600993, 36.826430936508999 ], [ -121.383831952166005, 36.826441936018 ], [ -121.383961952484995, 36.8264659363833 ], [ -121.384467952885004, 36.826605936429601 ], [ -121.384696952601999, 36.826655936504601 ], [ -121.384918953161005, 36.826692936589602 ], [ -121.385065953018994, 36.826710936222597 ], [ -121.385598953420995, 36.826744936241198 ], [ -121.386129953316001, 36.826770935761097 ], [ -121.387362952985001, 36.8268159357673 ], [ -121.387974953265001, 36.8268429357475 ], [ -121.387970953380005, 36.826908935877 ], [ -121.388584953800006, 36.826933935745899 ], [ -121.388896953051002, 36.826938935984302 ], [ -121.389016953292, 36.826933936108901 ], [ -121.389168953679004, 36.826918935515202 ], [ -121.389759954064004, 36.8268419358416 ], [ -121.389963953687996, 36.826822936214903 ], [ -121.390262953394995, 36.826811935597703 ], [ -121.390724954166998, 36.826822935367403 ], [ -121.391085953347996, 36.826844935446999 ], [ -121.391553953393, 36.826888936089802 ], [ -121.393399953764998, 36.827124935332598 ], [ -121.395439954698006, 36.827382935604497 ], [ -121.398866954709007, 36.827831935578899 ], [ -121.399023955318, 36.827848935740299 ], [ -121.399299955063995, 36.827870935350397 ], [ -121.399527955009006, 36.827867935410403 ], [ -121.399581955304996, 36.827863935315698 ], [ -121.399661955132004, 36.827851935428797 ], [ -121.399780954801003, 36.827825935046398 ], [ -121.399845955502997, 36.827806935643501 ], [ -121.400020955387006, 36.827744935015097 ], [ -121.400076955106996, 36.827721935475701 ], [ -121.400153954954007, 36.827680934978503 ], [ -121.400265955300995, 36.827608935548902 ], [ -121.400467955580993, 36.827454935350502 ], [ -121.400685955216005, 36.8272709351657 ], [ -121.400860955620004, 36.827139935364102 ], [ -121.401037955199001, 36.8270189353224 ], [ -121.401243955474001, 36.826872934715198 ], [ -121.402064955637996, 36.826290935086703 ], [ -121.402820955110997, 36.825745935047102 ], [ -121.403472955306, 36.825293934729501 ], [ -121.403438956008998, 36.825260934815702 ], [ -121.404076955769, 36.824800934806703 ], [ -121.404387955133998, 36.8245939347335 ], [ -121.404538955272997, 36.824509934761998 ], [ -121.404586955743994, 36.824535934963002 ], [ -121.404724955144999, 36.824461934740697 ], [ -121.404875955620994, 36.824387934894098 ], [ -121.405071955969007, 36.824310934661703 ], [ -121.405209955654001, 36.8242699346645 ], [ -121.405380955718996, 36.824228934263601 ], [ -121.405607955744998, 36.824183934629403 ], [ -121.405807955800995, 36.824154934511697 ], [ -121.406013955882003, 36.824139934246404 ], [ -121.406144956153994, 36.824136934637501 ], [ -121.406293956387998, 36.824138934907602 ], [ -121.406473956100996, 36.824148934479801 ], [ -121.406645956218995, 36.8241659342007 ], [ -121.406890955584004, 36.824202934020803 ], [ -121.407448956576005, 36.8243039343226 ], [ -121.40851295569, 36.824504934102301 ], [ -121.409167956114999, 36.8246249342778 ], [ -121.410058956355996, 36.824801933958298 ], [ -121.410608956765003, 36.824916934440999 ], [ -121.411433956687006, 36.825099934530598 ], [ -121.412036956302998, 36.825237934153201 ], [ -121.413999957209995, 36.825702934099603 ], [ -121.416145957932997, 36.826203934214199 ], [ -121.416467958062995, 36.826282933538003 ], [ -121.416725958089998, 36.826353934022997 ], [ -121.417005957623005, 36.826439934086601 ], [ -121.417725957456, 36.826692934314302 ], [ -121.418626958209998, 36.827046933513301 ], [ -121.418816958001997, 36.827110933919101 ], [ -121.419097957949006, 36.827186933544603 ], [ -121.419330958114003, 36.827232933920897 ], [ -121.419608958176994, 36.827268933915597 ], [ -121.419839957982006, 36.827277933551798 ], [ -121.419990957921996, 36.8272769340441 ], [ -121.420041958373005, 36.827252933757997 ], [ -121.420031957785994, 36.8273629339119 ], [ -121.420005958044996, 36.827470934302397 ], [ -121.419988958746004, 36.827563933510703 ], [ -121.419959958123002, 36.827600933959303 ], [ -121.419888958539005, 36.827643933444399 ], [ -121.419326958667995, 36.827880933956003 ], [ -121.419004958654995, 36.828012933772797 ], [ -121.418443957842996, 36.8282729344035 ], [ -121.418061958482994, 36.828430934288399 ], [ -121.417914957666, 36.828503934165902 ], [ -121.417854958644, 36.8285499341643 ], [ -121.417835958189997, 36.828568934461202 ], [ -121.417814958497999, 36.828600934353801 ], [ -121.417803958264003, 36.828627934356803 ], [ -121.417784957969005, 36.828733933702999 ], [ -121.417796958354998, 36.828798934450901 ], [ -121.417812958382996, 36.828836934475902 ], [ -121.418083958663999, 36.829262934498097 ], [ -121.418533958607995, 36.829938933932802 ], [ -121.418985957976005, 36.830635934492697 ], [ -121.419565958256001, 36.831563933951003 ], [ -121.419609959094998, 36.831660933816799 ], [ -121.419858958635004, 36.832080933889401 ], [ -121.420085958954999, 36.832448934195199 ], [ -121.420205958542994, 36.832657934247401 ], [ -121.420292958763994, 36.832790934304697 ], [ -121.420392958495995, 36.832956934092003 ], [ -121.420530959502997, 36.833139933869397 ], [ -121.420634958860006, 36.833255934180201 ], [ -121.420904959373004, 36.833532934546803 ], [ -121.421749959218999, 36.834314934143997 ], [ -121.422152959333999, 36.834702934152197 ], [ -121.420570959295006, 36.8353749342171 ], [ -121.418059959497995, 36.836471934873302 ], [ -121.417828959321994, 36.836584934903698 ], [ -121.417759958667006, 36.836630934745003 ], [ -121.417695958563996, 36.836691935165298 ], [ -121.417650959244, 36.836754934404702 ], [ -121.417557958699007, 36.836961934790899 ], [ -121.417483959254, 36.837191934812303 ], [ -121.417438959258007, 36.837356934614 ], [ -121.417347958747996, 36.837737935318302 ], [ -121.417202958765998, 36.838185934643199 ], [ -121.417103959011996, 36.8384159353811 ], [ -121.417038959189, 36.838657934952998 ], [ -121.416872958962003, 36.8389889352895 ], [ -121.416776959518998, 36.839179935489902 ], [ -121.416878959556001, 36.839241935403102 ], [ -121.416863959395002, 36.839461935005701 ], [ -121.416829959156004, 36.839506934935102 ], [ -121.416608959621001, 36.839747935390101 ], [ -121.416487959475006, 36.839870935255497 ], [ -121.416367958861002, 36.839974934966399 ], [ -121.416238959368002, 36.840061935129498 ], [ -121.416158958580993, 36.840103934976298 ], [ -121.416126959299007, 36.840116935492901 ], [ -121.416029958600006, 36.840156935332999 ], [ -121.415934959484005, 36.840187935209997 ], [ -121.415736958972005, 36.840238934935101 ], [ -121.415417959356006, 36.840291935577199 ], [ -121.415357959426998, 36.8410809350435 ], [ -121.415347959141002, 36.841129935718598 ], [ -121.415265959505007, 36.841326935355298 ], [ -121.414815958866996, 36.842208935894 ], [ -121.414791959539997, 36.842271935756102 ], [ -121.414755959592995, 36.842383935179001 ], [ -121.414736958847996, 36.842496935930598 ], [ -121.414698959315999, 36.843016936040797 ], [ -121.414667958964003, 36.843614935756797 ], [ -121.414621959623005, 36.844403935908502 ], [ -121.414493959734003, 36.846473935850199 ], [ -121.414460959864002, 36.846824935581097 ], [ -121.414339959642007, 36.8486889359191 ], [ -121.412957959663004, 36.848643936220803 ], [ -121.412619959129003, 36.848623936265199 ] ] ] } },
{ "type": "Feature", "properties": { "FID": 5, "ID": 21, "AREA": 32.54, "DISTRICT": "5", "NAME": "District 5", "POPULATION": 12968, "HISPANIC": 9493, "WHITE": 2432, "BLACK": 139, "NATIVEAMER": 125, "ASIAN": 549, "PACIFICISL": 30, "OTHER": 132, "OTHERMULTI": 68, "VAP_TOTAL": 9555, "VAP_LATINO": 6685, "VAP_WHITE": 2051, "VAP_BLACK": 119, "VAP_NATIVE": 96, "VAP_ASIAN": 444, "VAP_PACIFI": 23, "VAP_OTHER": 89, "VAP_OTHERM": 48, "CVAP_TOTAL": 7280.8849, "CVAP_LATIN": 4881.9713, "CVAP_WHITE": 2058.8972, "CVAP_BLACK": 68.3846, "CVAP_ASIAN": 190.8716, "CVAP_NATIV": 56.2147, "CVAP_OTHER": 24.5455, "IDEAL_VALU": 12867, "DEVIATION": 101, "Supervisor": "Bea Gonzales", "Email": "supervisorgonzales@cosb.us", "Website": "https://www.cosb.us/government/county-of-san-benito-board-of-supervisors-bos", "Image": "https://www.cosb.us/home/showpublishedimage/1824/637723291796400000", "DIST_ID": 5, "DIST_NAME": "5", "SHAPE_Leng": 0.18307328, "DX_DEV": 101, "SUP_NAME": "Bea Gonzales", "Shape__Are": 21789374.136700001, "Shape__Len": 22736.804656, "Shape__Area": 908256377.25, "Shape__Length": 177220.68649775643, "Hispanic2": 9493, "POP2": 12968, "Afr2": 139, "AMer2": 125, "Asian2": 549, "Haw2": 30, "Other2": 131, "OtherM2": 68, "Whi2": 2432 }, "geometry": { "type": "Polygon", "coordinates": [ [ [ -121.390901957384997, 36.856209938155096 ], [ -121.390749957436995, 36.8562049387711 ], [ -121.390541956353999, 36.856197938852297 ], [ -121.389119956873003, 36.8561389384626 ], [ -121.388764957096001, 36.856124938114199 ], [ -121.387326956086994, 36.856060938643601 ], [ -121.386152955596998, 36.856016938813703 ], [ -121.384574955393006, 36.855972939120399 ], [ -121.384007955672999, 36.8559499385725 ], [ -121.384157955806998, 36.852707938665603 ], [ -121.384198955463006, 36.8518309387009 ], [ -121.384252955828003, 36.851763938710597 ], [ -121.384195955783994, 36.851714938650503 ], [ -121.383983955587993, 36.851709938226101 ], [ -121.383754955830995, 36.851703938864802 ], [ -121.383661955007994, 36.8516979383338 ], [ -121.383671955094997, 36.851362938143403 ], [ -121.383692955342994, 36.850990938348801 ], [ -121.383779954814997, 36.850993938728699 ], [ -121.383816955277993, 36.850324938500798 ], [ -121.383843955515005, 36.8496539381823 ], [ -121.383878955572996, 36.848974938389603 ], [ -121.383875955305996, 36.848306937832902 ], [ -121.383789954891, 36.848303938380901 ], [ -121.383798954558998, 36.847722937794501 ], [ -121.383803954366002, 36.847518938182397 ], [ -121.383885955357002, 36.847521938082998 ], [ -121.383889954973, 36.8474609378342 ], [ -121.383900954737996, 36.847259938330701 ], [ -121.383972954748003, 36.845865937982403 ], [ -121.384052954590999, 36.844311937550202 ], [ -121.384098954934998, 36.843661938018499 ], [ -121.384142954603007, 36.8433439374556 ], [ -121.384370954434004, 36.842168937434501 ], [ -121.384378954561001, 36.8421089380506 ], [ -121.384384954859001, 36.842015937516699 ], [ -121.384397954856993, 36.841800937279302 ], [ -121.384479954748002, 36.8404869371427 ], [ -121.384518953793005, 36.839611937592501 ], [ -121.384541954247993, 36.839097937246102 ], [ -121.384716953755003, 36.839103936948803 ], [ -121.386819954261, 36.839184937097599 ], [ -121.389258954819994, 36.839277936783802 ], [ -121.390272954964004, 36.839318936944601 ], [ -121.390558955101, 36.839329936558798 ], [ -121.390662954592997, 36.839333937325598 ], [ -121.390726955054006, 36.839336936529897 ], [ -121.390752955498002, 36.839337936907597 ], [ -121.390956955662006, 36.839344937230202 ], [ -121.391135954950997, 36.839352937021097 ], [ -121.391303955034005, 36.839359937081802 ], [ -121.391423954876004, 36.839358936657497 ], [ -121.391591955723996, 36.839366936890002 ], [ -121.391553955576001, 36.839567936672502 ], [ -121.391763954899005, 36.839872936715899 ], [ -121.392033955356993, 36.840274937153197 ], [ -121.392253955791006, 36.840861937045098 ], [ -121.392340955343997, 36.841092936828602 ], [ -121.392423954975001, 36.841334936613499 ], [ -121.392684955131003, 36.841979936736799 ], [ -121.392770955898996, 36.842173937043903 ], [ -121.392852955625997, 36.842327937003901 ], [ -121.393452955346007, 36.843226936801301 ], [ -121.393593955727994, 36.843407937514598 ], [ -121.393734956304996, 36.843412936843599 ], [ -121.393898956390998, 36.843418937266499 ], [ -121.393958956508001, 36.843418937473402 ], [ -121.394033955967998, 36.843419936942098 ], [ -121.394548956009999, 36.844175936675001 ], [ -121.395502956287999, 36.845606937292203 ], [ -121.395955956256998, 36.846265937010799 ], [ -121.397029957262006, 36.846283936695599 ], [ -121.398995956967994, 36.846329936828901 ], [ -121.399612957463006, 36.846342936530398 ], [ -121.400268957, 36.846357936773302 ], [ -121.401220956887002, 36.846378936694201 ], [ -121.402027957141001, 36.846392936739299 ], [ -121.402238958118005, 36.846392936442598 ], [ -121.402326957943004, 36.846393937090497 ], [ -121.402947957194996, 36.846407937134401 ], [ -121.403115957834999, 36.846408936269299 ], [ -121.403147958131001, 36.847907937215901 ], [ -121.403142957700993, 36.848366937309201 ], [ -121.404040958262996, 36.848395937047698 ], [ -121.405780958771004, 36.8484439364967 ], [ -121.405825958888002, 36.8483949369949 ], [ -121.405846958189997, 36.848384936390303 ], [ -121.405907958184997, 36.848375936755303 ], [ -121.406737958644996, 36.848406936409702 ], [ -121.406765958959994, 36.848407936349297 ], [ -121.406783959004002, 36.848407937023502 ], [ -121.407765958705994, 36.848434936293501 ], [ -121.408560958257993, 36.848458936728598 ], [ -121.409442959461003, 36.848488936016601 ], [ -121.412619959129003, 36.848623936265199 ], [ -121.412957959663004, 36.848643936220697 ], [ -121.414339959642007, 36.8486889359191 ], [ -121.414293959995007, 36.848856935973998 ], [ -121.414134959351003, 36.849432936207599 ], [ -121.414118959898005, 36.849507936309102 ], [ -121.414079959763995, 36.850176935844999 ], [ -121.414073959769993, 36.8505809366779 ], [ -121.414052959764007, 36.850763936113097 ], [ -121.414047959542003, 36.851044936431499 ], [ -121.414033960295995, 36.851441935984496 ], [ -121.414019959499996, 36.852086936832201 ], [ -121.414025959892001, 36.852355936634602 ], [ -121.414015960100002, 36.852572936740501 ], [ -121.413979959928994, 36.852783936647398 ], [ -121.414422960237005, 36.852814936284503 ], [ -121.417119961137999, 36.852920935838902 ], [ -121.421370657224998, 36.8530867246483 ], [ -121.421326962001999, 36.855274936238501 ], [ -121.421325961514995, 36.855739936697802 ], [ -121.421317961084995, 36.855976936074804 ], [ -121.421319961717003, 36.856230936696498 ], [ -121.421309961516002, 36.856338936776801 ], [ -121.421292961397995, 36.856411936182504 ], [ -121.421268962059997, 36.856465936304502 ], [ -121.421240961734, 36.8565079364379 ], [ -121.421127961859995, 36.856635936039503 ], [ -121.420937961839996, 36.8567909359937 ], [ -121.420887961560993, 36.856854936026501 ], [ -121.420854961475001, 36.856920936245601 ], [ -121.420822961716993, 36.857024936080599 ], [ -121.420796961291003, 36.8571549361885 ], [ -121.420783962106995, 36.857315936509799 ], [ -121.420776961314999, 36.8574049365508 ], [ -121.422231962251004, 36.857450936467202 ], [ -121.423069962053006, 36.857488936265703 ], [ -121.423069962183007, 36.857469936673702 ], [ -121.423582962488993, 36.857494936565601 ], [ -121.423619961959005, 36.857517936268202 ], [ -121.424068962201005, 36.8575349365736 ], [ -121.425323961979004, 36.857585936051301 ], [ -121.425642962736006, 36.857598936272197 ], [ -121.426198962483994, 36.857615936115899 ], [ -121.426300962335006, 36.857618936474402 ], [ -121.427112962617997, 36.857649935970898 ], [ -121.428026962361997, 36.857697936308298 ], [ -121.428852962364999, 36.857732935792399 ], [ -121.431655963254002, 36.857855935563599 ], [ -121.432953963217997, 36.857912935550203 ], [ -121.434971963486007, 36.8579709355147 ], [ -121.435034964365997, 36.857980935879603 ], [ -121.435106964035995, 36.858004935175799 ], [ -121.435167964263002, 36.858040935907802 ], [ -121.435209963489001, 36.858082935316801 ], [ -121.435228963617007, 36.858122935299399 ], [ -121.435237963975993, 36.858183935294797 ], [ -121.435231963399005, 36.858345935444198 ], [ -121.435069964076007, 36.8610379360493 ], [ -121.435092963803001, 36.8610979358942 ], [ -121.435115964147997, 36.861131935512503 ], [ -121.435139963845003, 36.8611569355255 ], [ -121.435170964612993, 36.861179935894903 ], [ -121.435244964576995, 36.8612139355183 ], [ -121.435283963814996, 36.861227936045204 ], [ -121.435479964636002, 36.861271935834303 ], [ -121.438743965319006, 36.861892935588997 ], [ -121.439834965540001, 36.862093935207 ], [ -121.440044965203001, 36.862147935317502 ], [ -121.440105965645998, 36.862163935153703 ], [ -121.440210964578, 36.862198935770103 ], [ -121.441097965216997, 36.862558935486398 ], [ -121.443487965483001, 36.863529935808998 ], [ -121.443928965965, 36.863712935123502 ], [ -121.444047965844007, 36.863766935120601 ], [ -121.443762965361003, 36.864278935290002 ], [ -121.443564965600999, 36.864682935330002 ], [ -121.443345965852998, 36.865149936007697 ], [ -121.443147966441998, 36.865607935944098 ], [ -121.442969966530001, 36.866076936132501 ], [ -121.442906965565001, 36.866271935366598 ], [ -121.442799965689005, 36.866643935635302 ], [ -121.442763965634001, 36.866800936103601 ], [ -121.442674965950999, 36.867142936117801 ], [ -121.442626966337002, 36.8673449355598 ], [ -121.442417965703001, 36.868142935554502 ], [ -121.442385966171003, 36.8682909361208 ], [ -121.442289966657, 36.868812935668799 ], [ -121.442139965766998, 36.869755936081503 ], [ -121.442033966438999, 36.870358936373101 ], [ -121.442009966449007, 36.870522936059999 ], [ -121.441863966316006, 36.871105936476098 ], [ -121.441742966229, 36.871450936437498 ], [ -121.441651965882997, 36.871690935855 ], [ -121.441490966760995, 36.872057936459498 ], [ -121.441327966040006, 36.872392936050602 ], [ -121.441177966279, 36.872661936038199 ], [ -121.441012966776, 36.872931936272103 ], [ -121.440751966603997, 36.873324936510599 ], [ -121.440464966818993, 36.8736979367565 ], [ -121.440340966261999, 36.873841936791003 ], [ -121.440042966551005, 36.874171936573703 ], [ -121.439847966415002, 36.874369936666 ], [ -121.439508965800997, 36.874693936396703 ], [ -121.439354966137998, 36.874818936864401 ], [ -121.439277966223997, 36.874892937104804 ], [ -121.439040966044999, 36.8750869369239 ], [ -121.438865966617001, 36.875220937035103 ], [ -121.437924965885003, 36.875894937294902 ], [ -121.437233966646005, 36.876374936831297 ], [ -121.436512966492003, 36.876895937093003 ], [ -121.436201966457006, 36.877107937533701 ], [ -121.435868965961006, 36.877336936763697 ], [ -121.435262966216996, 36.8777709376904 ], [ -121.435087966197997, 36.877901937368399 ], [ -121.434925965713006, 36.878015937695999 ], [ -121.434664965484004, 36.878210937335297 ], [ -121.434512966211997, 36.878318937113796 ], [ -121.434194965440994, 36.8785619370611 ], [ -121.434057966257001, 36.878679937738802 ], [ -121.433844965820001, 36.878850937099202 ], [ -121.433424966377004, 36.879226937132003 ], [ -121.433207965345005, 36.879435937378602 ], [ -121.432984965377003, 36.879661937770599 ], [ -121.432750965641006, 36.8799099375466 ], [ -121.432721965490003, 36.879942937977603 ], [ -121.432465965893002, 36.880235937404002 ], [ -121.432179966329002, 36.880602937853297 ], [ -121.431908965819005, 36.880981937831102 ], [ -121.431737966366001, 36.881245937649197 ], [ -121.431517966390999, 36.881611937862402 ], [ -121.431345966215005, 36.881926937963897 ], [ -121.431126965447007, 36.882347937793902 ], [ -121.430828965795001, 36.8830429379733 ], [ -121.430732966464006, 36.8832989384846 ], [ -121.430679965834003, 36.883452938122403 ], [ -121.430305966364998, 36.884839938208103 ], [ -121.429891965571997, 36.8863259380526 ], [ -121.429475966096007, 36.887871938564601 ], [ -121.428712966636994, 36.890612938506202 ], [ -121.428241966640002, 36.892371938923702 ], [ -121.427565966700996, 36.895002939261701 ], [ -121.427402966356993, 36.895645939687903 ], [ -121.427810966468996, 36.896063938997898 ], [ -121.429095967641999, 36.8973929395626 ], [ -121.429956967196006, 36.898242939622797 ], [ -121.430442967638996, 36.898735939321497 ], [ -121.431273968265998, 36.899578939209398 ], [ -121.432306967626005, 36.9006379397552 ], [ -121.432657968512004, 36.901002939199003 ], [ -121.433295968376996, 36.901649939603402 ], [ -121.434644968623999, 36.903041939334003 ], [ -121.436462969005007, 36.904898940057599 ], [ -121.436946969237994, 36.905403939463099 ], [ -121.437646969398003, 36.906122939956198 ], [ -121.438239969237003, 36.906751939220598 ], [ -121.438607969800998, 36.907134939938899 ], [ -121.438891969541999, 36.907418939871 ], [ -121.439284969878003, 36.907826939998401 ], [ -121.439341969900994, 36.907892939963098 ], [ -121.439900970300002, 36.908462939424197 ], [ -121.440642970276997, 36.909204939375499 ], [ -121.440982970313001, 36.9095569401006 ], [ -121.441236970768003, 36.9098099393334 ], [ -121.441855970871998, 36.910447940164097 ], [ -121.442204970942001, 36.910797940056902 ], [ -121.442646970767996, 36.911257939982796 ], [ -121.444730971515995, 36.9133839397728 ], [ -121.445111970878003, 36.913777939473903 ], [ -121.445397971811005, 36.914081939454498 ], [ -121.445612971211006, 36.9142919394234 ], [ -121.446540971548004, 36.915242939946701 ], [ -121.447420972320003, 36.916154940199903 ], [ -121.448684972216995, 36.917424939490601 ], [ -121.449025971921003, 36.917738940226599 ], [ -121.449403972956006, 36.918059939844099 ], [ -121.450178972591004, 36.9186669395759 ], [ -121.45060797232, 36.918960940218803 ], [ -121.451003973192996, 36.919223939462903 ], [ -121.451411973513999, 36.919482939704302 ], [ -121.451702973126004, 36.9196549398266 ], [ -121.452085972993999, 36.919869939566901 ], [ -121.452722973188003, 36.9201979396897 ], [ -121.453113972790007, 36.920384939591102 ], [ -121.453808973784007, 36.920709939612898 ], [ -121.454457974076007, 36.921019939833698 ], [ -121.454817974177999, 36.921184940122401 ], [ -121.454968974066006, 36.921261939728197 ], [ -121.455512973506998, 36.9215219393624 ], [ -121.461594974893003, 36.924384940049897 ], [ -121.463991975582999, 36.925518939319701 ], [ -121.464864975992, 36.925926939521197 ], [ -121.465669976197006, 36.926305939168302 ], [ -121.466126976178998, 36.926530939291602 ], [ -121.466778976189005, 36.926832939261203 ], [ -121.467359975934997, 36.927109939012503 ], [ -121.468117976669006, 36.927462939364702 ], [ -121.469454977059002, 36.928101938982898 ], [ -121.469921976763004, 36.928317939429498 ], [ -121.470389977159002, 36.928542938960597 ], [ -121.472979977733999, 36.929757939403103 ], [ -121.473575977110002, 36.930031939396599 ], [ -121.474636978261003, 36.930539939364401 ], [ -121.475343978427006, 36.9308639387963 ], [ -121.476457977696001, 36.931389939202703 ], [ -121.476636978526997, 36.931481938849601 ], [ -121.476797978004001, 36.931560939151801 ], [ -121.478493978836994, 36.932356939430399 ], [ -121.478901978178996, 36.932553938830097 ], [ -121.481332979, 36.933690938791401 ], [ -121.481817979116002, 36.933924939443202 ], [ -121.485565980431005, 36.935695939257698 ], [ -121.486208979918004, 36.9359909393498 ], [ -121.487231980499004, 36.936466938594798 ], [ -121.487995980603998, 36.936831938965099 ], [ -121.489128980903004, 36.937359938506802 ], [ -121.492602981239997, 36.9390069389123 ], [ -121.493587981424994, 36.9394779384033 ], [ -121.495587982469004, 36.940420938264701 ], [ -121.495796981935001, 36.940524938428503 ], [ -121.496155982106998, 36.9406829384669 ], [ -121.497650982920007, 36.941392938718003 ], [ -121.499616982624005, 36.942309938106902 ], [ -121.500753982747995, 36.942848938790597 ], [ -121.501096983306994, 36.943004938524901 ], [ -121.501771983341996, 36.943322938887803 ], [ -121.502450983857997, 36.943650938018799 ], [ -121.502585983893994, 36.943751938583802 ], [ -121.502641983762999, 36.943786938069103 ], [ -121.502700983761997, 36.943817938187998 ], [ -121.5034329832, 36.944158938651498 ], [ -121.504985983870995, 36.944890938658403 ], [ -121.505333984046999, 36.945052938087798 ], [ -121.507078984085993, 36.945885938403698 ], [ -121.507689984012003, 36.946172938128697 ], [ -121.508787985192001, 36.946689938529097 ], [ -121.509015984756005, 36.946800938327399 ], [ -121.509058984578999, 36.946821938690199 ], [ -121.509535984628997, 36.947042938314802 ], [ -121.509712985229001, 36.947119938025303 ], [ -121.510020985113997, 36.947265937979701 ], [ -121.510519984642002, 36.947484937935897 ], [ -121.511227984667997, 36.947765937849802 ], [ -121.511681985451006, 36.947928938339203 ], [ -121.511858985396998, 36.9479869380568 ], [ -121.512077985744, 36.948044938077103 ], [ -121.512051985325002, 36.948121938603997 ], [ -121.512024985940002, 36.948225938331298 ], [ -121.511980985522996, 36.948363938496499 ], [ -121.511963985386998, 36.948432938146802 ], [ -121.511900985585001, 36.948602938012201 ], [ -121.511848985309001, 36.9487669385788 ], [ -121.511846985212003, 36.948775938160303 ], [ -121.511792984861998, 36.948910938167202 ], [ -121.511789985766001, 36.948945938154701 ], [ -121.511785985231, 36.948997938646897 ], [ -121.511768985100005, 36.949029938745099 ], [ -121.511748985517002, 36.949134938031897 ], [ -121.511733985112997, 36.949193938362598 ], [ -121.511721985397998, 36.949238938563497 ], [ -121.511704985186995, 36.949270938650599 ], [ -121.511705985657997, 36.949312938155401 ], [ -121.511696985368005, 36.949336938590399 ], [ -121.511693985708007, 36.949347938710197 ], [ -121.511697985899005, 36.949381938077302 ], [ -121.511692984950997, 36.949451938732999 ], [ -121.511695985562, 36.949485938352701 ], [ -121.511691984947007, 36.9495389385282 ], [ -121.511688985348997, 36.949606938338299 ], [ -121.511687985069003, 36.949626938798602 ], [ -121.511692985227, 36.949730938123899 ], [ -121.511737985793999, 36.949970938527699 ], [ -121.51174198567, 36.950038938309604 ], [ -121.511755985291003, 36.950071938068596 ], [ -121.511788985145998, 36.950450938723499 ], [ -121.511783985639994, 36.950485938327397 ], [ -121.511793985940997, 36.950623938524998 ], [ -121.511793985235002, 36.950692938149899 ], [ -121.511803985154998, 36.9507619387402 ], [ -121.511814985930997, 36.950934938755303 ], [ -121.511813985651997, 36.951004938322299 ], [ -121.511823985282007, 36.951108938110004 ], [ -121.511837985984997, 36.951177938525603 ], [ -121.511938985444004, 36.951412938236601 ], [ -121.511939985910999, 36.951447938059999 ], [ -121.511967986054003, 36.951475938323 ], [ -121.512030985706005, 36.951608938647702 ], [ -121.512040986192005, 36.951643938794298 ], [ -121.512055985268006, 36.951783938834097 ], [ -121.512067986125004, 36.951817938747297 ], [ -121.512070985389002, 36.951832938782204 ], [ -121.512156986388007, 36.952231938855299 ], [ -121.512166985696993, 36.952301938202801 ], [ -121.512151985935006, 36.952477938712597 ], [ -121.512128986144006, 36.952546938976198 ], [ -121.512127985392993, 36.952588939001899 ], [ -121.512083986280999, 36.952650938831901 ], [ -121.512057986417005, 36.952679938613699 ], [ -121.511923985959001, 36.952774938513699 ], [ -121.511884985967001, 36.952791939046897 ], [ -121.511703985443006, 36.952893938966497 ], [ -121.511546986328995, 36.952960938566697 ], [ -121.511462985692006, 36.952985938287 ], [ -121.511418986028005, 36.952993939107699 ], [ -121.510854985326006, 36.953213938687703 ], [ -121.510771986126002, 36.953239939122298 ], [ -121.510664985614994, 36.953302938729202 ], [ -121.510545986132996, 36.953407939146402 ], [ -121.510483985997993, 36.953456938764099 ], [ -121.510413985474003, 36.953547939171202 ], [ -121.510371986137997, 36.953648938454499 ], [ -121.510336985262995, 36.953713938955303 ], [ -121.510297985834001, 36.9538159389529 ], [ -121.510243986278994, 36.954057939288397 ], [ -121.510240985242007, 36.954127939266101 ], [ -121.510245985311002, 36.954866938782601 ], [ -121.510239986369996, 36.9549369385444 ], [ -121.510242985705005, 36.955077938595103 ], [ -121.510231986177004, 36.955147938704897 ], [ -121.510217985683994, 36.955356939159898 ], [ -121.510214985760996, 36.9554629388225 ], [ -121.510207985958999, 36.955532938836001 ], [ -121.510208985906004, 36.9556729387538 ], [ -121.510200986422007, 36.955741939311601 ], [ -121.510202985882998, 36.9558129385982 ], [ -121.510198986136004, 36.955846939029698 ], [ -121.51019798566, 36.9560239388612 ], [ -121.510264986465998, 36.9564089388453 ], [ -121.510291985969999, 36.956474938859401 ], [ -121.510362986499999, 36.956604938827098 ], [ -121.510471985609001, 36.956756938740803 ], [ -121.510531986290999, 36.956808939247601 ], [ -121.510627986082, 36.9568819386607 ], [ -121.510731985795999, 36.956946939351397 ], [ -121.510880986450999, 36.957020939297003 ], [ -121.511058986663997, 36.957121938695501 ], [ -121.511144986649001, 36.957164938673003 ], [ -121.511280986448, 36.957233939404802 ], [ -121.511352986416995, 36.957273939243898 ], [ -121.511429985941007, 36.957307938708297 ], [ -121.511462986420995, 36.957330939330397 ], [ -121.511614986460998, 36.957401939449198 ], [ -121.511725986542004, 36.957459938731098 ], [ -121.511829986869003, 36.957524939381997 ], [ -121.512076986165994, 36.957731938936703 ], [ -121.512151986304005, 36.957818939267703 ], [ -121.512196986885002, 36.957878938654602 ], [ -121.512275986047001, 36.958001939408298 ], [ -121.512332986607007, 36.958173938935801 ], [ -121.512365986673998, 36.958348939381402 ], [ -121.512403986555, 36.958523939390602 ], [ -121.512431986083996, 36.958734939068499 ], [ -121.512433986564005, 36.958804939493398 ], [ -121.512442986184993, 36.9588399389446 ], [ -121.512405987066998, 36.958890939347299 ], [ -121.512333986559, 36.958978939439199 ], [ -121.512287986762004, 36.9590409388071 ], [ -121.512240986655996, 36.959083938873803 ], [ -121.512230986354993, 36.9590929387454 ], [ -121.512103986575994, 36.959190939272297 ], [ -121.512045986237993, 36.959243939068401 ], [ -121.511901987010006, 36.959328938808703 ], [ -121.511825986608002, 36.959366938803598 ], [ -121.511785986779003, 36.959377939508897 ], [ -121.511740986101998, 36.959391938788897 ], [ -121.511659986783002, 36.959421938813101 ], [ -121.511572986616997, 36.959440939235698 ], [ -121.511264986312995, 36.959486939312697 ], [ -121.511178986774993, 36.959503938891999 ], [ -121.511088986938006, 36.959499939604697 ], [ -121.510826986034004, 36.9594589392904 ], [ -121.510693986841005, 36.959442938907699 ], [ -121.510602986261006, 36.959439939214697 ], [ -121.510425986049995, 36.959451939108298 ], [ -121.510380986198996, 36.959451939473198 ], [ -121.510292985960007, 36.9594679392331 ], [ -121.510167985874006, 36.959506939144802 ], [ -121.510123986840995, 36.959511939406703 ], [ -121.510002986627001, 36.959557939602902 ], [ -121.509931985967, 36.959601939800599 ], [ -121.509901986304001, 36.959627939091803 ], [ -121.509832986090998, 36.959670939038503 ], [ -121.509714986646003, 36.9597759397776 ], [ -121.509677986502993, 36.959807939763799 ], [ -121.509566985871999, 36.9599069396263 ], [ -121.509530986431997, 36.959939938997799 ], [ -121.509413985904004, 36.9600439395062 ], [ -121.509389986505994, 36.960072938988603 ], [ -121.509371986611001, 36.960104939715201 ], [ -121.509347985717994, 36.9601729397748 ], [ -121.509318986129003, 36.960237939220498 ], [ -121.509283985904005, 36.9603009398217 ], [ -121.509262986064002, 36.960391939213203 ], [ -121.509260986464, 36.960404939265402 ], [ -121.509139986305001, 36.960855939373303 ], [ -121.509130986713998, 36.960924939971598 ], [ -121.509017986196994, 36.961552939924402 ], [ -121.509012986485999, 36.961622939244002 ], [ -121.508957986146001, 36.9619819392395 ], [ -121.508906986875004, 36.962321939584598 ], [ -121.508875986023, 36.9624259398839 ], [ -121.508859985968996, 36.962458939720499 ], [ -121.508844986517005, 36.962508939443602 ], [ -121.508816986165996, 36.9625969394598 ], [ -121.508734986020002, 36.962757939366298 ], [ -121.508702986790993, 36.962823939870702 ], [ -121.508675986333003, 36.9628899401255 ], [ -121.508574986689993, 36.963046940147301 ], [ -121.508470985917, 36.963161939400699 ], [ -121.508409986719002, 36.963256940218798 ], [ -121.508336986843005, 36.963344939641203 ], [ -121.508258986114996, 36.9634159400497 ], [ -121.508190986518997, 36.963479940263902 ], [ -121.508174985918998, 36.963513939689498 ], [ -121.508167986634007, 36.9635489394201 ], [ -121.508167986038998, 36.963619939915802 ], [ -121.508157986317002, 36.963653939749001 ], [ -121.508019986655995, 36.963661939885597 ], [ -121.507974986628, 36.963660939608701 ], [ -121.507929986388007, 36.963667939538098 ], [ -121.507886986868996, 36.963673940194703 ], [ -121.507852986025995, 36.963693939887598 ], [ -121.507704986685994, 36.963724940173599 ], [ -121.507251986068994, 36.963769939757398 ], [ -121.506952985929999, 36.963779940173097 ], [ -121.506832986822999, 36.963805940205397 ], [ -121.506798986256996, 36.963784939717499 ], [ -121.506729985918, 36.963783939682699 ], [ -121.505925986053001, 36.963807939665301 ], [ -121.505787985723998, 36.963840940265698 ], [ -121.505727985940993, 36.963873939795803 ], [ -121.505628986096994, 36.963920940329203 ], [ -121.505545986266995, 36.9639819403221 ], [ -121.505389986546007, 36.9641179400206 ], [ -121.505362985641, 36.964155940055001 ], [ -121.505292985666003, 36.9642209404551 ], [ -121.505254986443006, 36.964412939762497 ], [ -121.505280985883005, 36.964440940160301 ], [ -121.505303986043998, 36.964558940147398 ], [ -121.505301986180001, 36.964654940381998 ], [ -121.505265985589006, 36.9647509403651 ], [ -121.505195986141004, 36.964832939881397 ], [ -121.505186985888002, 36.964866940133398 ], [ -121.505142985717001, 36.9649079399058 ], [ -121.505080986443005, 36.965044940398002 ], [ -121.505053986424997, 36.965078939769 ], [ -121.504995986560999, 36.965464940159698 ], [ -121.504994986320995, 36.965505940195399 ], [ -121.504967985863004, 36.965560940207197 ], [ -121.504946985992007, 36.965774939855898 ], [ -121.504933985931999, 36.965797940703503 ], [ -121.504909986583996, 36.965925939819797 ], [ -121.504905986007003, 36.966097940130901 ], [ -121.504856986613007, 36.966462940549803 ], [ -121.504784986228003, 36.966633940312597 ], [ -121.504740985986004, 36.966674940795002 ], [ -121.504627986057997, 36.966811940289098 ], [ -121.504512986308001, 36.9669619404984 ], [ -121.504485986036002, 36.967064940680302 ], [ -121.504458986393999, 36.967126940132601 ], [ -121.504483986799997, 36.967354940551502 ], [ -121.504544985825007, 36.967547940318198 ], [ -121.504569986215003, 36.967575940139199 ], [ -121.504585986850998, 36.967638940702301 ], [ -121.504591986845995, 36.967782940460999 ], [ -121.504564986557, 36.967851940450302 ], [ -121.504416986512993, 36.967966940828802 ], [ -121.504390986497, 36.967980940647202 ], [ -121.504364986460999, 36.967979940645499 ], [ -121.504330986146002, 36.968000940734399 ], [ -121.504055985826994, 36.968065940493801 ], [ -121.503986986317997, 36.968106940961803 ], [ -121.503925986027994, 36.968153940694499 ], [ -121.503751985891, 36.968303940553497 ], [ -121.503619986073005, 36.968467940419401 ], [ -121.503573985931993, 36.968638940641803 ], [ -121.503538985836002, 36.968679940720897 ], [ -121.503460985738997, 36.968839940445697 ], [ -121.503431986747998, 36.968933940758802 ], [ -121.503395985892993, 36.969008940253303 ], [ -121.503360986656006, 36.969049940252702 ], [ -121.503315986274998, 36.969159940337398 ], [ -121.503289986179993, 36.969193940843702 ], [ -121.503280986228006, 36.969221940955201 ], [ -121.503253986225999, 36.969255940735302 ], [ -121.503240986322993, 36.969289940606998 ], [ -121.503120986365005, 36.969529940801699 ], [ -121.503076986337007, 36.969577941091302 ], [ -121.503040986461002, 36.969659940940502 ], [ -121.503014986197996, 36.969679940362496 ], [ -121.502996986126007, 36.969721940417102 ], [ -121.502953986516999, 36.969761941169097 ], [ -121.502935985836999, 36.969809941145797 ], [ -121.502786986613003, 36.969959941121097 ], [ -121.502771986038994, 36.969976941232801 ], [ -121.502690986222007, 36.9700729411339 ], [ -121.502559985817996, 36.970198940584197 ], [ -121.502507986777999, 36.9702639412303 ], [ -121.502463985901997, 36.9703009411339 ], [ -121.502385986345999, 36.9703829410523 ], [ -121.502315986664996, 36.970464941296399 ], [ -121.502296985773, 36.970532940465297 ], [ -121.502242986417002, 36.970676940865403 ], [ -121.502099986190998, 36.971006940872599 ], [ -121.502055985919995, 36.971053941055899 ], [ -121.502046986424006, 36.9710819410369 ], [ -121.502003986163004, 36.971115940601898 ], [ -121.501994985946993, 36.971139940949001 ], [ -121.501968986126002, 36.971169940572601 ], [ -121.501984986394007, 36.971190941081801 ], [ -121.501762986206998, 36.9716549410903 ], [ -121.501500986414001, 36.9718999406008 ], [ -121.499724986592994, 36.973490941725899 ], [ -121.499205986053994, 36.973953941820703 ], [ -121.497767985764, 36.975236941854803 ], [ -121.491899985331997, 36.9804759426383 ], [ -121.489943985447994, 36.982222942488399 ], [ -121.489795985171995, 36.982353942515097 ], [ -121.489461986074005, 36.982652942550402 ], [ -121.489357985799998, 36.982755942595702 ], [ -121.489218985785001, 36.982895942862399 ], [ -121.488961985415003, 36.983152942626702 ], [ -121.487699985489002, 36.982784942673597 ], [ -121.485885984728, 36.982255943031397 ], [ -121.475612983423005, 36.979261943393396 ], [ -121.473533982434006, 36.978656943472501 ], [ -121.473507982730993, 36.978648943473303 ], [ -121.473438982535001, 36.978628943659501 ], [ -121.472813982410003, 36.978446943905801 ], [ -121.472188981955, 36.978264943651801 ], [ -121.472166983064, 36.978250943795601 ], [ -121.472097982387993, 36.978237943665 ], [ -121.472075982955005, 36.978231943913201 ], [ -121.472051982959997, 36.9782249434381 ], [ -121.471947982686999, 36.978193943650098 ], [ -121.471635981996997, 36.978103943678697 ], [ -121.471531982697002, 36.978073944092102 ], [ -121.471516982508007, 36.9780689435973 ], [ -121.471474982619995, 36.978056944064001 ], [ -121.471460981882998, 36.978052943330901 ], [ -121.471400982098999, 36.978037943269001 ], [ -121.471222982826006, 36.9779929439729 ], [ -121.471163982576002, 36.977978943562903 ], [ -121.471144982637995, 36.977973943581297 ], [ -121.471087982840999, 36.977958943618297 ], [ -121.471068982397995, 36.977954943310699 ], [ -121.471030982550005, 36.977944943314199 ], [ -121.470917982013006, 36.977916943612598 ], [ -121.470880982761997, 36.977907943318598 ], [ -121.470659982355002, 36.9778529436349 ], [ -121.470563982749994, 36.977832943391597 ], [ -121.470471981988993, 36.977814943708303 ], [ -121.470160982490995, 36.977752943543102 ], [ -121.470005982238007, 36.977705943456598 ], [ -121.469621982513999, 36.977586943635998 ], [ -121.469311981874, 36.977491944023498 ], [ -121.469241981685002, 36.977454943645697 ], [ -121.469033982051002, 36.9773449439354 ], [ -121.468964981561001, 36.977308944084299 ], [ -121.467951981851996, 36.976776944047003 ], [ -121.467083981185993, 36.977077944228498 ], [ -121.463573981710994, 36.978298943955899 ], [ -121.463918980862999, 36.978855944135198 ], [ -121.463957981540005, 36.9789199441867 ], [ -121.463990981820004, 36.978971944583598 ], [ -121.464599981936999, 36.979954944249101 ], [ -121.464874981405003, 36.980398944511201 ], [ -121.465960982099006, 36.9821529446832 ], [ -121.465621982505994, 36.982548944904501 ], [ -121.464606982012995, 36.983740944431602 ], [ -121.464268981521997, 36.9841379446978 ], [ -121.464208981373005, 36.984206944984699 ], [ -121.464030982420994, 36.984417944591101 ], [ -121.463971982394995, 36.984487944559703 ], [ -121.463928982436997, 36.984537944390503 ], [ -121.463668981973996, 36.984881944503897 ], [ -121.461950981718999, 36.985473945212 ], [ -121.460806981466007, 36.985641944641102 ], [ -121.460058981998998, 36.985752944975303 ], [ -121.459636981803996, 36.986055945390397 ], [ -121.457559981198997, 36.987552945328197 ], [ -121.456959980630998, 36.987452945881998 ], [ -121.456659980837998, 36.986652945773997 ], [ -121.454359980744997, 36.987652945380297 ], [ -121.454021980338993, 36.987753945466899 ], [ -121.453359980973005, 36.987951945510297 ], [ -121.452734980095002, 36.9878629460555 ], [ -121.452681981045004, 36.987881945876097 ], [ -121.452667980697001, 36.987874945730802 ], [ -121.452666980540002, 36.987853946158999 ], [ -121.452603980671995, 36.987860945730702 ], [ -121.452577980957997, 36.987860945740898 ], [ -121.452559981074998, 36.987852945838497 ], [ -121.452194980973999, 36.988763946085598 ], [ -121.452082980045006, 36.9888149457488 ], [ -121.451984980310996, 36.988844945813703 ], [ -121.450619980149, 36.9889489461031 ], [ -121.449131980090996, 36.988215945702798 ], [ -121.449185979963005, 36.987909946002098 ], [ -121.449346980184998, 36.986994946166 ], [ -121.449401979864007, 36.986689946168703 ], [ -121.449472980208, 36.986581946143197 ], [ -121.449687979706994, 36.986259945668102 ], [ -121.449759979673004, 36.9861529462856 ], [ -121.449593979922994, 36.986046945492298 ], [ -121.449096980215003, 36.985728945654202 ], [ -121.448931980156004, 36.985622946047599 ], [ -121.448242979534001, 36.984456946133399 ], [ -121.447358979743996, 36.982959945563998 ], [ -121.445912978403996, 36.9823429461308 ], [ -121.445220978831003, 36.982046945642203 ], [ -121.444624978836003, 36.981792945967896 ], [ -121.444272978447998, 36.981642945894301 ], [ -121.444030978594995, 36.981539945487597 ], [ -121.443976978052007, 36.981514945976997 ], [ -121.442750978307004, 36.980926946365798 ], [ -121.440440978325, 36.979820946400999 ], [ -121.439071977899999, 36.979167945832302 ], [ -121.437844977794995, 36.978583945918899 ], [ -121.437827977506998, 36.978583946066102 ], [ -121.437807977369999, 36.978565945714202 ], [ -121.437795977030007, 36.978560945735403 ], [ -121.437777977194003, 36.978550946134597 ], [ -121.437729977371006, 36.978520945899596 ], [ -121.437709977259999, 36.978514946035403 ], [ -121.437702976880999, 36.978504945929998 ], [ -121.437668977398999, 36.978461946081097 ], [ -121.437622977101, 36.9784049456334 ], [ -121.437537977033998, 36.978312946204298 ], [ -121.437492977385006, 36.978264945762298 ], [ -121.436767977494995, 36.977514945836603 ], [ -121.436622976774999, 36.977364946437199 ], [ -121.436412976482998, 36.977134945619198 ], [ -121.436302976982006, 36.976984946296902 ], [ -121.436192976968002, 36.976774946164099 ], [ -121.435832976715005, 36.976154945789098 ], [ -121.435672976782996, 36.975874945955503 ], [ -121.435152976696997, 36.974894945833199 ], [ -121.435134976309001, 36.9748659458823 ], [ -121.434802976064006, 36.974314945529997 ], [ -121.434632976486, 36.974054945496199 ], [ -121.434575976388999, 36.973987945666302 ], [ -121.433863975644002, 36.973537945556998 ], [ -121.433474976398998, 36.973292946036104 ], [ -121.432771976238996, 36.972748945659802 ], [ -121.432027975609003, 36.9721719463111 ], [ -121.431841975821001, 36.972027945907001 ], [ -121.431444975305993, 36.9717199459932 ], [ -121.431201975785001, 36.971520945626402 ], [ -121.431182975767996, 36.971504945751398 ], [ -121.431144975756993, 36.971472945992197 ], [ -121.431033975638002, 36.971378945429898 ], [ -121.430996975705995, 36.971347945707898 ], [ -121.428965975283006, 36.969626945660103 ], [ -121.424709974083001, 36.9660199455545 ], [ -121.423084972997998, 36.964642945429297 ], [ -121.422875973798, 36.964465945827101 ], [ -121.421555973028006, 36.963347945863902 ], [ -121.420845972912005, 36.962745945682997 ], [ -121.420386972551995, 36.9623569458115 ], [ -121.419009972642996, 36.961189945842797 ], [ -121.418550971884997, 36.960801946026102 ], [ -121.418499972318003, 36.960758945593 ], [ -121.418348972321994, 36.960629946136898 ], [ -121.418298972632996, 36.960587945810303 ], [ -121.418289972333, 36.960580946164598 ], [ -121.418258971846996, 36.960553946229801 ], [ -121.418259972583002, 36.960571946136902 ], [ -121.418263972252007, 36.960625945529202 ], [ -121.418265972642004, 36.960644945630797 ], [ -121.417826972021004, 36.960654945962702 ], [ -121.416509971902002, 36.960685945926897 ], [ -121.416071971763998, 36.960696946313703 ], [ -121.415753972030998, 36.960695945771597 ], [ -121.412749971519005, 36.9606909463538 ], [ -121.402785970137003, 36.960673946805002 ], [ -121.399464969367997, 36.9606689471197 ], [ -121.396286969414007, 36.960663947199102 ], [ -121.386754966978998, 36.9606489484501 ], [ -121.383577966483003, 36.960643948097498 ], [ -121.383602967173999, 36.959848947876601 ], [ -121.383644967235, 36.958806948472201 ], [ -121.383647966237007, 36.958680948082304 ], [ -121.383648966346001, 36.958464948001897 ], [ -121.383654967186004, 36.957813947524997 ], [ -121.383641966827994, 36.957507947910401 ], [ -121.383635966824997, 36.957361947904701 ], [ -121.383624966458001, 36.957206947828197 ], [ -121.383593967113001, 36.956956947768496 ], [ -121.383564966622998, 36.956768947972002 ], [ -121.383504966112994, 36.956482947500902 ], [ -121.383363966085994, 36.955964947867798 ], [ -121.383262965835002, 36.955631948018997 ], [ -121.382889965687994, 36.954490947384897 ], [ -121.382681966307999, 36.953843947894804 ], [ -121.382565966005004, 36.953369948073401 ], [ -121.382546965957999, 36.953235947592702 ], [ -121.382511966329005, 36.9527159475562 ], [ -121.382519965490005, 36.9523649475884 ], [ -121.382538965693996, 36.952216947772598 ], [ -121.382562965877995, 36.952100947440101 ], [ -121.382596965432001, 36.951971947095302 ], [ -121.382627966019001, 36.951874947781597 ], [ -121.382678966243006, 36.951745947757097 ], [ -121.382696965855999, 36.951702947366201 ], [ -121.382945966132993, 36.951137947095198 ], [ -121.383147965743007, 36.950712947784297 ], [ -121.383232965543002, 36.9504979475482 ], [ -121.383259965774002, 36.950440947383498 ], [ -121.383429966321003, 36.950126947714899 ], [ -121.383557965839998, 36.949903946871999 ], [ -121.383901965442007, 36.949304946820199 ], [ -121.384005965794003, 36.949106947292499 ], [ -121.384088965781004, 36.948948946938799 ], [ -121.384234965523007, 36.948635946976403 ], [ -121.384353966266005, 36.948322946753898 ], [ -121.384449966076005, 36.948001946906103 ], [ -121.384479965398995, 36.947873946754797 ], [ -121.384489965815007, 36.947832947024601 ], [ -121.384545965404001, 36.947506947356302 ], [ -121.384566966199003, 36.947336946957201 ], [ -121.384624966055995, 36.946632947074498 ], [ -121.384804966036995, 36.945286947074102 ], [ -121.384885965189, 36.944739947006703 ], [ -121.384942965795005, 36.944310946352303 ], [ -121.384980965457004, 36.944126946857303 ], [ -121.385011965890996, 36.9440179470541 ], [ -121.385183965755004, 36.943411946834097 ], [ -121.385871965739, 36.9410559460851 ], [ -121.386178965444998, 36.940176946198797 ], [ -121.386887964774004, 36.937801945742301 ], [ -121.387417965053999, 36.935984946078399 ], [ -121.387831965309999, 36.934596945207304 ], [ -121.388265964951998, 36.933119945706601 ], [ -121.388814964803004, 36.931291945522197 ], [ -121.389406963954997, 36.929371945044103 ], [ -121.389561964524006, 36.928807944989799 ], [ -121.389584964307005, 36.928722944633797 ], [ -121.389738964474006, 36.928188945197498 ], [ -121.390653964353007, 36.9245269446983 ], [ -121.391177964517993, 36.922483944617198 ], [ -121.391645963938998, 36.920613944293301 ], [ -121.392278963424005, 36.918055944209797 ], [ -121.392419963641998, 36.917547943563498 ], [ -121.392480964089003, 36.917333943805801 ], [ -121.392558963415993, 36.917107944072498 ], [ -121.392738963113004, 36.916656943375699 ], [ -121.392814963893997, 36.916492944081497 ], [ -121.392969963224999, 36.916186943891901 ], [ -121.393169963198005, 36.915821943839497 ], [ -121.393343963186993, 36.9155449435859 ], [ -121.393572963253007, 36.915211943129798 ], [ -121.393795964009001, 36.914917943099098 ], [ -121.393831963752007, 36.914829943601397 ], [ -121.394437963344998, 36.914110943395002 ], [ -121.3948599637, 36.913641942834502 ], [ -121.395400963262006, 36.913024943577199 ], [ -121.395716963840002, 36.912673943042599 ], [ -121.396279963878996, 36.912051942827702 ], [ -121.396509963509004, 36.911802942605497 ], [ -121.396758964068994, 36.911547942498103 ], [ -121.397072963194006, 36.9112499427956 ], [ -121.397495963303001, 36.910878943052197 ], [ -121.397988964302996, 36.910476942475903 ], [ -121.398351963571002, 36.910204943156202 ], [ -121.398771964226995, 36.9099199427827 ], [ -121.399292964416006, 36.909616942905998 ], [ -121.399753963503002, 36.9093559422422 ], [ -121.399838963880001, 36.909312942228802 ], [ -121.400121964030006, 36.909170942902499 ], [ -121.401095963863, 36.908735942268997 ], [ -121.401597963854002, 36.908541942764003 ], [ -121.402299964568002, 36.908296941840902 ], [ -121.402611964539005, 36.908199942237097 ], [ -121.403106964852, 36.908062942126598 ], [ -121.403960964714003, 36.907856941973002 ], [ -121.403448963659002, 36.904765941532901 ], [ -121.403341964389995, 36.904169942074397 ], [ -121.403066963843997, 36.902933941740002 ], [ -121.403106964117995, 36.902864941560701 ], [ -121.402654963480998, 36.900591941285697 ], [ -121.402516962888001, 36.899952941156698 ], [ -121.402429962935997, 36.8995239417929 ], [ -121.402375962709002, 36.899168941398003 ], [ -121.402355963507006, 36.8990039411607 ], [ -121.402329963666006, 36.898791941404802 ], [ -121.402319963574001, 36.898729941450902 ], [ -121.402260963581995, 36.898344941098401 ], [ -121.402005962716999, 36.896780941009503 ], [ -121.401682963154002, 36.894713941425103 ], [ -121.401571962394002, 36.8940709411496 ], [ -121.401479962598998, 36.8934559412466 ], [ -121.401389962720998, 36.892935940888599 ], [ -121.401356961969, 36.892732940522599 ], [ -121.401199962258005, 36.891761941166102 ], [ -121.400976962106995, 36.890288940420902 ], [ -121.400886961634001, 36.889779940415501 ], [ -121.400797962172007, 36.889217940754897 ], [ -121.400785961866006, 36.889161940967 ], [ -121.400589961725998, 36.887941940428199 ], [ -121.400452961132004, 36.887146940300099 ], [ -121.400414961273, 36.886880940100198 ], [ -121.400371961573001, 36.886538940146501 ], [ -121.400346961024994, 36.886334940309702 ], [ -121.400305961477997, 36.885918939976101 ], [ -121.400290961373003, 36.885657940466302 ], [ -121.400272961431995, 36.885010940410602 ], [ -121.400306961618995, 36.884053940453398 ], [ -121.400331961652995, 36.883599940041798 ], [ -121.400342961716007, 36.883447939735703 ], [ -121.400486961360997, 36.881548940098703 ], [ -121.400739960159996, 36.877610940050801 ], [ -121.400579961145993, 36.877599940032198 ], [ -121.400765960704007, 36.874784939396001 ], [ -121.400928960192005, 36.874786939318597 ], [ -121.401045959768993, 36.873146938855299 ], [ -121.401162959934993, 36.871220939359297 ], [ -121.401293960171003, 36.869377938681403 ], [ -121.401332959499996, 36.868778938532301 ], [ -121.401364959964994, 36.867565938449097 ], [ -121.401362959527006, 36.867210938793598 ], [ -121.401420959559005, 36.866311938241601 ], [ -121.401475959856, 36.865289938063498 ], [ -121.401299959027, 36.865286938536201 ], [ -121.401313958906997, 36.8651819380623 ], [ -121.401323959696001, 36.865098938925598 ], [ -121.400903959630995, 36.865096938437802 ], [ -121.400091958969, 36.865057938768402 ], [ -121.399593959035997, 36.865050938717502 ], [ -121.397944958454005, 36.865002938685898 ], [ -121.397601959046995, 36.864984938762099 ], [ -121.395630958907006, 36.864882938644499 ], [ -121.394964958364, 36.864854938624099 ], [ -121.394283958412004, 36.864795938722999 ], [ -121.393747958347006, 36.864735938848597 ], [ -121.393061958659004, 36.864635938754198 ], [ -121.392926957586994, 36.864615938766597 ], [ -121.392285958326994, 36.864332939210001 ], [ -121.391874957902999, 36.864045938677499 ], [ -121.391705957387998, 36.863945939119702 ], [ -121.391329958252996, 36.863632939453403 ], [ -121.391008957615995, 36.863127939130798 ], [ -121.390940957677998, 36.862942939312802 ], [ -121.390876957616996, 36.862783938650303 ], [ -121.390802957850994, 36.862608939350402 ], [ -121.390746957963998, 36.862468939317601 ], [ -121.390742957034007, 36.862411939113301 ], [ -121.390736957100998, 36.862330938706897 ], [ -121.390726957206994, 36.862211939282503 ], [ -121.390711957568001, 36.862036938579003 ], [ -121.390703957344002, 36.861871938904898 ], [ -121.390678956870005, 36.861514938819603 ], [ -121.390779957768999, 36.860053938514199 ], [ -121.390815957271002, 36.859789938786697 ], [ -121.390910957255997, 36.858026938276197 ], [ -121.390916957328997, 36.857764938546602 ], [ -121.390927956572, 36.857458938249302 ], [ -121.390927956853005, 36.8571079386981 ], [ -121.390916957029006, 36.856775938710499 ], [ -121.390903957185998, 36.856398938779698 ], [ -121.390901957384997, 36.856209938155096 ] ] ] } }
]
}
